opis_id,name,address,city,state,rack_id,retail_price,price_sample_count,price_min,price_max,latitude,longitude,geocode_precision
7,WOODSHED OF BIG CABIN,"I-44, EXIT 283 & US-69",Big Cabin,OK,307,3.00733,1,3.00733,3.00733,36.537870,-95.221360,city
9,KWIK TRIP #796,"I-94, EXIT 143 & US-12 & SR-21",Tomah,WI,420,3.28733,1,3.28733,3.28733,43.978580,-90.504020,city
20,PILOT TRAVEL CENTER #1243,"I-8, EXIT 119 & SR-85",Gila Bend,AZ,930,3.89900,2,3.89900,3.89900,32.947820,-112.716830,city
28,LITTLEFIELD EXPRESS #2,"I-540, EXIT 12 & US-71",Fort Smith,AR,645,3.39900,1,3.39900,3.39900,35.385920,-94.398550,city
35,ACI TRUCK STOP,US-46,Columbia,NJ,90,3.07900,1,3.07900,3.07900,40.926210,-75.092680,city
36,SHENANDOAH TRUCK CENTER,"I-81, EXIT 273 & SR-703/SR-292",Mount Jackson,VA,60,2.89900,1,2.89900,2.89900,38.745950,-78.642240,city
44,CIRCLE K #2612042,"I-35,  EXIT 271",Jarrell,TX,595,2.91900,1,2.91900,2.91900,30.824910,-97.604450,city
46,PETRO STOPPING CENTER #348,"I-85,  EXIT 22 & CR-138",Shorter,AL,720,3.15400,1,3.15400,3.15400,32.394860,-85.916900,city
49,TA SEYMOUR TRAVEL CENTER,"I-65, EXIT 50 & US-50 & US-31",Seymour,IN,415,3.95900,1,3.95900,3.95900,38.959220,-85.890250,city
50,TA COUNCIL BLUFFS TRAVEL CENTER,"I-29 & I-80, EXIT 3",Council Bluffs,IA,319,3.72567,1,3.72567,3.72567,41.261940,-95.860830,city
56,TOPS TRUCK STOP,"I-94, EXIT 182 & US-83",Sterling,ND,390,3.51567,1,3.51567,3.51567,46.813880,-100.291500,city
75,Good 2 Go #709,US-50,Montrose,CO,810,3.42400,1,3.42400,3.42400,38.478320,-107.876170,city
77,OASIS TRAVEL PLAZA,US-13,Laurel,DE,243,3.22900,1,3.22900,3.22900,38.556500,-75.571310,city
79,DELAWARE TRUCK PLAZA,US-13 & US-40,New Castle,DE,243,3.24900,1,3.24900,3.24900,39.659480,-75.563590,city
81,One9 #89,"I-75, EXIT 224",Ellenton,FL,225,3.43900,1,3.43900,3.43900,27.521710,-82.527600,city
85,DOWNIEVILLE FUEL STOP,"I-70, EXIT 234",Dumont,CO,800,3.45900,1,3.45900,3.45900,39.764710,-105.600280,city
91,MOLLYS FOOD & FUEL,"I-20 & ST 22, EXIT 55",Crawfordville,GA,135,3.49900,1,3.49900,3.49900,33.554020,-82.895980,city
105,TA SAGINAW I 75 TRAVEL CENTER,"I-75, EXIT 144-B",Bridgeport,MI,260,3.33733,6,3.26900,3.42900,43.359470,-83.881640,city
118,Lupton Truck Stop #567,"I-40, EXIT 359",Lupton,AZ,580,3.29900,1,3.29900,3.29900,35.353910,-109.053700,city
121,PETRO STOPPING CENTER #306,"I-10, EXIT 200",Eloy,AZ,930,3.47400,1,3.47400,3.47400,32.755900,-111.554840,city
127,CIRCLE K #4700095,US-41,Henderson,KY,340,3.60900,1,3.60900,3.60900,37.836150,-87.590010,city
128,THE EFFINGHAM CHROME SHOP,"I-57 & I-70, EXIT 159",Effingham,IL,510,3.43233,3,3.34900,3.54900,39.120040,-88.543380,city
135,LOVES TRAVEL STOP #766,"I-80, EXIT 27",Atkinson,IL,290,3.47567,3,3.38900,3.58900,41.420870,-90.015110,city
147,SPEEDWAY #8039,"I-69, EXIT 234 & SR-67",Daleville,IN,375,3.62400,1,3.62400,3.62400,40.121150,-85.558030,city
149,RAYS TRUCK WASH,"I-69, EXIT 309 & US-30",Fort Wayne,IN,370,3.59233,1,3.59233,3.59233,41.130600,-85.128860,city
151,CUBBYS #2101,"I-80, EXIT 211 & SR-47",Gothenburg,NE,475,3.13233,1,3.13233,3.13233,40.929450,-100.160680,city
159,PILOT TRAVEL CENTERS #87,"I-10, EXIT 343",Jacksonville,FL,75,3.85900,2,3.85900,3.85900,30.332180,-81.655650,city
160,PILOT TRAVEL CENTERS #79,"I-12, EXIT 10 AT MILE 10",Denham Springs,LA,600,3.23233,1,3.23233,3.23233,30.487400,-90.957530,city
164,FLYING J TRAVEL PLAZA #650,"I-94, EXIT 15 B",Lake Station,IN,365,3.80900,1,3.80900,3.80900,41.575040,-87.238920,city
167,FLYING J TRAVEL PLAZA #653,RT 2 & I-65 EXIT 240,Hebron,IN,365,3.43567,1,3.43567,3.43567,41.318650,-87.200310,city
174,Hop-In Food Stores,US-59 & SR-224,Nacogdoches,TX,618,2.85900,1,2.85900,2.85900,31.603510,-94.655490,city
184,SAPP BROS TRAVEL CENTER,"I-29 & I-80, EXIT 1B",Council Bluffs,IA,486,3.71900,1,3.71900,3.71900,41.261940,-95.860830,city
186,COFFEE CUP FUEL STOP #5,"I-90, EXIT 154 & US-16",Moorcroft,WY,822,3.23900,1,3.23900,3.23900,44.263310,-104.950250,city
187,DUDLEYS CORNER,"I-35, EXIT 165 & SR-3",Latimer,IA,433,3.23233,1,3.23233,3.23233,42.763310,-93.368260,city
191,KUM & GO #0302,"I-35, EXIT 193 & SR 106",Clear Lake,IA,433,3.18567,1,3.18567,3.18567,43.138020,-93.379370,city
192,Brew Stuart Truckstop,"I-80, EXIT 93",Stuart,IA,320,3.09900,1,3.09900,3.09900,41.503320,-94.318570,city
195,PETRO STOPPING CENTER #311,"I-40 & I-55, EXIT 280",West Memphis,AR,435,3.36733,1,3.36733,3.36733,35.146480,-90.184540,city
198,SINCLAIR,"I-76, EXIT 115",Atwood,CO,800,3.29900,1,3.29900,3.29900,40.547760,-103.269660,city
199,PETRO STOPPING CENTER #366,"I-70, EXIT 252",Salina,KS,523,3.80567,1,3.80567,3.80567,38.840280,-97.611420,city
203,PILOT TRAVEL CENTERS #31,"I-80/94, EXIT 2",Highland,IN,365,3.81400,2,3.79900,3.82900,41.553650,-87.451980,city
207,MARATHON,SR-32,Sardinia,OH,300,3.56567,1,3.56567,3.56567,39.007840,-83.808540,city
216,CIRCLE K #2721593,"I-10, EXIT 50",Ocean Springs,MS,715,3.41567,1,3.41567,3.41567,30.411310,-88.827810,city
217,NORTH 9TH 24/7,"I-70, EXIT 252",Salina,KS,523,3.02567,1,3.02567,3.02567,38.840280,-97.611420,city
231,DERBY CITYS TRUCK PLAZA,"I-75, EXIT 62 & US-25",Mount Vernon,KY,410,2.99900,1,2.99900,2.99900,38.025630,-84.495220,city
235,PILOT TRAVEL CENTERS #92,"I-75, EXIT 358",Ocala,FL,225,3.38567,2,3.35900,3.41233,29.187200,-82.140090,city
240,LA 1 SOUTH TRUCKSTOP,"I-10, EXIT 153 & SR-1",Port Allen,LA,600,3.03900,1,3.03900,3.03900,30.452140,-91.210110,city
243,SAVE,US-41 & SR-10,Lake Village,IN,399,3.17900,1,3.17900,3.17900,41.137530,-87.448640,city
244,BIG D TRUCK TRAVEL PLAZA,"I-10, EXIT 92 & SR-95",Duson,LA,725,2.98233,1,2.98233,2.98233,30.235760,-92.185400,city
248,Mardi Gras Truck Stop,"I-10, EXIT 236",New Orleans,LA,725,3.72900,1,3.72900,3.72900,29.954650,-90.075070,city
250,GOLDEN OX TRUCK STOP,"I-70/US-40, EXIT 159 & US-183",Hays,KS,523,3.49900,1,3.49900,3.49900,38.879180,-99.326770,city
253,LOVES TRAVEL STOP #450,"I-40, EXIT 280 & I-55, EXIT 4",West Memphis,AR,435,3.32567,1,3.32567,3.32567,35.146480,-90.184540,city
256,BFS FOODS #66,"I-68/US-40, EXIT 22 & US-219",Grantsville,MD,165,3.89900,1,3.89900,3.89900,39.695080,-79.151140,city
257,PILOT TRAVEL CENTER #917- TOWN PUMP,I-15 & 31ST STREET EXIT 277,Great Falls,MT,815,3.63567,1,3.63567,3.63567,47.500240,-111.300810,city
263,CASEYS #3956,I-94 EXIT 16,Bridgman,MI,465,3.55900,1,3.55900,3.55900,41.943100,-86.556970,city
267,CORNER MARKET #117,SR-154 & SR-129,Dodge City,KS,357,3.39900,1,3.39900,3.39900,37.752800,-100.017080,city
269,PILOT TRAVEL CENTERS #24,"I-75, EXIT 15",Monroe,MI,325,3.37900,5,3.24900,3.55900,41.916430,-83.397710,city
278,CARLISLE PLAZA,US-41,Carlisle,IN,510,3.49900,1,3.49900,3.49900,38.968380,-87.405570,city
281,CIRCLE K #4700065,"I-65, EXIT 76 & US-31",Taylorsville,IN,375,3.39900,1,3.39900,3.39900,39.295880,-85.950830,city
289,LOVES TRAVEL STOP #173,"I-70, MM 209",Lawrence,KS,553,3.22900,1,3.22900,3.22900,38.971670,-95.235250,city
292,PETES #56,US-169 & CR-5000,Cherryvale,KS,307,3.23233,1,3.23233,3.23233,37.270340,-95.552480,city
293,LOVES TRAVEL STOP #176,"I-35, MILE MARKER 97",Matfield Green,KS,336,3.25567,1,3.25567,3.25567,38.159180,-96.560570,city
304,FL Roberts,"I-91, EXIT 4",Springfield,MA,100,3.59900,1,3.59900,3.59900,42.101480,-72.589810,city
309,QUIKTRIP #231,"I-635, EXIT 3",Kansas City,KS,400,3.19900,1,3.19900,3.19900,39.114170,-94.627460,city
323,SAPP BROS TRAVEL CENTER,"I-80, EXIT 126",Ogallala,NE,475,3.46567,1,3.46567,3.46567,41.128050,-101.719620,city
326,FLYING J TRAVEL PLAZA #748,"I-15, EXIT 357",Willard,UT,835,3.74900,1,3.74900,3.74900,41.409110,-112.036060,city
341,TA JACKSONVILLE SOUTH TRAVEL CENTER,"I-95, EXIT 329",Saint Johns,FL,75,3.46900,1,3.46900,3.46900,30.081500,-81.547740,city
347,7-ELEVEN #40514,I-90/80-IN TOLL RD MM 22E,Portage,IN,365,3.99067,1,3.99067,3.99067,41.575870,-87.176150,city
358,TA BINGHAMTON TRAVELCENTER,"I-81N, EXIT 2W & I-81S, EXIT 3",Binghamton,NY,32,3.72400,4,3.68900,3.76900,42.098690,-75.917970,city
361,CIRCLE K #2726293,"I-295, EXIT 25",Jacksonville,FL,75,3.31567,1,3.31567,3.31567,30.332180,-81.655650,city
368,WILTON TRAVEL PLAZA,"I-87, EXIT 16",Gansevoort,NY,12,3.77400,2,3.74900,3.79900,43.196180,-73.651780,city
372,GAS DEPOT,"I-94, EXIT 5",Hammond,IN,365,3.99900,1,3.99900,3.99900,41.583370,-87.500040,city
381,7-Eleven #41830,US-69 & US-135,Jacksonville,TX,630,2.91567,1,2.91567,2.91567,31.963780,-95.270500,city
387,Circle K #2709664,"I-8, EXIT 12",Yuma,AZ,930,3.48900,1,3.48900,3.48900,32.725320,-114.624400,city
388,Pilot Travel Centers #14,"I-71, EXIT 131",Sunbury,OH,315,3.71900,1,3.71900,3.71900,40.242560,-82.859070,city
391,PILOT TRAVEL CENTERS #13,"I-71, EXIT 209",Seville,OH,305,3.69900,1,3.69900,3.69900,41.010060,-81.862360,city
403,TRUCKOMAT OF HEBRON,"I-70, EXIT 126 & SR-37",Hebron,OH,315,3.42900,1,3.42900,3.42900,39.961730,-82.491270,city
407,FUEL MART #641,"I-80 & I-280, EXIT 71",Perrysburg,OH,550,3.49900,1,3.49900,3.49900,41.557000,-83.627160,city
421,PETRO STOPPING CENTER #316,"I-40 & I-35, EXIT 127",Oklahoma City,OK,483,3.30233,1,3.30233,3.30233,35.467560,-97.516430,city
424,E EXPRESS,"I-40, EXIT 166",Choctaw,OK,483,2.89900,1,2.89900,2.89900,35.497560,-97.268920,city
425,Neighbors Express,"I-16, EXIT 51",Dublin,GA,85,3.29900,1,3.29900,3.29900,32.540440,-82.903750,city
442,WESTERN COOP,US-385 & SR-2,Alliance,NE,795,3.32400,1,3.32400,3.32400,42.101630,-102.872150,city
455,MR FUEL #753,"I-95, EXIT 104 & SR-207",Ruther Glen,VA,180,3.26567,1,3.26567,3.26567,37.928750,-77.455820,city
456,THE COUNTRY OASIS,US-24,Woodburn,IN,370,3.39900,1,3.39900,3.39900,41.125330,-84.853300,city
458,HAPPY HILLS GAS & COFFEE,I-29 EXIT 110,Rock Port,MO,400,3.39900,1,3.39900,3.39900,40.411110,-95.516930,city
460,TRUCK STOP 44,I-20 EXIT 44,Gilbert,SC,135,3.07900,1,3.07900,3.07900,33.924310,-81.393710,city
461,SPINX #271,"I-26, EXIT 145 & US-601",Orangeburg,SC,42,3.26233,1,3.26233,3.26233,33.491820,-80.855650,city
469,LOAF N JUG #750010,US-160 & SR-17,Alamosa,CO,803,3.25900,1,3.25900,3.25900,37.469450,-105.870020,city
474,KEWANEE 1 STOP,"I-20, EXIT 169 & US-80",Toomsuba,MS,705,3.29900,1,3.29900,3.29900,32.418470,-88.506980,city
478,GASTRAK OF PEMBINA,"I-29, EXIT 215",Pembina,ND,355,3.29900,1,3.29900,3.29900,48.966380,-97.243680,city
483,ALLSUPS #2387,US-54/SR-136/SR-3 & US-64,Guymon,OK,585,2.97567,1,2.97567,2.97567,36.682800,-101.481550,city
486,LA NORIA CONV STORES,"I-35 N, EXIT 4",Laredo,TX,693,3.29900,1,3.29900,3.29900,27.506410,-99.507540,city
489,EDDIES CORNER,US-87 & US-191,Moore,MT,815,3.74900,1,3.74900,3.74900,46.975520,-109.696850,city
491,One9 #403,"I-75, EXIT 117",Heiskell,TN,405,2.99900,1,2.99900,2.99900,36.081750,-84.053800,city
496,PILOT TRAVEL CENTERS #270,"I-40 & I-75, EXIT 374",Knoxville,TN,405,3.43900,1,3.43900,3.43900,35.960640,-83.920740,city
509,LOVES TRAVEL STOPS #256,"I-10, EXIT 140B",Van Horn,TX,640,3.64900,2,3.64900,3.64900,31.040290,-104.830730,city
522,GO MART FOOD STORE #57,"I-70 & ST-285, EXIT 186",Lore City,OH,430,3.17900,1,3.17900,3.17900,39.984790,-81.458450,city
523,CIRCLE K #2723322,"I-985, EXIT 20 & SR-60",Gainesville,GA,18,3.26567,1,3.26567,3.26567,34.297880,-83.824070,city
525,FASTBREAK,US-45 ALT,West Point,MS,705,3.05900,1,3.05900,3.05900,33.607620,-88.650330,city
546,PLAZA 30,US-30,Wanatah,IN,365,3.49900,1,3.49900,3.49900,41.430600,-86.898360,city
557,SAPP BROS TRAVEL CENTER,"I-80, EXIT 73",Peru,IL,290,3.42900,4,3.28900,3.58900,41.327530,-89.128970,city
559,SHELL MORGAN ROAD TRUCK STOP,"I-40, EXIT 142",Maumelle,AR,695,3.20733,1,3.20733,3.20733,34.866760,-92.404320,city
566,TA GARY TRAVEL CENTER,"I-80/I-94, EXIT 6",Gary,IN,365,3.83067,1,3.83067,3.83067,41.593370,-87.346430,city
567,TA ELOY TRAVEL CENTER,"I-10 & I-8, EXIT 203",Eloy,AZ,930,3.45900,1,3.45900,3.45900,32.755900,-111.554840,city
572,PILOT TRAVEL CENTERS #881,"I-69, EXIT 309A",Fort Wayne,IN,370,3.88900,2,3.87900,3.89900,41.130600,-85.128860,city
576,PETRO STOPPING CENTER #343,"I-10, EXIT 76",Egan,LA,600,3.62400,1,3.62400,3.62400,30.236870,-92.505970,city
578,LOVES TRAVEL STOP #449,"I-84, EXIT 17",Troutdale,OR,935,3.77900,1,3.77900,3.77900,45.539290,-122.387310,city
579,FLYING J TRAVEL PLAZA #764,"I-80, EXIT 104 & US-191",Rock Springs,WY,835,3.67067,1,3.67067,3.67067,41.587460,-109.202900,city
586,AMERISTAR TRAVEL PLAZA #120,"I-82, EXIT 80",Prosser,WA,925,4.47900,2,4.39900,4.55900,46.206800,-119.768920,city
588,TA TUSCALOOSA TRAVEL CENTER,"I-20/I-59, EXIT 77",Cottondale,AL,615,2.96400,1,2.96400,2.96400,31.205180,-85.381880,city
591,TA Concordia Travel Plaza,"I-70, EXIT 58 & SR-23",Concordia,MO,400,3.22567,1,3.22567,3.22567,38.983350,-93.568550,city
599,Sapp Bros Travel Center,"I-80, EXIT 59 & SR-17J",Sidney,NE,475,3.50067,1,3.50067,3.50067,41.142760,-102.977980,city
602,JIFFY MART EXIT 18 TRUCK STOP,"I-89/SR-120, EXIT 18 & SR-120",Lebanon,NH,12,3.59900,1,3.59900,3.59900,43.642290,-72.251760,city
614,TA MAYBROOK TRAVEL CENTER,"I-84, EXIT 5",Montgomery,NY,120,4.35900,1,4.35900,4.35900,41.527590,-74.236820,city
628,KWIK FILL #227,"I-90,  EXIT 218",Geneva,OH,305,3.15233,1,3.15233,3.15233,39.662010,-82.433490,city
636,UNION 76,"I-5, EXIT 233 E",Albany,OR,935,3.37900,1,3.37900,3.37900,44.636510,-123.105930,city
651,ONE9 #1366,"I-40, EXIT 126 & US-641",Holladay,TN,460,2.98567,1,2.98567,2.98567,35.870620,-88.145870,city
652,TA KNOXVILLE EAST TRAVEL CENTER,"I-40 & I-75, EXIT 374",Knoxville,TN,405,3.42567,1,3.42567,3.42567,35.960640,-83.920740,city
669,PETRO STOPPING CENTER #350,"I-10,  EXIT 4",Canutillo,TX,640,3.49900,1,3.49900,3.49900,31.911490,-106.600270,city
672,CROWN POINT TRUCK STOP,"I-295/US-130,EXIT 22",Thorofare,NJ,150,3.54900,1,3.54900,3.54900,39.842340,-75.196290,city
680,TA EXPRESS SUMMIT,"I-29, EXIT 207 & US-12",Summit,SD,566,3.20567,1,3.20567,3.20567,45.304410,-97.036470,city
684,7-ELEVEN #35101,"I-86/SR-17, EXIT 16",Randolph,NY,38,4.49900,1,4.49900,4.49900,42.162010,-78.975320,city
689,FLYING EAGLE,"I-235, EXIT 4",Wichita,KS,570,3.49900,1,3.49900,3.49900,37.692240,-97.337540,city
692,BP,US-63,Ottumwa,IA,489,3.39900,1,3.39900,3.39900,41.020010,-92.411300,city
739,Arco #364420,US-23,Greenup,KY,255,3.64900,1,3.64900,3.64900,38.573130,-82.830170,city
748,QUIKTRIP #4231,US-85,Evans,CO,800,3.17233,1,3.17233,3.17233,40.376370,-104.692190,city
769,AYERCO #26,US-61/US-136,Alexandria,MO,345,3.01567,1,3.01567,3.01567,40.359490,-91.455430,city
815,Kwik Trip #1508,"US-18/SR-151, EXIT 58",Barneveld,WI,420,3.48900,1,3.48900,3.48900,43.015550,-89.895400,city
855,SPEEDWAY #7459,US-41 & SR-137,North Chicago,IL,293,3.38900,3,3.28900,3.49900,42.325580,-87.841180,city
863,Ocean Fuel,US-301/SR-73,Sylvania,GA,195,3.49900,1,3.49900,3.49900,32.750440,-81.636780,city
906,PILOT TRAVEL CENTERS #429,"I-40, EXIT 280",West Memphis,AR,435,3.39500,2,3.29100,3.49900,35.146480,-90.184540,city
908,CIRCLE K #2704888,"I-65, EXIT 246 & SR-119",Pelham,AL,615,3.46567,1,3.46567,3.46567,33.285670,-86.809990,city
912,PETRO STOPPING CENTER #319,"I-20/59,  EXIT 100",Mc Calla,AL,615,3.12567,1,3.12567,3.12567,33.348720,-87.014160,city
936,CASEYS #4254,"I-40, EXIT 129",Conway,AR,695,3.03233,1,3.03233,3.03233,35.088700,-92.442100,city
970,CIRCLE K #2702885,"I-17/SR-60, EXIT 199A",Phoenix,AZ,930,3.39233,1,3.39233,3.39233,33.448380,-112.074040,city
977,PILOT TRAVEL CENTERS #328,"I-10, EXIT 17",Quartzsite,AZ,930,3.95900,2,3.95900,3.95900,33.663910,-114.229950,city
981,STINKER #85,"I-15, EXIT 93",Blackfoot,ID,825,3.53233,1,3.53233,3.53233,43.190470,-112.344980,city
982,CIRCLE K #2701948,"I-8, EXIT 7 & SR-195",Yuma,AZ,900,3.56567,1,3.56567,3.56567,32.725320,-114.624400,city
1028,FOUR STATES TRUCK STOP,"I-495, EXIT 4 & SR-9",New Castle,DE,243,3.42400,2,3.39900,3.44900,39.659480,-75.563590,city
1042,Union 76,US-441 & SR-100A,Lake City,FL,75,3.56233,1,3.56233,3.56233,30.189680,-82.639290,city
1043,SHELL DBA ONE9 #1401,I-75 EXIT 414  & US-41,Lake City,FL,75,3.25150,2,3.24400,3.25900,30.189680,-82.639290,city
1047,TA MARIANNA TRAVEL CENTER,"I-10/SR-8, EXIT 142 & SR-71",Marianna,FL,20,3.60733,1,3.60733,3.60733,30.774360,-85.226870,city
1075,PILOT TRAVEL CENTERS #68,"I-16 /SR-404, EXIT 51 & US-441",Dublin,GA,85,3.41567,2,3.39900,3.43233,32.540440,-82.903750,city
1106,CIRCLE K #2705367,"I-20, EXIT 172",Thomson,GA,16,3.39900,1,3.39900,3.39900,33.470690,-82.504570,city
1112,BC AMPRIDE TRUCK PLAZA,US-59/SR-141,Denison,IA,527,3.39900,1,3.39900,3.39900,42.017770,-95.355280,city
1115,KWIK STAR #704,SR-57/SR-14,Parkersburg,IA,565,3.58233,1,3.58233,3.58233,42.577480,-92.786860,city
1121,TRAVELERS OASIS,"I-84, EXIT 182",Eden,ID,787,3.79900,1,3.79900,3.79900,42.605750,-114.210860,city
1128,TA CHICAGO NORTH TRAVEL CENTER,"I-94/US-41, EXIT 1",Wadsworth,IL,444,3.81150,4,3.76900,3.87900,42.428630,-87.923970,city
1132,SPEEDWAY #7423,"I-57, EXIT 83",Ina,IL,293,3.24900,1,3.24900,3.24900,38.151160,-88.903960,city
1136,PILOT TRAVEL CENTER #171,"I-74, EXIT 206",Oakwood,IL,280,3.49900,3,3.39900,3.59900,40.116150,-87.778360,city
1140,CIRCLE K #4701398,"I-55, EXIT 82 & SR-104",Divernon,IL,280,3.49900,1,3.49900,3.49900,39.565610,-89.657320,city
1149,PILOT TRAVEL CENTERS #30,"I-70, EXIT 96",Greenfield,IN,375,3.95900,2,3.95900,3.95900,39.785040,-85.769420,city
1151,SPEEDWAY #8061,"I-70, EXIT 115 & SR-109",Knightstown,IN,375,3.75900,1,3.75900,3.75900,39.795600,-85.526360,city
1154,CIRCLE K #2704691,SR-71 & CR-214,Cedar Creek,TX,595,3.19900,1,3.19900,3.19900,30.087160,-97.500830,city
1156,CIRCLE K #4700028,"I-74/US-421, EXIT 116 & SR-44",Shelbyville,IN,375,3.59900,1,3.59900,3.59900,39.521440,-85.776920,city
1157,One9 #297,"I-70, EXIT 11 & SR-46",Terre Haute,IN,510,3.43567,1,3.43567,3.43567,39.466700,-87.413910,city
1158,PILOT TRAVEL CENTERS #36,US-30  & SR-49,Valparaiso,IN,365,3.86400,2,3.85900,3.86900,41.473090,-87.061140,city
1163,SHORT STOP #13,US-54,Emporia,KS,553,2.83900,1,2.83900,2.83900,38.403900,-96.181660,city
1176,PILOT TRAVEL CENTERS #353,"I-75, EXIT 129",Georgetown,KY,410,3.20567,1,3.20567,3.20567,38.209800,-84.558830,city
1179,PILOT TRAVEL CENTERS #399,"I-65, EXIT 105",Lebanon Junction,KY,415,3.60900,1,3.60900,3.60900,37.834510,-85.731900,city
1196,SOUTHERN BELLE TRUCK STOP,US-61 & SR-964,Saint Francisville,LA,725,3.38400,1,3.38400,3.38400,30.779900,-91.376500,city
1199,ALLTOWN MARKETS #306,"I-190, EXIT 7",Leominster,MA,178,3.68233,1,3.68233,3.68233,42.525090,-71.759790,city
1202,ONE9 #290,"I-95, EXIT 93 & SR-222",Perryville,MD,22,3.59900,1,3.59900,3.59900,39.560110,-76.071340,city
1204,PETRO STOPPING CENTER #321,"I-70 & I-57, EXIT 159",Effingham,IL,574,3.43400,4,3.34900,3.54900,39.120040,-88.543380,city
1208,D AVENUE FUEL PLAZA,US-131,Kalamazoo,MI,465,3.29900,2,3.09900,3.49900,42.291710,-85.587230,city
1210,ROADHAWK TRAVEL CENTER,"I-94, EXIT 56 & SR-51",Paw Paw,MI,465,3.57900,2,3.55900,3.59900,42.217820,-85.891120,city
1217,KWIK TRIP #250,"I-90, EXIT 179",Austin,MN,515,3.37400,1,3.37400,3.37400,43.666630,-92.974640,city
1218,CASEYS #3658,SR-210,Pillager,MN,522,3.29900,1,3.29900,3.29900,46.329970,-94.474170,city
1225,AYERCO #35,US-61 & US-61 BUS,Bowling Green,MO,494,3.01567,1,3.01567,3.01567,39.341990,-91.195140,city
1234,Lamar Travel Plaza,US-71 & US-160,Lamar,MO,416,3.19900,1,3.19900,3.19900,37.495050,-94.276610,city
1236,AYERCO #44,US-36 & US-24,Palmyra,MO,494,3.01567,1,3.01567,3.01567,39.794210,-91.523210,city
1240,TEMP STOP #103,US-65,Sedalia,MO,400,3.19900,1,3.19900,3.19900,38.704460,-93.228260,city
1247,SNAPPY MART #11,US-63 & SR-14,West Plains,MO,535,3.29900,1,3.29900,3.29900,36.728120,-91.852370,city
1251,MAPCO #3009,US-72,Corinth,MS,435,3.15400,1,3.15400,3.15400,34.934250,-88.522270,city
1256,DOUBLE QUICK #89,US-82/US-278,Greenville,MS,655,3.25567,1,3.25567,3.25567,33.408980,-91.059780,city
1265,JOE JOES TRAVEL CENTER,US-78 & RED BANKS RD S,Red Banks,MS,435,2.97233,1,2.97233,2.97233,34.828150,-89.564530,city
1304,LOVES TRAVEL STOP #667,"I-85, EXIT 152",Mebane,NC,65,3.94733,1,3.94733,3.94733,36.095970,-79.266960,city
1315,CIRCLE K #2720218,US-421 BUS & US-15/US-501/US-1,Sanford,NC,177,3.08233,1,3.08233,3.08233,35.479880,-79.180300,city
1325,SCOTCHMAN #3303,US-421 & US-74,Wilmington,NC,245,3.62900,1,3.62900,3.62900,34.235560,-77.946040,city
1326,SPEEDWAY #7949,US-301/US-264 ALT & CR-1674,Wilson,NC,205,3.19900,1,3.19900,3.19900,35.721270,-77.915540,city
1333,PUMP & PANTRY #15,US-30,Grand Island,NE,330,3.30733,1,3.30733,3.30733,40.925010,-98.342010,city
1340,BORDENTOWN VALERO,"NJ TNPK, EXIT 7 & US-206",Bordentown,NJ,230,3.49900,1,3.49900,3.49900,40.146220,-74.711830,city
1342,Delta,"I-80, EXIT 47B",Fairfield,NJ,115,3.20233,1,3.20233,3.20233,40.883710,-74.305980,city
1344,BOLLA TRUCK STOP #193,US-202 & SR-17,Mahwah,NJ,115,3.53233,1,3.53233,3.53233,41.088710,-74.143760,city
1348,GLOBAL,SR-73,Palmyra,NJ,150,3.35900,1,3.35900,3.35900,40.007060,-75.028230,city
1356,LOVES TRAVEL STOP #257,"I-40 & HORIZON, EXIT 79",Milan,NM,580,3.59067,1,3.59067,3.59067,35.169760,-107.890890,city
1364,7- ELEVEN #40507,"I-80/I-90, MM 56 WB",Rolling Prairie,IN,465,3.98233,1,3.98233,3.98233,41.670880,-86.615850,city
1372,PILOT TRAVEL CENTER #469,"I-77, EXIT 101 & SR-627",Canton,OH,249,3.62233,1,3.62233,3.62233,40.798950,-81.378450,city
1376,FUEL MART #782,"I-75, EXIT 118",Lima,OH,411,3.08567,1,3.08567,3.08567,40.742550,-84.105230,city
1379,TA LODI TRAVEL CENTER,"I-71, EXIT 209 & I-76/US-224, EXIT 1",Seville,OH,305,3.73900,1,3.73900,3.73900,41.010060,-81.862360,city
1384,SUNOCO,"I-80/I-90, EXIT 13 & US-20ALT/SR-15",Montpelier,OH,550,3.41567,1,3.41567,3.41567,41.584500,-84.605510,city
1391,ONCUE EXPRESS #2045,"I-35, EXIT 203 & SR-15",Billings,OK,500,3.21567,1,3.21567,3.21567,36.528920,-97.443940,city
1395,DOMINO FOOD AND FUEL #1,"I-40, EXIT 66",Clinton,OK,483,3.09900,1,3.09900,3.09900,35.515610,-98.967310,city
1404,ONE9 #339,"I-74, EXIT 4 & SR-63",Covington,IN,375,3.26233,1,3.26233,3.26233,40.141700,-87.394740,city
1414,SAC SHOP #507,"I-70, EXIT 12/161",Breezewood,PA,14,4.09900,1,4.09900,4.09900,39.999250,-78.238620,city
1424,GETTYSBURG TRAVEL PLAZA,US-15 & SR-394,Gettysburg,PA,70,3.89900,1,3.89900,3.89900,39.830930,-77.231100,city
1428,CIRCLE K #4702408,"I-65, EXIT 168 & SR-38/SR-25",Lafayette,IN,375,3.43233,1,3.43233,3.43233,40.416700,-86.875290,city
1432,KWIK FILL #259,"I-81, EXIT 57",Mechanicsburg,PA,70,4.04900,1,4.04900,4.04900,40.214260,-77.008590,city
1444,PILOT TRAVEL CENTERS #346,"I-20, EXIT 92 & US-601",Lugoff,SC,135,3.43233,1,3.43233,3.43233,34.227370,-80.689250,city
1445,PILOT TRAVEL CENTERS #402,"I-80, EXIT 367",Cheyenne,WY,795,3.70900,1,3.70900,3.70900,41.139980,-104.820250,city
1447,HOT SPOT #3005,US-221,Chesnee,SC,210,3.19900,1,3.19900,3.19900,35.148450,-81.860940,city
1453,EXPRESS STOP,US-278/SR-101/SR-6 & SR-113,Rockmart,GA,193,3.31900,1,3.31900,3.31900,34.002600,-85.041610,city
1455,PETRO FLORENCE,"I-95, EXIT 169",Florence,SC,46,3.32567,1,3.32567,3.32567,34.195430,-79.762560,city
1461,CIRCLE K #2705370,"I-26, EXIT 15 & US-176",Inman,SC,210,3.09900,1,3.09900,3.09900,35.047060,-82.090110,city
1464,CIRCLE K #2723254,"I-20, EXIT 55 & SR-6",Lexington,SC,135,3.19900,1,3.19900,3.19900,33.981540,-81.236210,city
1470,CIRCLE K #2705348,US-1,Beech Island,SC,135,3.15900,1,3.15900,3.15900,33.427360,-81.890950,city
1479,TA SPARTANBURG TRAVEL CENTER,"I-85, EXIT 63 & SR-290",Duncan,SC,210,3.43233,1,3.43233,3.43233,34.937900,-82.145110,city
1487,ROADRUNNER MARKET #6019,"I-81, EXIT 36 NORTH",Greeneville,TN,405,3.49900,1,3.49900,3.49900,36.163160,-82.830990,city
1492,MAPCO #3538,"I-24, EXIT 174",Chattanooga,TN,285,2.89900,1,2.89900,2.89900,35.045630,-85.309680,city
1507,CIRCLE K #4703941,"I-55, EXIT 5A",Memphis,TN,435,3.18900,1,3.18900,3.18900,35.149530,-90.048980,city
1516,LOVES TRAVEL STOP #261,I-27 EXIT 116,Amarillo,TX,585,3.23233,1,3.23233,3.23233,35.222000,-101.831300,city
1531,CircleK #4702365,"I-74, EXIT 112 & SR-9",Shelbyville,IN,375,3.50900,1,3.50900,3.50900,39.521440,-85.776920,city
1533,YESWAY #1157,US-62,Brownfield,TX,700,2.99233,1,2.99233,2.99233,33.181200,-102.274350,city
1546,SHELL,"I-35, EXIT 86 & SR-85",Dilley,TX,740,3.09900,1,3.09900,3.09900,28.667480,-99.170590,city
1548,TOOT N TOTUM #107,US-287,Dumas,TX,585,3.03233,1,3.03233,3.03233,35.865590,-101.973240,city
1552,STRIPES #40911,US-59 & SR-16,Freer,TX,625,3.09900,1,3.09900,3.09900,27.882800,-98.617790,city
1555,SEIBERT TRAVEL PLAZA,"I-70, EXIT 405 & SR-59",Seibert,CO,800,3.49900,1,3.49900,3.49900,39.299160,-102.869100,city
1560,CATTREZ,US-20 & SR-5,Irving,NY,38,2.94900,2,2.89900,2.99900,42.567560,-79.112820,city
1562,I MART #108,"I-40, EXIT 108",Wildersville,TN,435,3.09900,1,3.09900,3.09900,35.781450,-88.360320,city
1567,KUM & GO #4110,"I-235, EXIT 11",Des Moines,IA,320,3.02733,1,3.02733,3.02733,41.600540,-93.609110,city
1579,FLYING J TRAVEL PLAZA #924- TOWN PUMP,"I-15, EXIT 122 & I-90 MM220",Butte,MT,816,3.56567,1,3.56567,3.56567,46.003820,-112.534740,city
1582,LOVES TRAVEL STOP #250,I-40 EXIT 60,Amarillo,TX,585,3.31400,1,3.31400,3.31400,35.222000,-101.831300,city
1585,Stripes 7Fleet #42498,US-385 & CR-1910,Andrews,TX,710,3.36900,1,3.36900,3.36900,32.318720,-102.545720,city
1590,ROAD RANGER #240,"I-80 & I-94, EXIT 15-A",Lake Station,IN,365,3.55900,1,3.55900,3.55900,41.575040,-87.238920,city
1596,FLYING J #305,"I-40, EXIT 39",Jamestown,NM,580,3.44233,1,3.44233,3.44233,35.470800,-108.442060,city
1597,7-ELEVEN #36156,"I-70 & SR-519, EXIT 25/333",Eighty Four,PA,165,4.99900,1,4.99900,4.99900,40.181740,-80.133110,city
1599,ONVO TRAVEL PLAZA,"I-81, EXIT 10",Mc Graw,NY,220,3.44900,2,3.43900,3.45900,42.596180,-76.093260,city
1602,CIRCLE K #2723387,US-98,Beaumont,MS,620,3.56567,1,3.56567,3.56567,31.169350,-88.920040,city
1606,DONNAS TRAVEL PLAZA,"I-5, EXIT 202",Marysville,WA,962,4.55900,1,4.55900,4.55900,48.051760,-122.177080,city
1610,TA BALTIMORE TRAVEL CENTER,"I-95, EXIT 57",Baltimore,MD,22,4.75900,1,4.75900,4.75900,39.290380,-76.612190,city
1618,GO MART FOOD STORE #33,US-33,Ripley,WV,44,3.49900,1,3.49900,3.49900,38.818700,-81.710690,city
1621,CIRCLE K #2709337,"I-65, EXIT 262B",Birmingham,AL,615,3.48900,1,3.48900,3.48900,33.520660,-86.802490,city
1622,RACEWAY #6973,US-380 & SR-114/SR-101,Bridgeport,TX,630,2.78233,1,2.78233,2.78233,33.210120,-97.754760,city
1623,SAPP BROS TRAVEL CENTER,"I-70 & I-270, EXIT 278",Commerce City,CO,800,3.38900,1,3.38900,3.38900,39.808320,-104.933870,city
1625,PILOT TRAVEL CENTERS #60,"I-26, EXIT 159",Bowman,SC,42,3.43233,1,3.43233,3.43233,33.348770,-80.682870,city
1632,PILOT TRAVEL CENTERS #266,"I-10, EXIT 139 & SR-292",Las Cruces,NM,640,3.19067,1,3.19067,3.19067,32.312320,-106.778340,city
1633,7-ELEVEN #36302,"I-35, EXIT 144",Von Ormy,TX,740,3.10900,1,3.10900,3.10900,29.289130,-98.644460,city
1634,PILOT TRAVEL CENTERS #40,"I-94, EXIT 322",Oak Creek,WI,444,3.88900,1,3.88900,3.88900,42.885850,-87.863140,city
1644,ALLSUPS CONVENIENCE STORE #2414,"I-20, EXIT 235",Roscoe,TX,575,2.92900,1,2.92900,2.92900,32.445950,-100.538720,city
1646,SPEEDWAY #8310,US-6  & US-31,Plymouth,IN,465,3.60900,1,3.60900,3.60900,41.343660,-86.309730,city
1647,SPEEDWAY #8305,US-41 & SR-312,Hammond,IN,290,3.76567,1,3.76567,3.76567,41.583370,-87.500040,city
1653,ROAD RANGER #187,"I-55, EXIT 289",Chicago,IL,520,3.58400,2,3.56900,3.59900,41.850030,-87.650050,city
1654,CEFCO #3,US-77/US190/SR-36,Cameron,TX,670,2.98900,1,2.98900,2.98900,30.853250,-96.976930,city
1661,CHEVRON,"I-20, EXIT 101 & SR-151",Calhoun,LA,590,3.15900,1,3.15900,3.15900,32.512650,-92.358470,city
1669,BETTY BEAVERS TRUCKSTOP,"I-90, EXIT 28",Fultonville,NY,12,3.16900,2,3.14900,3.18900,42.947850,-74.370410,city
1670,Petro Stopping Center #54,"I-44, EXIT 4 & SR-3",Joplin,MO,277,3.44900,1,3.44900,3.44900,37.084230,-94.513280,city
1671,LOVES TRAVEL STOP #412,"I-95, EXIT 77",Dunn,NC,205,3.69900,1,3.69900,3.69900,35.306270,-78.608900,city
1672,HANA TRAVEL PLAZA,"I-40,  EXIT 77",Amarillo,TX,585,2.89900,1,2.89900,2.89900,35.222000,-101.831300,city
1699,ALLENS FOOD MART280,US-280/US-231/SR-53/SR-38 & CR-8/CR-34,Sylacauga,AL,615,3.79900,1,3.79900,3.79900,33.173170,-86.251640,city
1700,TOPPS FUEL STOPS,US-259/SR-49,Daingerfield,TX,723,3.10900,1,3.10900,3.10900,33.031790,-94.721870,city
1720,TOOT N TOTUM #120,US-54 & S WESTERN AVE,Liberal,KS,585,3.01567,1,3.01567,3.01567,37.043080,-100.921000,city
1749,HIGHWAY 96 FUEL STOP,US-96 & SR-62/FM-1004,Buna,TX,610,3.14900,1,3.14900,3.14900,30.432980,-93.962400,city
1753,PWI #169,"I-35/US-77, EXIT 359 & CR-1304",Abbott,TX,765,2.89900,1,2.89900,2.89900,31.884880,-97.073340,city
1773,M-46 AUTO TRUCK PLAZA,"US-131, EXIT 120 & SR-46",Howard City,MI,344,3.29900,3,3.09900,3.59900,43.395580,-85.467820,city
1791,PILOT TRAVEL CENTERS #257,"I-20, EXIT 126 & FM-1788",Midland,TX,710,3.56567,1,3.56567,3.56567,31.997350,-102.077910,city
1807,LOVES TRAVEL STOP #229,I-40 EXIT 96 & SR-207,Panhandle,TX,585,3.31400,1,3.31400,3.31400,35.345600,-101.380440,city
1810,KENT KWIK #804,US-83,Perryton,TX,585,2.99900,1,2.99900,2.99900,36.400030,-100.802650,city
1829,PILOT TRAVEL CENTERS #96,"SR- 60 & FL TURNPIKE, EXIT 193",Okeechobee,FL,143,3.70900,2,3.69900,3.71900,27.243930,-80.829780,city
1832,CORNER FUEL CENTER,US-49,Hattiesburg,MS,620,3.29900,1,3.29900,3.29900,31.327120,-89.290340,city
1834,PUMP N PANTRY #15,"I-20, EXIT 617 & US-59",Marshall,TX,766,2.89900,1,2.89900,2.89900,32.544870,-94.367420,city
1849,Stripes #42457,US-67/US-277,San Angelo,TX,740,3.24400,1,3.24400,3.24400,31.463770,-100.437040,city
1855,EXIT 76 AUTO TRUCK PLAZA,US-131,Byron Center,MI,344,3.49900,1,3.49900,3.49900,42.812250,-85.722810,city
1858,FLYING J TRAVEL PLAZA #737,"I-10, EXIT 583",San Antonio,TX,740,3.22400,1,3.22400,3.22400,29.424120,-98.493630,city
1859,GO MART FOOD STORE #44,"I-79, EXIT 67 & US-19/SR-4",Sutton,WV,44,3.55900,1,3.55900,3.55900,38.664540,-80.709820,city
1860,MR FUEL #278,"I-75/71, EXIT 175 & SR-338",Walton,KY,300,3.01900,1,3.01900,3.01900,38.875620,-84.610220,city
1861,PETRO STOPPING CENTER #315,"I-40, EXIT 66",Kingman,AZ,910,3.89900,1,3.89900,3.89900,35.189440,-114.053010,city
1866,PRI MART FUEL CENTER,"I-94, EXIT 29",Benton Harbor,MI,465,3.64900,2,3.49900,3.79900,42.116710,-86.454190,city
1873,JDS TRUCKSTOP,"US-12 & US-31, EXIT 3",Niles,MI,465,3.79900,2,3.74900,3.84900,41.829770,-86.254180,city
1874,CIRCLE K #2744529,US-175,Seagoville,TX,630,2.95067,1,2.95067,2.95067,32.639580,-96.538320,city
1879,HOLIDAY STATIONSTORE #3552,"I-35, EXIT 81 & SR-70",Lakeville,MN,448,3.54900,1,3.54900,3.54900,44.649690,-93.242720,city
1888,STRIPES 7FLEET #42449,US-87,Sterling City,TX,710,3.28067,1,3.28067,3.28067,31.836250,-100.984830,city
1889,TOOT N TOTUM #105,US-54 & US-287,Stratford,TX,585,2.96567,1,2.96567,2.96567,36.336140,-102.072120,city
1893,MIKE MCDONALD TRUCK STOP,"I-20, EXIT 509",Terrell,TX,637,2.87067,1,2.87067,2.87067,32.735960,-96.275260,city
1894,CIRCLE K #2741544,"I-37 & SR-72, EXIT 69",Three Rivers,TX,747,3.06567,1,3.06567,3.06567,28.460270,-98.182510,city
1897,YESWAY #1077,"I-20/US-84, EXIT 278",Tye,TX,575,2.87567,1,2.87567,2.87567,32.457620,-99.871480,city
1905,LUCKY TRUCK STOP,US-82,Whitesboro,TX,630,2.88567,1,2.88567,2.88567,33.656220,-96.906950,city
1909,RALLYSTOP #1,"I-15, EXIT 62",Cedar City,UT,791,3.45900,1,3.45900,3.45900,37.677480,-113.061890,city
1914,LOVES TRAVEL STOP #792,"I-70, EXIT 160",Green River,UT,835,3.70900,1,3.70900,3.70900,38.995250,-110.161800,city
1921,BELL TRUCK STOP,"I-80, EXIT 146",Park City,UT,835,3.45233,1,3.45233,3.45233,40.646060,-111.497970,city
1923,SCENIC QUIK STOP,"I-70, EXIT 54 & US-89",Salina,UT,835,3.45900,1,3.45900,3.45900,38.957740,-111.859930,city
1930,CASEYS #3058,"I-35, EXIT 19 & US-160 E",Wellington,KS,570,3.29900,1,3.29900,3.29900,37.265300,-97.371710,city
1931,RBS ONE STOP,"I-15, EXIT 320",Woods Cross,UT,835,3.45900,1,3.45900,3.45900,40.871610,-111.892160,city
1934,CIRCLE K #2723710,"I-77, EXIT 24",Austinville,VA,185,3.24067,1,3.24067,3.24067,36.851230,-80.912020,city
1936,QUICK STOP MARKET #36,"I-81, EXIT 10 & US-11",Bristol,VA,185,3.39900,1,3.39900,3.39900,36.596490,-82.188470,city
1940,7-ELEVEN #40063,"I-81, EXIT 98 & SR-100",Dublin,VA,65,3.19900,1,3.19900,3.19900,37.105680,-80.685340,city
1944,LOVES TRAVEL STOPS #399,"I-77, EXIT 1 & SR-620",Lambsburg,VA,65,3.58900,2,3.58900,3.58900,36.585410,-80.761180,city
1950,7-ELEVEN #34515,"I-81, EXIT 205",King George,VA,180,3.39900,1,3.39900,3.39900,38.268180,-77.184420,city
1951,CIRCLE K #2723713,"I-81, EXIT 205",Staunton,VA,185,3.38567,1,3.38567,3.38567,38.149910,-79.073200,city
1953,FAS MART #3555,"I-64, EXIT 136 & US-15",Gordonsville,VA,180,3.69900,1,3.69900,3.69900,38.137360,-78.187780,city
1954,Joe's Kwik Mart #8409,US-58 & CR-645,Suffolk,VA,130,3.03233,1,3.03233,3.03233,36.728360,-76.584960,city
1956,PILOT TRAVEL CENTER #4642,"I-81, EXIT 291",Toms Brook,VA,60,3.65900,1,3.65900,3.65900,38.946500,-78.439170,city
1958,SPEEDWAY #4618,"I-81 & I-77, EXIT 77",Wytheville,VA,185,3.41233,1,3.41233,3.41233,36.948450,-81.084810,city
1960,MAPLEWOOD IRVING,"I-89, EXIT 7",Montpelier,VT,170,3.69900,1,3.69900,3.69900,44.260060,-72.575390,city
1962,SUPER QUIK,"I-64, EXIT 172 & SR-1/SR-7",Grayson,KY,255,3.79900,1,3.79900,3.79900,38.332580,-82.948500,city
1976,One9 #963,"I-90, EXIT 276",Spokane,WA,970,3.97400,2,3.95900,3.98900,47.659660,-117.429080,city
1977,GEE CEES TRUCK STOP,"I-5, EXIT 57",Toledo,WA,977,3.83900,1,3.83900,3.83900,46.439830,-122.846780,city
1983,KWIK TRIP #427,"US-53, EXIT 110 & SR-40",Bloomer,WI,295,3.41567,1,3.41567,3.41567,45.100240,-91.488770,city
1985,Camp Douglas BP,"I-90 & I-94, EXIT 55",Camp Douglas,WI,420,3.15400,1,3.15400,3.15400,43.922470,-90.271520,city
2000,RIVER CITY TRAVEL PLAZA,US-41,Marinette,WI,360,3.39900,1,3.39900,3.39900,45.099980,-87.630660,city
2002,KWIK TRIP #222,US-53/US-2,Superior,WI,334,3.33900,1,3.33900,3.33900,46.720770,-92.104080,city
2009,KWIK TRIP #139,"I-43, EXIT 120 & CR-V/CR-OK",Sheboygan,WI,444,3.29067,1,3.29067,3.29067,43.750830,-87.714530,city
2020,BFS FOODS #72,"I-68, EXIT 23 & SR-26",Bruceton Mills,WV,165,3.49900,1,3.49900,3.49900,39.658690,-79.641160,city
2021,GO MART FOOD STORE #59,"I-64, EXIT 15 & US-60",Huntington,WV,255,3.49900,1,3.49900,3.49900,38.419250,-82.445150,city
2022,GO MART FOOD STORE #86,"I-79, EXIT 40 & SR-16",Ivydale,WV,44,3.59900,1,3.59900,3.59900,38.535650,-81.034830,city
2029,HOMAX SERVICE,"I-25, EXIT 188",Mills,WY,790,3.16900,1,3.16900,3.16900,42.840520,-106.365860,city
2030,GHOST TOWN FUEL STOP,US-26/US-20,Casper,WY,790,3.42900,1,3.42900,3.42900,42.866630,-106.313080,city
2034,TA CHEYENNE TRAVEL CENTER,"I-80, EXIT 377 & SR-217/CR-140",Cheyenne,WY,795,3.69900,1,3.69900,3.69900,41.139980,-104.820250,city
2040,Fast Stop Travel Centers #1133,"I-25, EXIT 126 & US-18/20",Douglas,WY,790,3.49900,1,3.49900,3.49900,42.759690,-105.382210,city
2041,PINE BLUFFS SINCLAIR,"I-80, EXIT 401 & US-30",Pine Bluffs,WY,795,3.69900,1,3.69900,3.69900,41.181930,-104.069120,city
2044,One9 #1251,"I-80, EXIT 173",Wamsutter,WY,795,3.49900,1,3.49900,3.49900,41.673010,-107.979250,city
2074,STRIPES #40522,"I-10, EXIT 550",San Antonio,TX,740,3.05900,1,3.05900,3.05900,29.424120,-98.493630,city
2076,ALLSUPS CONVENIENCE STORE #2159,US-283 BUS/US-277 BUS & SR-422,Seymour,TX,770,3.29900,1,3.29900,3.29900,33.594260,-99.260350,city
2078,ALLSUPS CONVENIENCE STORE #2366,US-84 & CR-3300,Slaton,TX,700,2.96900,1,2.96900,2.96900,33.437310,-101.643490,city
2084,Main Street Market #112,"I-20, EXIT 73",Wickett,TX,710,2.87900,1,2.87900,2.87900,31.570130,-103.000990,city
2087,LWS TRUCK STOP,SR-30,Logan,UT,835,3.42567,1,3.42567,3.42567,41.735490,-111.834390,city
2088,FLYING J TRAVEL PLAZA #773,"I-70, EXIT 40",Richfield,UT,835,3.69900,1,3.69900,3.69900,38.772470,-112.084090,city
2089,FLYING J TRAVEL PLAZA #774,"I-84, EXIT 7",Snowville,UT,835,3.74900,1,3.74900,3.74900,41.965480,-112.709700,city
2115,KWIK TRIP #838,SR-23/SR-33,Reedsburg,WI,420,3.19400,1,3.19400,3.19400,43.532480,-90.002630,city
2125,BIG D #44,"I-80, EXIT 311 & SR-130",Laramie,WY,795,3.24900,1,3.24900,3.24900,41.311370,-105.591100,city
2144,Mountain View Truck Stop,US-15,Thurmont,MD,60,4.09900,1,4.09900,4.09900,39.623710,-77.410820,city
2152,SPEEDWAY #4709,"I-90, EXIT 102",Fairmont,MN,425,3.29900,1,3.29900,3.29900,43.652180,-94.461080,city
2167,PILOT TRAVEL CENTERS #134,"I-94, EXIT 171 (CR 75)",Saint Cloud,MN,451,3.28733,1,3.28733,3.28733,45.560800,-94.162490,city
2182,PILOT TRAVEL CENTER #4649,"I-64 & I-81, EXIT 205",Raphine,VA,185,3.65900,1,3.65900,3.65900,37.937350,-79.232810,city
2192,GO MART FOOD STORE #51,US-19/SR-129,Mount Nebo,WV,44,3.59900,1,3.59900,3.59900,38.200110,-80.851210,city
2194,A AND A TRUCKSTOP,US-35 & CR-41,Jackson,OH,315,3.79900,1,3.79900,3.79900,39.052020,-82.636550,city
2196,Certified Oil #400410,I-76 EXIT 43,Ravenna,OH,249,3.31567,1,3.31567,3.31567,41.157560,-81.242050,city
2204,NATURAL BRIDGE SHELL,US-278 & SR-5,Lynn,AL,615,3.68233,1,3.68233,3.68233,34.047050,-87.549740,city
2209,Roadrunner #471,"I-40/US-65, EXIT 142 & SR-365",North Little Rock,AR,695,3.03233,1,3.03233,3.03233,34.769540,-92.267090,city
2219,PILOT TRAVEL CENTERS #66,"I-85, EXIT 129",Braselton,GA,16,3.27233,2,3.27233,3.27233,34.109270,-83.762670,city
2223,PO JOS GAS N GO,"I-16 SR-404, EXIT 116 & US-301/SR-73",Register,GA,195,3.23233,1,3.23233,3.23233,32.367120,-81.884000,city
2227,SPEEDWAY #7448,SR-59,Naperville,IL,293,3.32900,2,3.29900,3.35900,41.785860,-88.147290,city
2231,QUIKTRIP #605,"I-270, EXIT 33",Saint Louis,MO,540,2.89900,1,2.89900,2.89900,38.627270,-90.197890,city
2255,S&G #36,"I-280, EXIT 2 & SR-795",Millbury,OH,550,3.49233,1,3.49233,3.49233,41.566160,-83.424650,city
2267,Circle K #4703917,"I-65, EXIT 112 & SR-25",Cross Plains,TN,460,2.94900,1,2.94900,2.94900,36.548660,-86.696110,city
2283,CIRCLE K #2707321,SR-60,Bartow,FL,225,3.52233,1,3.52233,3.52233,27.896410,-81.843140,city
2287,SAC SHOP #511,"I-76/I-70, EXIT 146 & I-99/US-220 EXIT 1",Bedford,PA,14,4.09900,1,4.09900,4.09900,40.018690,-78.503910,city
2306,SCOTCHMAN #3894,"I-77, EXIT 73 & SR-901",Rock Hill,SC,210,3.07900,1,3.07900,3.07900,34.924870,-81.025080,city
2310,MAPCO #3686,"I-24, EXIT 175",Chattanooga,TN,285,2.88900,1,2.88900,2.88900,35.045630,-85.309680,city
2311,SHELL,"I-24 & EPPS MILL RD, EXIT 89",Christiana,TN,460,3.13233,1,3.13233,3.13233,35.710070,-86.399440,city
2331,PINNERS POINT,SR-135,Portsmouth,VA,130,3.49900,1,3.49900,3.49900,36.835430,-76.298270,city
2336,FLYING J TRAVEL PLAZA #754,"I-77 & I-81, EXIT 77",Wytheville,VA,185,3.54900,1,3.54900,3.54900,36.948450,-81.084810,city
2340,RSTORE #4478,SR-8 & SR-13,Prentice,WI,395,3.03900,1,3.03900,3.03900,45.546070,-90.286540,city
2557,PWI #106,"I-30, EXIT 77B",Royse City,TX,630,2.89900,1,2.89900,2.89900,32.975120,-96.332480,city
2602,PILOT TRAVEL CENTERS #9,"I-75, EXIT 36",Franklin,OH,407,3.35233,1,3.35233,3.35233,39.558950,-84.304110,city
2623,TA JANESVILLE TRAVEL CENTER,"I-90/I-39, EXIT 171B & US-14",Janesville,WI,420,3.29900,1,3.29900,3.29900,42.682790,-89.018720,city
2626,WEST END SINCLAIR,"I-80, EXIT 211",Rawlins,WY,838,3.31900,1,3.31900,3.31900,41.791070,-107.238660,city
2629,PILOT TRAVEL CENTERS #253,"I-295 & NJ TRNPK,  EXIT 2B",Penns Grove,NJ,243,3.98900,1,3.98900,3.98900,39.729560,-75.467970,city
2635,FLYING J #584,"I-5, EXIT 278",Aurora,OR,935,3.85900,1,3.85900,3.85900,45.230950,-122.755930,city
2638,PIT STOP TRAVEL CENTER,US-789,Riverton,WY,790,4.39900,1,4.39900,4.39900,43.024960,-108.380100,city
2640,LITTLE NASHVILLE,"I-64, EXIT 50 & SR-127",Nashville,IL,540,3.34900,2,3.29900,3.39900,38.343660,-89.380640,city
2644,FREDERICKS TRAVEL CENTER,"I-25/US-87, EXIT 235 & SR-52",Erie,CO,800,3.49900,1,3.49900,3.49900,40.050260,-105.049980,city
2756,PAR MAR FOOD STORE #89,"I-77/SR-2, EXIT 170 & SR-14 E",Mineral Wells,WV,430,3.49900,1,3.49900,3.49900,39.178000,-81.512070,city
2761,PONY EXPRESS SERVICE CENTER,US-36 & SR-148,Hanover,KS,316,2.95567,1,2.95567,2.95567,39.893890,-96.879470,city
2764,LOVES TRAVEL STOP #046,US-64/54 & SR-94,Hooker,OK,585,3.56233,1,3.56233,3.56233,36.860030,-101.213500,city
2765,LOVES TRAVEL STOP #023,US-50 & US-287,Lamar,CO,525,3.46233,1,3.46233,3.46233,38.087230,-102.620750,city
2772,PILOT TRAVEL CENTERS #29,"I- 80, EXIT 144; I-69, EXIT 357",Fremont,IN,465,3.89900,2,3.89900,3.89900,41.730880,-84.932740,city
2779,Stinker #121,I-84 & EXIT 208,Heyburn,ID,787,3.56067,1,3.56067,3.56067,42.558520,-113.763900,city
2788,JIFFY MART #451,"I-91, EXIT 17 & SR-302",Wells River,VT,39,3.56900,1,3.56900,3.56900,44.154230,-72.047040,city
2805,Fast Stop Travel Centers #1145,"I-15,  EXIT 31",Downey,ID,825,3.79900,1,3.79900,3.79900,42.428530,-112.124410,city
2807,SUDDEN SERVICE #25,"I-24, EXIT 11",Clarksville,TN,460,3.30733,1,3.30733,3.30733,36.529770,-87.359450,city
2811,KWIK FILL #22,"I-90, EXIT 40 & SR-34/SR-31",Weedsport,NY,220,3.89900,1,3.89900,3.89900,43.048680,-76.562720,city
2817,Chevron #382354,"I-5/US-12, EXIT 72",Chehalis,WA,977,4.29900,1,4.29900,4.29900,46.662050,-122.964020,city
2848,TA TONOPAH TRAVEL CENTER,"I-10, EXIT 103",Tonopah,AZ,930,3.93900,1,3.93900,3.93900,33.493650,-112.937120,city
2851,SPEEDWAY #2958,"I-8, EXIT 12",Yuma,AZ,900,3.47900,1,3.47900,3.47900,32.725320,-114.624400,city
2862,TA TALLULAH TRAVEL CENTER,"I-20, EXIT 171 & US-65",Tallulah,LA,760,3.20900,1,3.20900,3.20900,32.408480,-91.186780,city
2864,KUM & GO #0493,I-49 BUS/SR-59,Neosho,MO,535,3.05900,1,3.05900,3.05900,36.868960,-94.368000,city
2875,CIRCLE K #2744138,"I-25, EXIT 101 & US-50/SR-47",Pueblo,CO,803,3.39900,1,3.39900,3.39900,38.254450,-104.609140,city
2883,PILOT TRAVEL CENTERS #293,"I-75, EXIT 341 & CR-484",Ocala,FL,140,3.38567,2,3.35900,3.41233,29.187200,-82.140090,city
2885,SP Truckstop & Travel Center,US-84/SR-38,Bainbridge,GA,20,3.59900,1,3.59900,3.59900,30.903800,-84.575470,city
2889,MOULTON COWBOYS,SR-157,Moulton,AL,615,3.09900,1,3.09900,3.09900,34.481210,-87.293350,city
2891,PETRO STOPPING CENTER #338,"I-80, EXIT 21",Sparks,NV,966,3.94900,1,3.94900,3.94900,39.534910,-119.752690,city
2895,EAGLE TRUCK STOP,I-77 EXIT 81,New Philadelphia,OH,249,3.31567,1,3.31567,3.31567,40.489790,-81.445670,city
2896,NORTH LEWISTON DYNAMART,US-12 & SR 128,Lewiston,ID,970,3.66900,1,3.66900,3.66900,46.416550,-117.017660,city
2897,GAS N GO #15,"I-80, EXIT 41",Lyman,WY,827,3.46567,1,3.46567,3.46567,41.327450,-110.292930,city
2910,FLYING J TRAVEL PLAZA #685,"I-29 & I- 94, EXIT 349",Fargo,ND,341,3.56900,1,3.56900,3.56900,46.877190,-96.789800,city
2913,ONE9#226,"I-40, EXIT 417 & SR-92",Dandridge,TN,405,3.25900,1,3.25900,3.25900,36.015370,-83.414890,city
2915,TP TRUCK STOP,"I-15, EXIT 80",Fort Hall,ID,825,3.51900,1,3.51900,3.51900,43.033250,-112.438310,city
2917,GOLDYS TRUCK PLAZA,US-29,Rustburg,VA,185,3.51900,1,3.51900,3.51900,37.276810,-79.100850,city
2922,LOVES TRAVEL STOP #210,"I-40, EXIT 158",Albuquerque,NM,580,3.52067,1,3.52067,3.52067,35.084490,-106.651140,city
2923,LOVES TRAVEL STOPS #435,"I-95, EXIT 104 & SR-207",Ruther Glen,VA,180,3.60000,2,3.58900,3.61100,37.928750,-77.455820,city
2924,HWY 190 FUEL STOP,US-190,Jasper,TX,610,3.13233,1,3.13233,3.13233,30.920200,-93.996580,city
2926,EXIT 77 TRAVEL PLAZA,"I-81, EXIT 77 & SR-39",Harrisburg,PA,70,3.49900,1,3.49900,3.49900,40.273700,-76.884420,city
2929,TA EXPRESS STEELE,"I-94, EXIT 200 & SR- 3",Steele,ND,390,3.59900,1,3.59900,3.59900,46.854710,-99.915940,city
2935,CIRCLE K #2726163,"I-295, EXIT 22",Jacksonville,FL,75,3.29900,1,3.29900,3.29900,30.332180,-81.655650,city
2937,FLYING J TRAVEL PLAZA #664,"I-75, EXIT 171",Walton,KY,300,3.08567,1,3.08567,3.08567,38.875620,-84.610220,city
2956,PILOT TRAVEL CENTERS #275,"I-85, EXIT 39 I-77, EXIT 13",Charlotte,NC,46,3.55233,1,3.55233,3.55233,35.227090,-80.843130,city
2963,SUPERPUMPER #26,"I-94, EXIT 258 & US-281",Jamestown,ND,390,3.62900,1,3.62900,3.62900,46.910540,-98.708440,city
2967,PETRO STOPPING CENTER #317,"I-57, EXIT 71",Perrysburg,OH,550,3.78567,1,3.78567,3.78567,41.557000,-83.627160,city
2968,E-Z MART #4460,"I-20,  EXIT 124",Monroe,LA,719,3.12900,1,3.12900,3.12900,32.509310,-92.119300,city
2977,DISCOUNT FUEL,"I-90, EXIT 150 & SR-73",Kadoka,SD,506,3.22900,1,3.22900,3.22900,43.833880,-101.509870,city
2982,CIRCLE K #2723726,"I-59/I-20, EXIT 52 & US-11/US-43/SR-7",Knoxville,AL,705,3.08900,1,3.08900,3.08900,33.591770,-85.897190,city
3003,CHEVRON,"I-20, EXIT 186",Delta,LA,760,2.99400,1,2.99400,2.99400,32.325700,-90.927050,city
3008,BUSY BEE,"I-10, EXIT 283 & US-129",Live Oak,FL,10,3.77900,1,3.77900,3.77900,30.294950,-82.984020,city
3022,TA GREENCASTLE TRAVEL CENTER,"I-81, EXIT 5",Greencastle,PA,70,3.95900,1,3.95900,3.95900,39.790370,-77.727770,city
3030,Mr Ts Riverside,US-412,Cardwell,MO,435,3.19900,1,3.19900,3.19900,36.047010,-90.292880,city
3064,PORTS TO PLAINS TRAVEL PLAZA,US-50 & US-287,Lamar,CO,800,3.39900,1,3.39900,3.39900,38.087230,-102.620750,city
3086,SPEEDWAY #4638,US-29,Madison Heights,VA,185,3.49567,1,3.49567,3.49567,37.430980,-79.123080,city
3093,RSTORE #4488,US-51,Merrill,WI,395,3.24067,1,3.24067,3.24067,45.180520,-89.683460,city
3096,HOBO PANTRY #6,US-431/SR-210,Dothan,AL,20,3.95900,1,3.95900,3.95900,31.223230,-85.390490,city
3118,MOBIL,"I-87, EXIT 42 & US-11",Champlain,NY,39,3.79900,1,3.79900,3.79900,44.986430,-73.446530,city
3128,TA ATLANTA SOUTH TRAVEL CENTER,"I-75, EXIT 201 & SR-36",Jackson,GA,18,3.33400,1,3.33400,3.33400,33.294570,-83.966020,city
3138,TA EXPRESS #6264,"I-70, EXIT 26 & US-50",Grand Junction,CO,800,4.04900,1,4.04900,4.04900,39.063870,-108.550650,city
3139,CHEROKEE TRAVEL MART,"I-40,  EXIT 108",Calumet,OK,483,3.10567,1,3.10567,3.10567,35.601160,-98.118670,city
3148,YESWAY #1038,US-60 & SR-86,Neosho,MO,307,3.05900,1,3.05900,3.05900,36.868960,-94.368000,city
3155,QUIK MART #18,US-72/SR-157,Tuscumbia,AL,615,3.00733,1,3.00733,3.00733,34.731200,-87.702530,city
3163,QUIKTRIP #71,"I-44, EXIT 238",Tulsa,OK,560,3.03900,1,3.03900,3.03900,36.153980,-95.992770,city
3164,QUIKTRIP #102,"I-44, EXIT 222A",Tulsa,OK,560,3.03900,1,3.03900,3.03900,36.153980,-95.992770,city
3165,LOVES TRAVEL STOP #213,"I-35, EXIT 211",Tonkawa,OK,500,3.58400,1,3.58400,3.58400,36.678370,-97.310040,city
3167,JASPER FOOD MART,US-78,Jasper,AL,615,3.22900,1,3.22900,3.22900,33.831220,-87.277510,city
3171,One9 #265,"I-40, EXIT 287 & SR-136",Cookeville,TN,405,3.08400,1,3.08400,3.08400,36.162840,-85.501640,city
3176,BP,US-6 & SR-15,New Paris,IN,365,3.65733,1,3.65733,3.65733,41.500330,-85.828050,city
3178,ERNIES FUEL STOP #1605,SR-167,Kent,WA,977,4.59900,1,4.59900,4.59900,47.380930,-122.234840,city
3179,MR FUEL #1020,"I-80 & I-94, EXIT 15B",Lake Station,IN,365,3.56567,1,3.56567,3.56567,41.575040,-87.238920,city
3191,BUSY CORNER TRUCK STOP AND MARKET,"I-24, EXIT 105 & US-41/SR-2",Manchester,TN,460,3.04900,1,3.04900,3.04900,35.481740,-86.088600,city
3205,CROSSROADS TRUCK STOP STATION,"I-29 & SR 34, MM 109",Colman,SD,530,3.15900,1,3.15900,3.15900,43.982470,-96.814500,city
3206,PERHAM OASIS,US-10 & SR-78,Perham,MN,250,3.49900,1,3.49900,3.49900,46.594400,-95.572540,city
3215,SHELL TRUCKSTOP,"I-4, EXIT 44",Polk City,FL,225,3.44900,1,3.44900,3.44900,28.182510,-81.823970,city
3216,MAXS #124,"I-24, EXIT 86 & US-41",Oak Grove,KY,460,3.04233,1,3.04233,3.04233,37.344210,-86.754710,city
3221,Southern Travel Plaza,"US-67, EXIT 55 & US-64/US-167 & SR-367",Bald Knob,AR,695,3.39500,2,3.39100,3.39900,35.309810,-91.567910,city
3222,POMPANO TRUCK STOP,"I-95, EXIT 36B",Pompano Beach,FL,95,3.75900,1,3.75900,3.75900,26.237860,-80.124770,city
3226,ONE9 #245,"I-81, EXIT 77 & SR-39",Harrisburg,PA,70,3.60900,1,3.60900,3.60900,40.273700,-76.884420,city
3227,MR FUEL DBA ONE9 #64,"I-26 & US-17, EXIT 199",Summerville,SC,42,3.21900,2,3.21900,3.21900,33.018500,-80.175650,city
3230,STRIPES #40815,US-281 & US-285,Falfurrias,TX,625,3.29900,1,3.29900,3.29900,27.226990,-98.144170,city
3264,TA WEST MEMPHIS TRAVEL CENTER,"I-40/US-63, EXIT 260 & SR-149",Earle,AR,435,3.36733,1,3.36733,3.36733,35.275090,-90.466770,city
3280,OUTPOST TRUCK STOP,US-85 & US-18/US-20,Lusk,WY,790,3.68900,1,3.68900,3.68900,42.762470,-104.452170,city
3281,AMERICAN TRUCK PLAZA,I-80 EXIT 215 & SR-254,Milton,PA,138,3.79900,1,3.79900,3.79900,41.012030,-76.847740,city
3284,CASEYS #4390,"I-49/US-71, EXIT 77 & US-160",Lamar,MO,416,3.19900,1,3.19900,3.19900,37.495050,-94.276610,city
3297,SAPP BROS TRAVEL CENTER,"I-80, EXIT 370",Cheyenne,WY,795,3.70067,1,3.70067,3.70067,41.139980,-104.820250,city
3316,TRUCKOMAT OF N LITTLE ROCK,"I-40, EXIT 161 & SR-391",North Little Rock,AR,695,3.24900,1,3.24900,3.24900,34.769540,-92.267090,city
3326,MIRABITO #61,"I-81, EXIT 32",Central Square,NY,12,4.29900,1,4.29900,4.29900,43.286740,-76.146040,city
3330,TA # 211 GREENLAND TRAVEL CENTER,"I-95, EXIT 3A & US-101",Greenland,NH,34,3.75900,1,3.75900,3.75900,43.036200,-70.832830,city
3349,QUEEN CITY TRUCK STOP,"I-20 & I-59, EXIT150",Meridian,MS,705,2.93900,1,2.93900,2.93900,32.364310,-88.703660,city
3383,E-Express at Central Truck Stop,"I-35, EXIT 137",Oklahoma City,OK,483,2.87900,1,2.87900,2.87900,35.467560,-97.516430,city
3386,LONGMONT TRUCK STOP,"I-25/US-87, EXIT 240 & SR-119",Longmont,CO,800,3.23900,1,3.23900,3.23900,40.167210,-105.101930,city
3401,POPS Mart #333,"I-77, EXIT 48 & SR-200",Winnsboro,SC,46,3.09067,1,3.09067,3.09067,34.380700,-81.086480,city
3413,COUNTRY GIRL TRUCK STOP,US-167 & SR-156,Winnfield,LA,590,3.31900,1,3.31900,3.31900,31.925580,-92.641310,city
3415,JAYS EL CHEAPO FUEL STOP,"I-16, EXIT 104",Metter,GA,195,3.24900,1,3.24900,3.24900,32.397120,-82.060120,city
3418,Par Mar Store #164,"I-79, EXIT 105 & CR-7",Jane Lew,WV,165,3.99900,1,3.99900,3.99900,39.109820,-80.406760,city
3421,ERNIES TRUCK STOP,"I-5, EXIT 142",Federal Way,WA,977,4.59900,1,4.59900,4.59900,47.322320,-122.312620,city
3422,PWI #167,"I-10, EXIT 601",Seguin,TX,740,2.88900,1,2.88900,2.88900,29.568840,-97.964730,city
3427,JOHNNYS MARKET,"I-69, EXIT 357",Fremont,IN,465,3.69900,1,3.69900,3.69900,41.730880,-84.932740,city
3432,PILOT TRAVEL CENTERS #34,"I-65, EXIT 201 & US-231",Remington,IN,365,3.68400,2,3.65900,3.70900,40.760870,-87.150850,city
3435,PWI #168,"I-35, EXIT 266 & SR-195",Georgetown,TX,740,2.79900,1,2.79900,2.79900,30.632690,-97.677230,city
3444,Acme Truck Stop,US-441/SR-500,Orlando,FL,140,3.44900,1,3.44900,3.44900,28.538340,-81.379240,city
3460,CHROME TRUCK STOP,US-18 & US-169,Algona,IA,433,3.49900,1,3.49900,3.49900,43.069970,-94.233020,city
3464,BOISE PETROLEUM LLC,"I-84,  EXIT 71",Boise,ID,785,3.37900,1,3.37900,3.37900,43.613500,-116.203450,city
3471,MR FUEL DBA ONE9 #72,"I-16, EXIT 160",Savannah,GA,195,3.12567,2,3.11900,3.13233,32.083540,-81.099830,city
3475,PILOT TRAVEL CENTERS #56,"I-85, EXIT 63",Kannapolis,NC,46,3.49900,1,3.49900,3.49900,35.487360,-80.621730,city
3477,CIRCLE K #4707404,"I-91, EXIT 7",Springfield,VT,170,3.69900,1,3.69900,3.69900,43.298410,-72.482310,city
3479,FAST MARKET #4550,"I-75/SR-401, EXIT 136 & US-341",Perry,GA,85,3.09900,1,3.09900,3.09900,32.458210,-83.731570,city
3493,CIRCLE K #2723675,"I-75, EXIT 290 & SR-20",Cartersville,GA,18,3.08567,1,3.08567,3.08567,34.165330,-84.802310,city
3519,PILOT TRAVEL CENTERS #431,"I-10, EXIT 873",Orange,TX,610,3.30900,1,3.30900,3.30900,30.092990,-93.736550,city
3522,SUNMART #308,US-59,Livingston,TX,610,2.85900,1,2.85900,2.85900,30.711030,-94.932990,city
3526,JOE STOP 99,"I-75, EXIT 99 & SR-119",Anna,OH,411,3.06400,1,3.06400,3.06400,40.394490,-84.172720,city
3530,SPARKYS ONE STOP #22,"I-35, EXIT 111B & US-30",Jefferson,IA,320,3.23233,1,3.23233,3.23233,42.015260,-94.377470,city
3536,PETRO STOPPING CENTER #307,I-40 EAST & S LAKESIDE Dr,Amarillo,TX,585,3.27900,1,3.27900,3.27900,35.222000,-101.831300,city
3539,Bigs 211,"I-10, EXIT 620 & SR-123",Seguin,TX,740,3.09900,1,3.09900,3.09900,29.568840,-97.964730,city
3545,STOCKMENS TRUCK PLAZA,"I-494, EXIT 64A",South Saint Paul,MN,450,3.49900,1,3.49900,3.49900,44.892740,-93.034940,city
3580,STINKER I 80 TRAVEL PLAZA,"I-80, EXIT 221 & SR-76",Sinclair,WY,838,3.75900,1,3.75900,3.75900,41.774960,-107.113100,city
3585,CHEVRON,"I-80, EXIT 129",Lovelock,NV,966,3.49900,1,3.49900,3.49900,40.179350,-118.473480,city
3588,BINGO TRUCK STOP,"I-10, EXIT 829 & SR-124",Winnie,TX,610,2.99900,1,2.99900,2.99900,29.820220,-94.384080,city
3592,TA BRIDGER TRAVEL CENTER #188,"I-80, EXIT 30 & CR-202",Fort Bridger,WY,835,3.71567,1,3.71567,3.71567,41.316620,-110.384330,city
3593,TA Parowan Travel Center,"I-15, EXIT 78",Parowan,UT,910,3.70567,1,3.70567,3.70567,37.842200,-112.828000,city
3605,SPEEDYS #6,"I-35, EXIT 33",Saint Joseph,MO,400,3.16900,1,3.16900,3.16900,39.768610,-94.846630,city
3608,FUEL MART #787,"I-57, EXIT 212 & US-36",Tuscola,IL,280,3.19900,1,3.19900,3.19900,39.799200,-88.283100,city
3614,PILOT TRAVEL CENTERS #35,"I-80/90, EXIT 72 & US-31",South Bend,IN,465,3.79900,2,3.79900,3.79900,41.683380,-86.250010,city
3616,PILOT TRAVEL CENTERS #15,"I-75, EXIT 210",Toledo,OH,550,3.77233,1,3.77233,3.77233,41.663940,-83.555210,city
3619,ROAD RANGER #141,"I-70, EXIT 23",Brazil,IN,375,3.65900,1,3.65900,3.65900,39.523650,-87.125020,city
3620,One9 #16,"I-71 & US-68, EXIT 50",Wilmington,OH,315,3.14233,1,3.14233,3.14233,39.445340,-83.828540,city
3645,SNOW SHOE TRAVEL PLAZA,"I-80, EXIT 147 & SR-144",Snow Shoe,PA,14,3.46900,1,3.46900,3.46900,41.030890,-77.949450,city
3678,TIMES MARKET #299,US-281 BUS,Alice,TX,625,3.09900,1,3.09900,3.09900,27.752250,-98.069720,city
3688,SPEEDWAY #2314,"I-94, EXIT 243 & SR-29",New Baltimore,MI,342,3.56900,2,3.55900,3.57900,42.681140,-82.736860,city
3692,CHARLOTTE TRAVEL PLAZA,"I-77,  EXIT 16B",Charlotte,NC,46,3.53233,1,3.53233,3.53233,35.227090,-80.843130,city
3699,WARREN TRAVEL PLAZA,"I-69, EXIT 278 & SR-5",Warren,IN,375,3.39900,1,3.39900,3.39900,40.682820,-85.427200,city
3702,BEARS DEN TRADING POST #101,ST 37 11 MI E OF MASSENA,Hogansburg,NY,39,3.64900,1,3.64900,3.64900,44.973940,-74.663240,city
3707,SPEEDWAY #4704,"I-90, EXIT 154",Albert Lea,MN,425,3.29900,1,3.29900,3.29900,43.648010,-93.368270,city
3718,SPEEDWAY #4706,"I-90, EXIT 265",Chamberlain,SD,455,3.29900,1,3.29900,3.29900,43.810830,-99.330660,city
3719,KEYSTONE TRUCK STOP,US-22 & SR-164,Loretto,PA,14,3.99900,1,3.99900,3.99900,40.503130,-78.630300,city
3725,GENEVA TRUCK STOP,"I-79, EXIT 35/141",Cochranton,PA,240,3.81567,1,3.81567,3.81567,41.520050,-80.048390,city
3728,PLAZA 23 TRUCK STOP,"I-787, EXIT 2",Albany,NY,12,3.79900,1,3.79900,3.79900,42.652580,-73.756230,city
3737,JORDAN'S KWIK STOP #70,US-49,West Helena,AR,435,3.39900,1,3.39900,3.39900,34.550660,-90.641770,city
3745,PILOT TRAVEL CENTER #906-TOWN PUMP,"I-90, EXIT 408 & SR-78",Columbus,MT,780,3.58067,1,3.58067,3.58067,45.636610,-109.252110,city
3759,EXXON,US-67 & SR-18,Newport,AR,695,4.13233,1,4.13233,4.13233,35.604800,-91.281800,city
3767,SIMMONS TRAVEL CENTER,"I-95, EXIT 8 & US-301",Emporia,VA,180,3.09900,1,3.09900,3.09900,36.685980,-77.542480,city
3772,Brake Time Corner Market,"I-25, EXIT 240",Burlington,CO,800,3.49900,1,3.49900,3.49900,39.306110,-102.269360,city
3774,SINCLAIR,"I-70, EXIT 438",Burlington,CO,796,3.88900,1,3.88900,3.88900,39.306110,-102.269360,city
3781,REATTA TRAVEL STOP,"I-76, EXIT 149 & SR-55/CR-81",Crook,CO,475,3.38233,1,3.38233,3.38233,40.858880,-102.801030,city
3783,CIRCLE K #2744095,"I-25, EXIT 215",Denver,CO,800,3.29900,1,3.29900,3.29900,39.739150,-104.984700,city
3794,SPEEDWAY #4701,"I-90, EXIT 73",Jackson,MN,425,3.29900,1,3.29900,3.29900,43.620790,-94.988600,city
3817,FAST MARKET,"I-25, EXIT 158",Colorado Springs,CO,803,3.15900,1,3.15900,3.15900,38.833880,-104.821360,city
3843,ONCUE EXPRESS #61,"I-35, EXIT 185 & US-77",Perry,OK,500,3.21567,1,3.21567,3.21567,36.289490,-97.288100,city
3868,SHORE STOP #279,US-13,Greenwood,DE,194,3.24900,2,3.23900,3.25900,38.807060,-75.591320,city
3888,Fics Plaza,"I-90, EXIT 184",Deer Lodge,MT,816,3.51900,1,3.51900,3.51900,46.395760,-112.730040,city
3889,CIRCLE K #2701686,"I-75, EXIT 220",Bradenton,FL,225,3.43900,1,3.43900,3.43900,27.498930,-82.574820,city
3907,SUNOCO,US-46 & SR-93,Palisades Park,NJ,105,3.27900,1,3.27900,3.27900,40.848160,-73.997640,city
3908,SEMINOLE TRUCK STOP,"I-75, EXIT 354",Fort Lauderdale,FL,95,3.69900,1,3.69900,3.69900,26.122310,-80.143380,city
3927,MICCOSUKEE SERVICE PLAZA,"I-75, EXIT 49 & SR-84",Fort Lauderdale,FL,95,3.66567,1,3.66567,3.66567,26.122310,-80.143380,city
3936,Uncle Petes Truck  Stop,"I-40, EXIT 239 & US-70/SR-26",Lebanon,TN,460,2.98900,1,2.98900,2.98900,36.208110,-86.291100,city
3946,Fast Lane,US-24 & US-63,Moberly,MO,310,3.46900,1,3.46900,3.46900,39.418370,-92.438240,city
3949,SUNSTOP #337,"I-10/SR-8, EXIT 303 & US-441",Lake City,FL,75,3.69900,1,3.69900,3.69900,30.189680,-82.639290,city
3956,CIRCLE K #2707451,US-27/SR-25 & SR-70,Lake Placid,FL,225,3.39900,1,3.39900,3.39900,27.298340,-81.371240,city
3964,SPEEDWAY #6604,"I-94, EXIT 66",Mattawan,MI,465,3.49400,2,3.48900,3.49900,42.209480,-85.784450,city
3970,EXXON - Pilot #1293,"I-30, EXIT 61",Garland,TX,630,2.84233,1,2.84233,2.84233,32.912620,-96.638880,city
3973,LOVES TRAVEL STOP #205,"I-35 & I-44, EXIT 137",Oklahoma City,OK,483,3.31900,1,3.31900,3.31900,35.467560,-97.516430,city
3974,LOVES TRAVEL STOP #201,I-40 EXIT 41,Elk City,OK,483,3.12567,1,3.12567,3.12567,35.411990,-99.404260,city
3975,SUNSTOP #334,"I-10, EXIT 335 & SR-121",Macclenny,FL,75,3.45900,1,3.45900,3.45900,30.282180,-82.122060,city
3979,PETRO GARY 369,"I-80 & I-94, EXIT 9",Gary,IN,365,3.83067,1,3.83067,3.83067,41.593370,-87.346430,city
4006,MISSILE MART #1,US-167 & SR-7,El Dorado,AR,635,3.49900,1,3.49900,3.49900,33.207630,-92.666270,city
4008,BALDWIN TRAVEL PLAZA,"I-94, EXIT 19 & US HWY 63",Baldwin,WI,295,3.50300,1,3.50300,3.50300,44.966630,-92.374360,city
4025,BP,"I-85, EXIT 21  & US-178",Anderson,SC,30,2.90900,1,2.90900,2.90900,34.503440,-82.650130,city
4035,PILOT TRAVEL CENTERS #430,"I-40,  EXIT 84",Russellville,AR,695,3.38700,2,3.37500,3.39900,35.278420,-93.133790,city
4062,DUDLEYS TRUCK STOP RESTAURANT,US-220,Rocky Mount,VA,185,3.29900,1,3.29900,3.29900,36.997640,-79.891980,city
4063,STUCKEY'S,"I-59, EXIT 67 & US-49",Hattiesburg,MS,620,2.99900,1,2.99900,2.99900,31.327120,-89.290340,city
4080,SHELL DBA PILOT DEALER #874,US-41,Miami,FL,176,3.69900,2,3.69900,3.69900,25.774270,-80.193660,city
4101,E-Z MART #4411,HIGHWAY 69 & COBBLESTONE DR,Pryor,OK,560,3.09900,1,3.09900,3.09900,36.308430,-95.316910,city
4113,ASAP GENERAL STORE #330,US-412/SR-15,Enid,OK,500,3.08233,1,3.08233,3.08233,36.395590,-97.878390,city
4115,QUIKTRIP #707,"I-85 , EXIT 96",Atlanta,GA,18,3.34067,1,3.34067,3.34067,33.749000,-84.387980,city
4119,JET FOOD STORE #82,US-441 & CR-13,Douglas,GA,10,3.44067,1,3.44067,3.44067,31.508810,-82.849870,city
4156,PETRO STOPPING CENTER #305,"I-10, EXIT 582",San Antonio,TX,740,3.20733,1,3.20733,3.20733,29.424120,-98.493630,city
4161,EL CHEAPO,I-95 & EXIT 76,Midway,GA,195,3.52567,1,3.52567,3.52567,31.805770,-81.430660,city
4164,CIRCLE K #2723897,"I-75, EXIT 138",Thomasville,GA,20,3.23567,1,3.23567,3.23567,30.836580,-83.978780,city
4169,TA KINGMAN TRAVEL CENTER,"I-40, EXIT 48 & US-93",Kingman,AZ,910,3.89900,1,3.89900,3.89900,35.189440,-114.053010,city
4171,PETRO SERVE USA #11,US-2 & US-71,Bemidji,MN,355,3.49900,1,3.49900,3.49900,47.473560,-94.880280,city
4172,FLYING J TRAVEL PLAZA #639,"I-90, EXIT 2",Post Falls,ID,970,3.76233,1,3.76233,3.76233,47.717960,-116.951590,city
4179,CIRCLE K #2705352,"I-95/SR-405, EXIT 109 & SR-30/SR-21",Port Wentworth,GA,195,3.09900,1,3.09900,3.09900,32.149090,-81.163170,city
4187,FLYING J TRAVEL PLAZA #632,"I-75, EXIT 320",Resaca,GA,285,3.29567,1,3.29567,3.29567,34.580360,-84.943280,city
4193,TIGER MART #63,"I-20, EXIT 454",Grand Prairie,TX,630,3.59900,1,3.59900,3.59900,32.745960,-96.997780,city
4199,PWI #574,"I-70, EXIT 193/US-40",Bunker Hill,KS,357,2.95900,1,2.95900,2.95900,38.875840,-98.703970,city
4204,PILOT TRAVEL CENTERS #415,"I-59, EXIT 4",Rising Fawn,GA,285,3.83900,2,3.81900,3.85900,34.760080,-85.531080,city
4211,FLYING J #513,"I-15, EXIT 1",Jean,NV,910,3.73233,1,3.73233,3.73233,35.778870,-115.323880,city
4220,KENNETT TRUCK STOP,"I-275, EXIT 16",Lawrenceburg,IN,300,3.42400,1,3.42400,3.42400,39.090890,-84.849950,city
4222,Circle K #4703906,"I-24, EXIT 24 & SR-49",Pleasant View,TN,460,2.89900,1,2.89900,2.89900,36.394220,-87.036670,city
4223,TA PEMBROKE TRAVEL CENTER,"I-90, EXIT 48A",Corfu,NY,38,3.87400,4,3.82900,3.93900,42.960060,-78.405580,city
4227,LOVES TRAVEL STOP #203,"I-40, EXIT 140",Oklahoma City,OK,483,3.35567,1,3.35567,3.35567,35.467560,-97.516430,city
4233,QUIKTRIP #7220,"I-20, EXIT 8",Shreveport,LA,745,2.89233,1,2.89233,2.89233,32.525150,-93.750180,city
4239,SPEEDWAY #8256,"I-64, EXIT 94 & SR-1958 & US-60",Winchester,KY,410,2.92233,1,2.92233,2.92233,37.990080,-84.179650,city
4241,EXXON,"I-285, EXIT 53",Conley,GA,18,3.99900,1,3.99900,3.99900,33.644830,-84.325760,city
4267,CONOCO,US-30 & SR-41,Gap,PA,160,3.79900,1,3.79900,3.79900,39.987320,-76.020510,city
4292,KUM & GO #0032,"I-80/US-6, EXIT 155 & SR-117",Colfax,IA,320,3.08233,1,3.08233,3.08233,41.677770,-93.245200,city
4301,TIGER DISCOUNT TRUCKSTOP,"I-94, EXIT 64 & I-94 BUS",Dickinson,ND,807,3.51567,1,3.51567,3.51567,46.879180,-102.789620,city
4311,Saveway Truck Plaza,"I-65, EXIT 164 & US-31",Hope Hull,AL,720,3.13900,1,3.13900,3.13900,32.269860,-86.357190,city
4331,KWIK STOP C STORES,US-61/US-151,Dubuque,IA,335,3.55900,1,3.55900,3.55900,42.500560,-90.664570,city
4332,PILOT TRAVEL CENTERS #468,"I-57, EXIT 283 & US-24",Gilman,IL,280,3.46400,4,3.39900,3.55900,40.766700,-87.992260,city
4335,HIGHWAY 20  AUTO TRUCK PLAZA,US-20,Peosta,IA,335,3.48900,1,3.48900,3.48900,42.450560,-90.850410,city
4339,ROAD RANGER #273,I-69E/US-77 & SR-107,Combes,TX,639,3.04900,1,3.04900,3.04900,26.248690,-97.733880,city
4349,ROAD RANGER #144,"I-380, EXIT 68US-20, EXIT 68",Evansdale,IA,565,3.72900,1,3.72900,3.72900,42.469150,-92.281020,city
4363,EL CHEAPO #4,"I-95, EXIT 87",Richmond Hill,GA,195,3.09567,1,3.09567,3.09567,31.938270,-81.303440,city
4368,HOODS SERVICE CENTER,"I-44, EXIT 61",Bois D Arc,MO,535,3.07400,1,3.07400,3.07400,37.256440,-93.507700,city
4372,GRADYS TRUCKSTOP,"I-16, EXIT 111",Pulaski,GA,195,3.46567,1,3.46567,3.46567,32.390180,-81.956780,city
4373,KUM & GO #0043,"I-35, EXIT 43 & SR-207/CRG76",New Virginia,IA,320,3.11400,1,3.11400,3.11400,41.182220,-93.728830,city
4389,TAYLOR QUIK-PIK,"I-29, EXIT 75 & US-30",Missouri Valley,IA,486,3.39900,1,3.39900,3.39900,41.556380,-95.887790,city
4395,BREAK TIME #3147,"I-55, EXIT 67 & US-62",Sikeston,MO,275,3.49900,1,3.49900,3.49900,36.876720,-89.587860,city
4417,TA MORIARITY TRAVEL CENTER,"I-40, EXIT 194",Moriarty,NM,580,3.21733,1,3.21733,3.21733,34.990050,-106.049190,city
4419,CASEYS #3081,"I-35, EXIT 92 & US-136",Bethany,MO,400,3.06067,1,3.06067,3.06067,40.268330,-94.028290,city
4427,CASEYS #2654,"I-80/US-6, EXIT 93 & CR-P28",Stuart,IA,320,3.09900,1,3.09900,3.09900,41.503320,-94.318570,city
4431,CASEYS #2653,"US-63 & US-30, EXIT 202",Toledo,IA,320,3.34900,1,3.34900,3.34900,41.995550,-92.576860,city
4437,UNDERWOOD TRUCK STOP I 80,"I-80, EXIT 17",Underwood,IA,319,3.00067,1,3.00067,3.00067,41.386940,-95.676670,city
4441,PILOT TRAVEL CENTERS #51,"I-81 BAILEYTON RD, EXIT 36",Greeneville,TN,405,3.56233,1,3.56233,3.56233,36.163160,-82.830990,city
4442,Minuteman Food Mart #58,US-74/US-76,Delco,NC,245,3.50733,1,3.50733,3.50733,34.315720,-78.224720,city
4445,TA Rogers,"I-94/US-52, EXIT 207 & SR-101",Rogers,MN,448,3.27400,1,3.27400,3.27400,45.188850,-93.553010,city
4446,LOVES TRAVEL STOP #200,I-40 EXIT 74,Amarillo,TX,585,3.20900,1,3.20900,3.20900,35.222000,-101.831300,city
4451,PRAIRIE JUNCTION TRUCK STOP,"I-29, EXIT 109 & SR-34",Colman,SD,530,3.09900,1,3.09900,3.09900,43.982470,-96.814500,city
4452,CASEYS #2867,US-63 & US-20,Waterloo,IA,380,3.49900,1,3.49900,3.49900,42.492760,-92.342960,city
4458,KUM & GO #1443,"I-80, EXIT 216",Williamsburg,IA,380,3.13067,1,3.13067,3.13067,41.661120,-92.009070,city
4460,EXIT 62 TRUCKSTOP,"I-71, EXIT 62 & US-127",Glencoe,KY,415,3.16567,1,3.16567,3.16567,38.714510,-84.822730,city
4463,QUIKTRIP #7901,"I-20, EXIT 556 & US-69",Lindale,TX,710,2.80733,1,2.80733,2.80733,32.515700,-95.409400,city
4482,FLYING J TRAVEL PLAZA #777,"I-84, EXIT 54(FEDERAL WAY)",Boise,ID,785,3.78733,2,3.76567,3.80900,43.613500,-116.203450,city
4492,3 MILE CORNER TRUCK STOP,US-2 & US-95,Bonners Ferry,ID,970,3.73400,1,3.73400,3.73400,48.691330,-116.316310,city
4525,STINKER #42,US-12/US-95 & SR-128,Lewiston,ID,970,3.69733,1,3.69733,3.69733,46.416550,-117.017660,city
4528,WENATCHEE VALLEY TRUCK STOP,US-97 ALT,Wenatchee,WA,920,4.13567,3,4.08900,4.19900,47.423460,-120.310350,city
4533,SPEEDWAY #1449,"I-65, EXIT 262B",Birmingham,AL,615,2.97567,1,2.97567,2.97567,33.520660,-86.802490,city
4544,BIG CHARLIES TRUCK PLAZA,"I-64, EXIT 282 & US-13",Virginia Beach,VA,130,3.48900,1,3.48900,3.48900,36.852930,-75.977990,city
4555,PILOT TRAVEL CENTERS #406,"I-65, EXIT 22 & US-31A/SR-11",Cornersville,TN,460,3.79900,1,3.79900,3.79900,35.361460,-86.839720,city
4560,FAST STOP TRAVEL CENTERS #1109,"I-15, EXIT 392",Plymouth,UT,835,3.58233,1,3.58233,3.58233,41.875480,-112.144120,city
4563,PILOT TRAVEL CENTERS #299,"I-55/I-74/US-51, EXIT 160 & US-150/SR-9",Bloomington,IL,280,3.49900,6,3.39900,3.59900,40.484200,-88.993690,city
4568,ONVO TRAVEL PLAZA,"I-90, EXIT 28",Fultonville,NY,12,3.17900,2,3.15900,3.19900,42.947850,-74.370410,city
4569,METROPOLIS TRUCK STOP,"I-24, EXIT 37 & US-45",Metropolis,IL,490,3.59900,1,3.59900,3.59900,37.151170,-88.732000,city
4574,Circle K #4701432,"I-74, EXIT 174",Mahomet,IL,280,3.66900,1,3.66900,3.66900,40.195310,-88.404220,city
4582,BIG CHIEF TRUCK STOP,"I-94/US-52, EXIT 61 & US-59/CR-82",Fergus Falls,MN,250,3.23567,1,3.23567,3.23567,46.283020,-96.077560,city
4605,PILOT DEALER #898 SADLERS TRUCK STOP,"I-95, EXIT 11B & US-58",Emporia,VA,180,3.79900,1,3.79900,3.79900,36.685980,-77.542480,city
4618,OUTPOST TRAVEL CENTER,"I-20, EXIT 5 & US-80",Greenwood,LA,745,2.89900,1,2.89900,2.89900,32.442930,-93.972960,city
4620,PILOT TRAVEL CENTERS #95,"I-75, EXIT 329 & SR-44",Wildwood,FL,225,3.27233,2,3.22567,3.31900,28.865420,-82.040580,city
4622,TA LEE HI TRAVEL PLAZA,"I-81,  EXIT 195",Lexington,VA,185,3.65900,1,3.65900,3.65900,37.784020,-79.442820,city
4628,QUARLES #4601,US-29/US-17/US-15,Warrenton,VA,60,3.32233,1,3.32233,3.32233,38.713450,-77.795270,city
4637,THORNTONS #369 DBA PILOT TRAVEL CENTER #514,"I-55, EXIT 126 & SR-10",Lincoln,IL,318,3.44900,4,3.39900,3.49900,40.148380,-89.364820,city
4642,MARSHAL JUNCTION,"I-70, EXIT 147 & SR-1",Marshall,IL,510,3.29900,2,3.19900,3.39900,39.391430,-87.693640,city
4644,CIRCLE K #4706703,"I-80, EXIT 145A",Mokena,IL,290,3.36900,2,3.33900,3.39900,41.526140,-87.889220,city
4654,7-ELEVEN #35087,"I-490, EXIT 2 & SR-33 & SR-19",Bergen,NY,190,4.02900,1,4.02900,4.02900,43.085340,-77.942230,city
4655,QUICKLEES TRAVEL CENTER,"I-86, EXIT 30 & CR-20",Belmont,NY,190,3.99900,1,3.99900,3.99900,42.223120,-78.034450,city
4690,PWI #401,"I-20 & I-30, EXIT 1B",Aledo,TX,630,2.79900,1,2.79900,2.79900,32.695960,-97.602250,city
4700,A C TRUCKSTOP,"I-80, EXIT 290",Laramie,WY,795,3.07900,1,3.07900,3.07900,41.311370,-105.591100,city
4704,THE RIDGE,"I-68/US-219, EXIT 14 & US-40",Accident,MD,165,4.19900,1,4.19900,4.19900,39.628700,-79.319760,city
4707,SMITHTON TRUCKSTOP,"I-70, EXIT 39 & SR-3059",Smithton,PA,165,3.89900,1,3.89900,3.89900,40.153960,-79.741150,city
4729,MINIT MART #600244,"I-70, EXIT 131",Straughn,IN,457,3.85900,1,3.85900,3.85900,39.808940,-85.291360,city
4742,FLYING J TRAVEL PLAZA #684,"I-94, EXIT 1 & SR-16",Beach,ND,807,3.96567,1,3.96567,3.96567,46.918070,-104.004370,city
4750,BROOKE TRAVEL PLAZA,"I-80, EXIT 259",West Liberty,IA,380,2.98733,1,2.98733,2.98733,41.570020,-91.263770,city
4762,TA MONROE TRAVEL CENTER,"I-75, EXIT 15",Monroe,MI,325,3.31650,4,3.24900,3.36900,41.916430,-83.397710,city
4806,TRACK AND TRAVEL,"I-20, EXIT 406",Weatherford,TX,630,2.91733,1,2.91733,2.91733,32.759300,-97.797250,city
4818,PILOT TRAVEL CENTERS #350,"I-84 & US-20, EXIT 95",Mountain Home,ID,785,3.77900,2,3.75900,3.79900,43.132950,-115.691200,city
4819,Alta Convenience #6333,"I-25, EXIT 11",Trinidad,CO,803,3.39900,1,3.39900,3.39900,37.169460,-104.500540,city
4826,I-20 Truck Stop,"I-20, EXIT 165",Lincoln,AL,615,2.99900,1,2.99900,2.99900,33.613160,-86.118310,city
4827,PETRO BEAUMONT #304,"I-10, EXIT 848",Beaumont,TX,610,3.33067,1,3.33067,3.33067,30.086050,-94.101850,city
4837,SHELL,US-10 & SR-210,Motley,MN,522,3.39900,1,3.39900,3.39900,46.336630,-94.646120,city
4856,PILOT TRAVEL CENTER #910- TOWN PUMP,"I-90, EXIT 274 & US-287",Three Forks,MT,786,3.59733,1,3.59733,3.59733,45.892430,-111.552190,city
4858,PILOT TRAVEL CENTER #1346,"I-135, EXIT 31",Newton,KS,570,3.36025,2,3.31150,3.40900,38.046680,-97.345040,city
4860,PILOT TRAVEL CENTERS #476,"I-74, EXIT 32 & SR-17",Woodhull,IL,270,3.89900,2,3.89900,3.89900,41.178930,-90.315960,city
4872,TA COMMERCE TRAVEL CENTER,"I-85, EXIT 149 & US-441",Commerce,GA,16,3.21567,1,3.21567,3.21567,34.204000,-83.457110,city
4874,PWI #110,"I-20, EXIT 112 & FM-1936",Odessa,TX,710,3.04900,1,3.04900,3.04900,31.845680,-102.367640,city
4878,SHELL DBA ONE9 #1426,"I-84, EXIT 35",Nampa,ID,785,3.37400,1,3.37400,3.37400,43.540720,-116.563460,city
4881,PETRO STOPPING CENTER #14,"I-295, EXIT 56",Bordentown,NJ,230,4.02900,1,4.02900,4.02900,40.146220,-74.711830,city
4885,LOVES TRAVEL STOP #384,"I-70, EXIT 45",Greenville,IL,540,3.70900,6,3.68900,3.74900,38.892270,-89.413140,city
4887,SUNOCO,"I-80 & I-90, EXIT 3",Wauseon,OH,550,3.69900,1,3.69900,3.69900,41.549220,-84.141610,city
4894,CLOVERDALE TRAVEL PLAZA,"I-70, EXIT 41 & US-231",Cloverdale,IN,375,3.69900,1,3.69900,3.69900,39.514770,-86.793900,city
4905,HY-MILER #2204,SR-250,Sandusky,OH,550,3.53233,1,3.53233,3.53233,41.448940,-82.707960,city
4909,CIRCLE K #2723916,US-441/US-301/US/27/SR-500,Ocala,FL,140,3.45900,1,3.45900,3.45900,29.187200,-82.140090,city
4910,PILOT TRAVEL CENTER #892,"I-70 EXIT 164, & US-50",Green River,UT,835,3.68567,1,3.68567,3.68567,38.995250,-110.161800,city
4918,PILOT TRAVEL CENTERS #219,"I-40, EXIT 398",Knoxville,TN,405,3.69900,1,3.69900,3.69900,35.960640,-83.920740,city
4920,TA LAPLACE,"I-10, EXIT 209 & US-5",La Place,LA,600,3.22733,1,3.22733,3.22733,30.066980,-90.481470,city
4921,PILOT TRAVEL CENTERS #231,"I-75, EXIT 29",Corbin,KY,410,3.60900,1,3.60900,3.60900,36.948700,-84.096880,city
4927,CIRCLE K #2704886,"I-65, EXIT 205 & US-31/SR-22",Clanton,AL,720,3.20733,1,3.20733,3.20733,32.838740,-86.629430,city
4933,VILLAGE TRUCK STOP,"I-81, EXIT 18",Rural Retreat,VA,185,3.29900,1,3.29900,3.29900,36.893730,-81.275930,city
4977,KWIK TRIP #331,SR-54,Wisconsin Rapids,WI,395,3.26233,1,3.26233,3.26233,44.383580,-89.817350,city
4981,JOHNNYS MARKET,"I-94, EXIT 110 & US-27",Marshall,MI,385,3.49900,1,3.49900,3.49900,42.272260,-84.963310,city
4983,KWIK TRIP #603,"I-94, EXIT 28 & SR-128",Wilson,WI,451,3.54900,1,3.54900,3.54900,44.953580,-92.173520,city
4996,ZIP TRIP #54,"I-90, EXIT 452",Billings,MT,780,3.59067,1,3.59067,3.59067,45.783290,-108.500690,city
5003,TRAILWAY TRUCK STOP,US-301/SR-304,Centreville,MD,22,3.25900,1,3.25900,3.25900,39.041780,-76.066330,city
5006,SUNOCO,US-1/US-9,Linden,NJ,79,3.79900,1,3.79900,3.79900,40.622050,-74.244590,city
5024,I 55 MOTOR PLAZA,"I-55,  EXIT 180",Pevely,MO,540,2.99067,1,2.99067,2.99067,38.283390,-90.395120,city
5030,YESWAY #1030,US-63 & E MARY ST,Ottumwa,IA,320,3.39900,1,3.39900,3.39900,41.020010,-92.411300,city
5044,TA MOUNT VERNON TRAVEL CENTER,"I-44, EXIT 46 & SR-39/SR265",Mount Vernon,MO,535,3.40900,1,3.40900,3.40900,37.103670,-93.818540,city
5050,ROCK PORT TRUCK PLAZA,"I-29 & US-136, EXIT 110",Rock Port,MO,400,3.09900,1,3.09900,3.09900,40.411110,-95.516930,city
5056,TREX MART #16,"I-35, EXIT, 61 & US-69",Winston,MO,276,3.11900,1,3.11900,3.11900,39.870000,-94.139950,city
5057,PHILLIPS 66,"I-35, EXIT 54 & I-35 BUS/US-36",Cameron,MO,276,3.09900,1,3.09900,3.09900,39.740280,-94.241060,city
5060,CRAZY FREDS TRUCK SHOP,"I-40, EXIT 44 & US-66",Kingman,AZ,910,3.53900,1,3.53900,3.53900,35.189440,-114.053010,city
5064,CLARK OIL #44,"I-59, EXIT 97",Laurel,MS,620,2.87900,1,2.87900,2.87900,31.694050,-89.130610,city
5079,FASTLANE TAYLOR 63,US-61 & SR-6,Taylor,MO,494,3.01567,1,3.01567,3.01567,39.938100,-91.523770,city
5085,K AN T TRUCKSTOP,"I-79, EXIT 137 & SR-310",Fairmont,WV,165,3.39900,1,3.39900,3.39900,39.485080,-80.142580,city
5111,CIRCLE K #2723385,"I-59, EXIT 67 & US-49/SR-42",Hattiesburg,MS,620,3.14900,1,3.14900,3.14900,31.327120,-89.290340,city
5117,CIRCLE K #4702361,"I-65, EXIT 130 & SR-334",Whitestown,IN,375,3.29233,1,3.29233,3.29233,39.997260,-86.345830,city
5128,CASEYS #2769,"I-80, EXIT 220 & SR-149",Williamsburg,IA,380,3.14233,1,3.14233,3.14233,41.661120,-92.009070,city
5131,TRAILS END TRUCK STOP,"I-29, EXIT 110 & US-136",Rock Port,MO,486,3.40567,1,3.40567,3.40567,40.411110,-95.516930,city
5132,Travel Centers of America,"I-44, EXIT 208 & SR-19",Cuba,MO,574,3.26567,1,3.26567,3.26567,38.062820,-91.403480,city
5160,FUEL MART #727,"I-70, EXIT 193",Quaker City,OH,249,3.16567,1,3.16567,3.16567,39.970070,-81.299280,city
5163,Blue Sky #733,"US-78, EXIT 81 & SR-178",Belden,MS,742,2.93900,1,2.93900,2.93900,34.310380,-88.788390,city
5165,ONE9 #046,"I-65, EXIT 6 & SR-100",Franklin,KY,415,3.08567,1,3.08567,3.08567,36.722260,-86.577220,city
5167,SPEEDWAY #7575,"I-65, EXIT 255",Hobart,IN,290,3.63233,1,3.63233,3.63233,41.532260,-87.255040,city
5170,FLYING J #516,"I-76, EXIT 161 & I-70",Breezewood,PA,14,5.09900,1,5.09900,5.09900,39.999250,-78.238620,city
5183,PETRO STOPPING CENTER #74,I-95 & EXIT 106,Kenly,NC,205,3.70900,1,3.70900,3.70900,35.596270,-78.124160,city
5191,NORTH POINT PLAZA,"I-90 & I-94, EXIT 115",Poynette,WI,420,3.17233,1,3.17233,3.17233,43.390260,-89.402900,city
5202,Chevron #306185,US-30,Montpelier,ID,825,3.69900,1,3.69900,3.69900,42.322150,-111.297700,city
5203,OASIS TRAVEL CENTER,"I-10, EXIT 53",Robertsdale,AL,715,3.46900,1,3.46900,3.46900,30.553800,-87.711930,city
5207,JJ TRAVEL PLAZA,"I-70, EXIT 70 & US-83",Oakley,KS,525,3.61567,1,3.61567,3.61567,39.133340,-100.863760,city
5227,PILOT TRAVEL CENTERS #900,"I-95, EXIT 75",Dunn,NC,205,3.70900,1,3.70900,3.70900,35.306270,-78.608900,city
5230,ONE9 #496,"I-80, EXIT 265",Atalissa,IA,270,3.01567,1,3.01567,3.01567,41.571140,-91.165990,city
5232,CM EUNICE,US-190,Eunice,LA,730,3.39900,1,3.39900,3.39900,30.494370,-92.417630,city
5234,SINCLAIR,SR-37,Monett,MO,277,3.29067,1,3.29067,3.29067,36.928950,-93.927710,city
5236,FLYING J #875,"I-95,  EXIT 109",Elkton,MD,243,4.19900,1,4.19900,4.19900,39.606780,-75.833270,city
5245,CASEYS #3842,US-36 & US-283,Norton,KS,357,3.15733,1,3.15733,3.15733,39.833890,-99.891510,city
5247,EDGERTON TRAVEL PLAZA,"I-90, EXIT 160 & US-51",Edgerton,WI,420,3.19900,1,3.19900,3.19900,42.835280,-89.067610,city
5249,Taylor's Stateline Travel Center,US-67 & SR-278,Neelyville,MO,275,2.99900,1,2.99900,2.99900,36.561720,-90.506220,city
5254,TA CANDLER TRAVEL CENTER,"I-40, EXIT 37",Candler,NC,210,3.79900,1,3.79900,3.79900,35.536500,-82.692910,city
5255,7-ELEVEN #35788,"I-35, EXIT 215",Olathe,KS,400,3.33900,1,3.33900,3.33900,38.881400,-94.819130,city
5258,PT TRUCK STOP,"I-12, EXIT 42",Hammond,LA,623,3.24900,1,3.24900,3.24900,30.504630,-90.462930,city
5282,CASEYS #3548,US-54 & US-61,Pratt,KS,357,3.14067,1,3.14067,3.14067,37.643910,-98.737590,city
5285,TULLO TRUCK STOP,"I-95, EXIT 15E & US-1/US-9",Kearny,NJ,79,3.79900,1,3.79900,3.79900,40.768430,-74.145420,city
5297,ERNIES TRUCK STOP,"I-90,  EXIT 179 & I-90 BUS/SR-17",Moses Lake,WA,920,4.04233,3,3.94900,4.17900,47.130140,-119.278080,city
5299,Sudden Service #62,"I-65, EXIT 6 & SR-100",Franklin,KY,460,3.08400,1,3.08400,3.08400,36.722260,-86.577220,city
5302,ONE9 #258,"I-81, EXIT 150 & US-220 ALT & US-11",Troutville,VA,185,3.03233,1,3.03233,3.03233,37.418190,-79.874760,city
5306,PILOT TRAVEL CENTERS #11,"I-76, EXIT 232",North Lima,OH,573,3.79900,1,3.79900,3.79900,40.948390,-80.658960,city
5309,NEWBORN TRUCK STOP,I-20 EXIT 5,Tallapoosa,GA,48,3.40733,1,3.40733,3.40733,33.744550,-85.288010,city
5310,FLYING J #576,"I-35, EXIT 69",Northfield,MN,515,3.85900,1,3.85900,3.85900,44.458300,-93.161600,city
5324,HY-MILER #2245,SR-53,Fremont,OH,550,3.38233,1,3.38233,3.38233,41.350330,-83.121860,city
5341,KWIK STAR #1160,"US-75, EXIT 118 & SR-3",Le Mars,IA,408,3.29900,1,3.29900,3.29900,42.794160,-96.165580,city
5349,JET FOOD STORE #17,US-1/SR=4/SR-540 & US-220/SR-47,Wrens,GA,135,3.41567,1,3.41567,3.41567,33.207650,-82.391790,city
5363,SPEEDWAY #6767,"I-75, EXIT 20",Manheim,PA,70,4.49900,1,4.49900,4.49900,40.163430,-76.394960,city
5389,FLYING J TRAVEL PLAZA #744,"I-15, EXIT 343",Ogden,UT,835,3.74900,1,3.74900,3.74900,41.223000,-111.973830,city
5391,PWI #605,"I-10, EXIT 378",San Simon,AZ,640,2.95900,1,2.95900,2.95900,32.267860,-109.227560,city
5399,FLYING J TRAVEL PLAZA #750,"I-81 & I-77, EXIT 80",Max Meadows,VA,185,3.54900,1,3.54900,3.54900,36.970400,-80.949530,city
5407,CASEYS #4535,US 81,Concordia,KS,570,2.91233,1,2.91233,2.91233,39.570840,-97.662540,city
5414,Pride Travel Center dba One9 #1216,"I-10 ,EXIT 200 & SR-84",Eloy,AZ,930,3.19900,2,3.19900,3.19900,32.755900,-111.554840,city
5419,USA TRAVEL CENTER,"I-40, EXIT 48 & US-93",Kingman,AZ,910,3.39900,1,3.39900,3.39900,35.189440,-114.053010,city
5422,K AND H TRUCK PLAZA,"I-57, EXIT 283 & US-24",Gilman,IL,290,3.12900,2,3.09900,3.15900,40.766700,-87.992260,city
5424,WK TRUCK STOP,"US-231 & SR-9001, EXIT 75",Beaver Dam,KY,340,3.39900,1,3.39900,3.39900,37.401990,-86.875830,city
5435,MEADE AUTO AND TRUCK PLAZA,US-54,Meade,KS,525,3.79900,1,3.79900,3.79900,37.285580,-100.340150,city
5436,PARKWAY MARATHON,"US-79, EXIT 94",Caneyville,KY,415,3.73233,1,3.73233,3.73233,37.424220,-86.488310,city
5446,PETRO STOPPING CENTER #308,"I-20, EXIT 8 & SR-526",Shreveport,LA,745,3.17567,1,3.17567,3.17567,32.525150,-93.750180,city
5462,BOOZER KWIK STOP,"I-15, EXIT 118",Idaho Falls,ID,825,3.44733,1,3.44733,3.44733,43.466580,-112.034140,city
5464,PILOT TRAVEL CENTERS #48,"I-65, EXIT 86",Glendale,KY,415,3.60900,1,3.60900,3.60900,37.601730,-85.905520,city
5474,One9 #88,"I-95/SR-9, EXIT 201 & SR-520",Cocoa,FL,143,3.37567,1,3.37567,3.37567,28.386120,-80.742000,city
5477,CHEVRON #383766,"I-5, EXIT 216",Halsey,OR,935,3.09900,1,3.09900,3.09900,44.384010,-123.109810,city
5479,PILOT TRAVEL CENTERS #94,"I-75, EXIT 161",Punta Gorda,FL,225,3.79900,2,3.79900,3.79900,26.929780,-82.045370,city
5491,49ER FUEL CENTER,"I-75, EXIT 49",East Bernstadt,KY,410,2.99900,1,2.99900,2.99900,37.189530,-84.117710,city
5492,BFS FOODS #68,"I-70, EXIT 3",Hancock,MD,22,4.12900,1,4.12900,4.12900,39.698980,-78.179730,city
5522,ONE9 #301,"I-55,  EXIT 40",Marston,MO,275,3.10900,1,3.10900,3.10900,36.518950,-89.612580,city
5523,TA LIMON TRAVEL CENTER,"I-70, EXIT 359 & US-24",Limon,CO,800,3.92067,1,3.92067,3.92067,39.263880,-103.692170,city
5529,FLYING J #549,"I-77, EXIT 100 & 101",Mount Airy,NC,65,3.59900,1,3.59900,3.59900,36.499300,-80.607290,city
5537,HUCKS TRAVEL CENTER #51 DBA FLYING J #889,"I-57/I-64, EXIT 95 & SR-15",Mount Vernon,IL,574,3.46300,5,3.35900,3.59900,38.317270,-88.903120,city
5554,Southfork TRUCK STOP,"I-30, EXIT 63 & SR-53",Gurdon,AR,635,3.45900,1,3.45900,3.45900,33.920940,-93.154060,city
5560,MIDWAY TRAVEL PLAZA,I-70 EXIT 121 & US-40,Columbia,MO,310,3.53900,1,3.53900,3.53900,38.951710,-92.334070,city
5569,TA EXPRESS NORWOOD #0450,US-60,Norwood,MO,535,3.44900,1,3.44900,3.44900,37.108390,-92.414890,city
5570,PETRO STOPPING CENTER #310,"I-12, EXIT 40 & US-51 BUS",Hammond,LA,725,3.24900,1,3.24900,3.24900,30.504630,-90.462930,city
5579,SAPP BROS TRAVEL CENTER,US-30,Columbus,NE,486,3.21900,1,3.21900,3.21900,41.429730,-97.368380,city
5592,TA COLUMBIA NORTH,"I-20, EXIT 71 & US-21",Columbia,SC,46,3.43900,1,3.43900,3.43900,34.000710,-81.034810,city
5597,CM LAKE CHARLES FUEL STOP 36,"I-10, EXIT 36 & SR-397",Lake Charles,LA,690,3.29900,1,3.29900,3.29900,30.213090,-93.204400,city
5601,BP,"I-24, EXIT 16",Paducah,KY,490,3.42900,1,3.42900,3.42900,37.083390,-88.600050,city
5603,TA NORTH CANTON TRAVEL CENTER,"I-77, EXIT 111",North Canton,OH,249,3.62400,1,3.62400,3.62400,40.875890,-81.402340,city
5606,FLYING J #511,"I-94, EXIT 147",Mandan,ND,273,3.95233,1,3.95233,3.95233,46.826660,-100.889580,city
5607,RICE MART,"I-45 & FM 1603, EXIT 238",Rice,TX,630,3.01900,1,3.01900,3.01900,32.243760,-96.498600,city
5608,SHOP A LOTT  #3,US-84 & US-171,Mansfield,LA,766,3.13567,1,3.13567,3.13567,32.037660,-93.700180,city
5613,CHEVRON #381108,"I-82, EXIT 36",Yakima,WA,925,3.99900,1,3.99900,3.99900,46.602070,-120.505900,city
5618,MCCLURE OIL #52,"I-65/US-52, EXIT 140 & SR-32",Lebanon,IN,375,3.58400,1,3.58400,3.58400,40.048370,-86.469170,city
5649,Fast Stop,"I-10, EXIT 182 & SR-22",Sorrento,LA,623,3.69900,1,3.69900,3.69900,30.184360,-90.859260,city
5651,LOVES TRAVEL STOP #303,"I-64, EXIT 43 & SR-395",Waddy,KY,415,3.74900,1,3.74900,3.74900,38.137020,-85.074400,city
5659,TEX-BEST #526,US-59 & US-281,George West,TX,625,3.29900,1,3.29900,3.29900,28.332500,-98.117510,city
5660,Pride Convenience Store,"I-90, EXIT 51 & I-291",Chicopee,MA,100,3.50900,1,3.50900,3.50900,42.148700,-72.607870,city
5661,TA Express #287,"I-40, EXIT 288 & SR-111",Cookeville,TN,460,3.29900,1,3.29900,3.29900,36.162840,-85.501640,city
5667,PILOT TRAVEL CENTERS #393,"I-40, EXIT 24 & SR-209",Waynesville,NC,210,3.75900,1,3.75900,3.75900,35.488710,-82.988750,city
5669,KWIK TRIP #497,I-90 EXIT 266 & CR-12,Dakota,MN,515,3.47400,1,3.47400,3.47400,43.913580,-91.359860,city
5670,TA MOUNT VERNON TRAVEL CENTER,"I-57 & I-64, EXIT 95",Mount Vernon,IL,574,3.49567,3,3.44900,3.53900,38.317270,-88.903120,city
5674,TA MADISON TRAVEL CENTER,"I-20, EXIT 114 & US-441",Madison,GA,16,3.89067,1,3.89067,3.89067,33.595680,-83.467940,city
5677,YESWAY #1178,CR-13,Kadoka,SD,506,3.18900,1,3.18900,3.18900,43.833880,-101.509870,city
5691,Pilot Travel Center #666,"I-94, EXIT 30",Benton Harbor,MI,465,3.05900,1,3.05900,3.05900,42.116710,-86.454190,city
5700,BEACON & BRIDGE #18,US-131 BUS,Big Rapids,MI,456,3.40567,3,3.31900,3.55900,43.698080,-85.483660,city
5718,TOOT N TOTUM #104,US-287,Dalhart,TX,585,3.19900,1,3.19900,3.19900,36.059480,-102.513250,city
5721,TA BALTIMORE SOUTH TRAVEL CENTER,"I-95, EXIT 41A & SR-175 & US-1",Jessup,MD,22,4.59900,1,4.59900,4.59900,39.149270,-76.775250,city
5729,MENOMONIE FARMERS UNION,"I-94, EXIT 45 & CR-B",Menomonie,WI,295,3.64900,1,3.64900,3.64900,44.875520,-91.919340,city
5730,SCOTTS QUICK STOP,SR-53 & SR-46,Marlette,MI,342,3.39900,1,3.39900,3.39900,43.326970,-83.080220,city
5739,PILOT TRAVEL CENTERS #284,"I-75, EXIT 18",Monroe,MI,325,3.38900,5,3.24900,3.55900,41.916430,-83.397710,city
5751,TA LAKE PARK TRAVEL CENTER,"I-75,  EXIT 2",Lake Park,GA,20,3.31567,1,3.31567,3.31567,30.682150,-83.179590,city
5754,ROAD TRIP OASIS PERRY,"I-69, EXIT 105 & SR-52",Perry,MI,406,3.74900,2,3.69900,3.79900,42.826420,-84.219410,city
5758,SPEEDY Q MARKET #8206,"I-94, EXIT 274",Port Huron,MI,325,3.89900,1,3.89900,3.89900,42.970860,-82.424910,city
5770,Kwik Trip # 1281,"I-43, EXIT 107",Belgium,WI,444,3.25567,1,3.25567,3.25567,43.499720,-87.850370,city
5771,DUNES AUTO TRUCK PLAZA,"I-94, EXIT 12",Sawyer,MI,465,3.54900,2,3.49900,3.59900,41.885320,-86.589470,city
5774,PJ TRAVEL PLAZA,"I-80, EXIT 192 & SR-880",Loganton,PA,138,3.47900,1,3.47900,3.47900,41.034240,-77.306640,city
5780,BILLS TRUCKSTOP,"I-85, EXIT 86",Linwood,NC,65,3.44900,1,3.44900,3.44900,35.750690,-80.317830,city
5799,STAPLES OIL,"I-90, EXIT 146",Alden,MN,425,3.29900,1,3.29900,3.29900,43.670230,-93.576050,city
5801,TA WYTHEVILLE TRAVEL CENTER,"I-81, EXIT 72 & I-77, EXIT 41",Wytheville,VA,185,3.51900,1,3.51900,3.51900,36.948450,-81.084810,city
5821,TA PORTLAND TRAVEL CENTER,"I-5,  EXIT 278",Aurora,OR,935,4.03233,1,4.03233,4.03233,45.230950,-122.755930,city
5823,ENMARKET #863,"I-95, EXIT 8 & SR-88",Hardeeville,SC,195,3.08233,1,3.08233,3.08233,32.287140,-81.080670,city
5830,115 TRUCKSTOP #5001,"I-94, EXIT 115",Marshall,MI,431,3.50567,3,3.42900,3.58900,42.272260,-84.963310,city
5842,PETRO STOPPING CENTER #6367,"I-57,  EXIT 335",Monee,IL,290,3.45233,3,3.39900,3.49900,41.420030,-87.741710,city
5860,SPEEDWAY #4610,"I-35, EXIT 59 & SR-21",Faribault,MN,448,3.75900,1,3.75900,3.75900,44.294960,-93.268830,city
5873,SOUTHERN VALLEY COOP,ST 14 BYPASS,Mankato,MN,425,3.49900,1,3.49900,3.49900,44.159060,-94.009150,city
5901,ROTHSAY TRUCK STOP,"I-94, EXIT 38",Rothsay,MN,341,3.20900,1,3.20900,3.20900,46.474960,-96.280620,city
5903,Circle K #2746447,I-94/US-52 EXIT 127 & US-71/SR-28,Sauk Centre,MN,250,3.18900,1,3.18900,3.18900,45.737470,-94.952520,city
5907,SPEEDWAY #4035,CR-101,Shakopee,MN,448,3.59900,1,3.59900,3.59900,44.798020,-93.526900,city
5909,SINCLAIR,"I-90, EXIT 233",Saint Charles,MN,515,3.52900,1,3.52900,3.52900,43.969410,-92.064330,city
5927,HARRISONBURG TRAVEL CENTER,"I-81,  EXIT 243 & US-11",Harrisonburg,VA,185,2.89900,1,2.89900,2.89900,38.449570,-78.868920,city
5935,WESTHAMPTON VALERO,I-295 EXIT 47A,Mount Holly,NJ,160,3.32900,1,3.32900,3.32900,39.992890,-74.787660,city
5942,EXPRESS MART TRUCK STOP,"I-55, EXIT 185 & US-67/US-61",Barnhart,MO,540,2.99733,1,2.99733,2.99733,38.344220,-90.393450,city
5944,LAKE MILLS TRAVEL PLAZA,"I-94, EXIT 259 & SR- 89/CR-G",Lake Mills,WI,420,3.36067,1,3.36067,3.36067,43.081390,-88.911770,city
5946,PILOT TRAVEL CENTERS #918,I-90 EXIT 55,Rapid City,SD,506,3.99900,1,3.99900,3.99900,44.080540,-103.231010,city
5949,EXXON,US-59 & LOOP 151,Texarkana,TX,723,3.16567,1,3.16567,3.16567,33.425130,-94.047690,city
5951,ROAD RANGER #157,I-64 EXIT 41,Okawville,IL,540,3.79900,1,3.79900,3.79900,38.434220,-89.550370,city
5963,OZONA ONE STOP,"I-10, EXIT 372",Ozona,TX,710,2.98233,1,2.98233,2.98233,30.710170,-101.200670,city
5965,TRUCK TOWNE,I-29 EXIT 47 & SR-46,Beresford,SD,572,3.15900,1,3.15900,3.15900,43.080540,-96.773660,city
5971,WACO TRAVEL CENTER,SR-19,Perry,FL,20,3.69900,1,3.69900,3.69900,30.117660,-83.582740,city
5979,TA LAFAYETTE TRAVEL CENTER,"I-10 & SR-182, EXIT 101",Lafayette,LA,600,3.13400,1,3.13400,3.13400,30.224090,-92.019840,city
5980,THRIFT MART TRUCK PLAZA,"I-85/US-460, EXIT 63A & US-1/US-460 BUS",Petersburg,VA,180,3.19900,1,3.19900,3.19900,37.227930,-77.401930,city
5990,360 TRUCK STOP,US-360,Amelia Court House,VA,180,3.59900,1,3.59900,3.59900,37.342930,-77.980560,city
5996,Fast Stop Travel Centers #1134,"I-80/US-30, EXIT 99 & US-191/SR-373",Rock Springs,WY,827,3.49900,1,3.49900,3.49900,41.587460,-109.202900,city
5999,PILOT TRAVEL CENTER #492,"I-30, EXIT 78 & SR-7",Arkadelphia,AR,635,3.52900,2,3.49900,3.55900,34.120930,-93.053780,city
6001,ALLSUPS #2392,US-70 & US-285,Roswell,NM,700,3.19900,1,3.19900,3.19900,33.394370,-104.524910,city
6009,CASEYS #2652,US-65 & US-36,Chillicothe,MO,400,3.28900,1,3.28900,3.28900,39.795290,-93.552440,city
6010,SEGOVIA TRUCK STOP,"I-10, EXIT 465",Junction,TX,739,2.99900,1,2.99900,2.99900,30.489360,-99.772010,city
6018,TA BLOOMINGTON TRAVEL CENTER,"I-55, I-74 & I-39 , EXIT 160",Bloomington,IL,280,3.57100,5,3.44900,3.64900,40.484200,-88.993690,city
6033,EMERY'S,US-54,Deerfield,MO,277,3.34900,1,3.34900,3.34900,37.838650,-94.506070,city
6037,CRYSTAL OIL,"I-129/US-20/US-75,  EXIT 2",South Sioux City,NE,527,3.54900,1,3.54900,3.54900,42.473880,-96.413640,city
6041,COCKERHAM FUEL CENTER #4,"I-77, EXIT 14 & US-58/US-221",Hillsville,VA,185,3.28233,1,3.28233,3.28233,36.762630,-80.734790,city
6047,FAST LANE #26,US-61,Eolia,MO,494,3.09900,1,3.09900,3.09900,39.235880,-91.008190,city
6051,CIRCLE K #2709846,"I-25, EXIT 240",Longmont,CO,800,3.05733,1,3.05733,3.05733,40.167210,-105.101930,city
6057,PILOT TRAVEL CENTERS #903,"I-70/US-40, EXIT 252",Salina,KS,523,3.76900,2,3.75900,3.77900,38.840280,-97.611420,city
6058,MOTOR INN AUTO TRUCK STOP,I-75 EXIT 110,Mendon,OH,370,3.19900,1,3.19900,3.19900,40.673380,-84.518840,city
6068,AYERCO #24,US-61 & CR MM,Hannibal,MO,494,3.09900,1,3.09900,3.09900,39.708380,-91.358480,city
6082,Palmetto Truck Plaza,US-27/SR-25 & SR-826,Hialeah,FL,95,3.39900,1,3.39900,3.39900,25.857600,-80.278110,city
6083,BP,"I-35, EXIT 33",Holt,MO,400,3.04900,1,3.04900,3.04900,39.452780,-94.342170,city
6087,BREAK TIME #3173,US-54 & CR-HH,Fulton,MO,310,3.29900,1,3.29900,3.29900,38.846710,-91.947960,city
6093,ONE9 #901,"I-80 & US-183, EXIT 257",Elm Creek,NE,330,2.96567,1,2.96567,2.96567,40.719450,-99.372040,city
6096,Waverly Travel Center,US-23,Waverly,OH,315,3.41567,1,3.41567,3.41567,39.126730,-82.985460,city
6097,SAPP BROS TRAVEL CENTER,"I-80, EXIT 263",Elm Creek,NE,330,3.18733,1,3.18733,3.18733,40.719450,-99.372040,city
6106,TA HUNTINGTON,"I-84, EXIT 353",Huntington,OR,982,3.63900,1,3.63900,3.63900,44.351270,-117.266570,city
6111,HAWGS EXXON,US-167/SR-25,Batesville,AR,418,3.35900,1,3.35900,3.35900,35.769800,-91.640970,city
6150,CIRCLE K #2723707,"I-81,  EXIT 150",Troutville,VA,65,3.06567,1,3.06567,3.06567,37.418190,-79.874760,city
6154,TA MOBILE TRAVEL CENTER,"I-10,  EXIT 4",Grand Bay,AL,715,3.13567,1,3.13567,3.13567,30.476310,-88.342230,city
6164,PILOT TRAVEL CENTERS #268,"I-80/US-6, EXIT 284",Walcott,IA,270,3.87233,2,3.85900,3.88567,41.584750,-90.772090,city
6165,TEMP STOP #117,I-70 & GRAIN VALLEY RD EXIT 24,Grain Valley,MO,400,2.95900,1,2.95900,2.95900,39.015010,-94.198560,city
6167,PILOT TRAVEL CENTERS #167,US-71,Nevada,MO,277,3.49567,1,3.49567,3.49567,37.839210,-94.354670,city
6172,SPEEDWAY #2319,"I-96, EXIT 77",Portland,MI,431,3.62400,2,3.54900,3.69900,42.869200,-84.903050,city
6173,PILOT TRAVEL CENTERS #21,"I-94, EXIT 167",Dexter,MI,325,3.62150,4,3.57900,3.65900,42.338340,-83.889540,city
6175,ONVO TRAVEL PLAZA - MIFFLINTOWN,US-322/US-22 & SR-35,Mifflintown,PA,138,3.47900,1,3.47900,3.47900,40.569800,-77.396930,city
6179,HENDERSON TRAVEL PLAZA,"I-10, EXIT 115 & SR-347",Breaux Bridge,LA,690,3.38567,1,3.38567,3.38567,30.273530,-91.899280,city
6180,Circle #4703923,"I-24, EXIT 180B & US-27",Chattanooga,TN,285,2.78567,1,2.78567,2.78567,35.045630,-85.309680,city
6182,Exxon,"I-20, EXIT 205 & SR-46",Heflin,AL,587,3.01567,1,3.01567,3.01567,33.648990,-85.587460,city
6188,SIGNAL FOOD STORE #112,US-65 & SR-J,Ozark,MO,535,2.99900,1,2.99900,2.99900,37.020890,-93.206020,city
6198,DAVIS TRAVEL CENTER #102,"I-95/US-301, EXIT 33 & SR-602",Stony Creek,VA,180,3.06567,1,3.06567,3.06567,36.947930,-77.400810,city
6200,KWIK FILL #388,"I-80, EXIT 29 & SR-8",Harrisville,PA,165,3.40400,1,3.40400,3.40400,41.136730,-80.009220,city
6206,PETRO PORTAGE,"I-90 & I-94, EXIT 108-A",Portage,WI,420,3.80733,1,3.80733,3.80733,43.539150,-89.462620,city
6212,MR FUEL,"I-55, EXIT 180",Pevely,MO,540,3.01567,1,3.01567,3.01567,38.283390,-90.395120,city
6214,PIONEER Travel Plaza,"I-41, EXIT 60 & SR-145",Richfield,WI,444,3.21567,1,3.21567,3.21567,43.256120,-88.193980,city
6215,FUEL HUB,"I-87, EXIT 21B",West Coxsackie,NY,12,3.59900,1,3.59900,3.59900,42.360640,-73.816790,city
6218,LOVES TRAVEL STOP #215,"I-40, EXIT 16 & US-40 BUS/US-66",Gallup,NM,580,3.43733,1,3.43733,3.43733,35.528080,-108.742580,city
6219,SCHATZ CROSSROADS,US-2 /US-52,Minot,ND,452,3.54900,1,3.54900,3.54900,48.232510,-101.296270,city
6221,LOVES TRAVEL STOP #214,I-10 EXIT 37,El Paso,TX,640,3.07567,1,3.07567,3.07567,31.758720,-106.486930,city
6222,QUIKTRIP #236,"I-29/US-71, EXIT 18 & SR-92",Platte City,MO,400,2.99900,1,2.99900,2.99900,39.370280,-94.782460,city
6227,MARLOWS FUEL CENTER,"I-20, EXIT 479",Dallas,TX,630,3.24067,1,3.24067,3.24067,32.783060,-96.806670,city
6229,FUEL MART #764,"I-70, EXIT 66 & SR- 54",South Vienna,OH,315,3.12900,1,3.12900,3.12900,39.927000,-83.612420,city
6232,OASIS TRUCK STOP,"I-44 & SR-133, MM 145",Richland,MO,416,3.32400,1,3.32400,3.32400,37.856980,-92.404340,city
6242,TA FORISTELL TRAVEL CENTER,"I-70, EXIT 203",Foristell,MO,540,3.01900,1,3.01900,3.01900,38.815050,-90.955970,city
6243,GARDEN INN TRAVEL PLAZA,US-60/US-63,Cabool,MO,535,3.29900,1,3.29900,3.29900,37.123940,-92.101270,city
6251,BREAUX BRIDGE VALERO #1408,"I-10 & SR-347, EXIT 115",Breaux Bridge,LA,730,3.49900,1,3.49900,3.49900,30.273530,-91.899280,city
6252,PILOT TRAVEL CENTERS #12,I-80 & I-90 EXIT 71,Perrysburg,OH,550,3.75900,1,3.75900,3.75900,41.557000,-83.627160,city
6258,CASEYS #6342,"I-29, EXIT 144 & US-169",Saint Joseph,MO,400,3.16900,1,3.16900,3.16900,39.768610,-94.846630,city
6271,TA DENTON TRAVEL CENTER,"I-35, EXIT 471 & US-77",Denton,TX,630,3.25400,1,3.25400,3.25400,33.214840,-97.133070,city
6275,TA SEATTLE EAST TRAVEL CENTER,"I-90, EXIT 34",North Bend,WA,962,3.90567,3,3.85900,3.95900,47.495660,-121.786780,city
6284,7-ELEVEN #40513,I-90/80-IN TOLL RD MM 22W,Portage,IN,365,3.99900,1,3.99900,3.99900,41.575870,-87.176150,city
6286,APPLE MARKET #526,"I-64, EXIT 94",Winchester,KY,410,2.91567,1,2.91567,2.91567,37.990080,-84.179650,city
6290,FUEL KING NAPOLEON TRAVEL CENTER,"US-6/US-24/SR/CR-3, EXIT 41",Napoleon,OH,550,3.43900,1,3.43900,3.43900,41.392270,-84.125220,city
6293,PETRO STOPPING CENTER #313,"I-40, EXIT 79",Milan,NM,580,3.57067,1,3.57067,3.57067,35.169760,-107.890890,city
6296,GRAY TRUCK STOP,US-71/US-136,Maryville,MO,400,3.26567,1,3.26567,3.26567,40.346100,-94.872470,city
6299,HWY 34 TRUCKSTOP,"US-34, EXIT 258",West Burlington,IA,345,3.37400,1,3.37400,3.37400,40.825040,-91.156540,city
6305,I-95 Fuel Stop,"I-95, EXIT 126 & US-17/US-1",Fredericksburg,VA,180,3.26400,1,3.26400,3.26400,38.303180,-77.460540,city
6307,QUIKTRIP #608,"I-70, MID RIVERS MALL",Saint Peters,MO,540,2.90400,1,2.90400,2.90400,38.800330,-90.626510,city
6308,Pilot Travel Centers #354,"I-64, EXIT 28",Simpsonville,KY,415,3.75900,1,3.75900,3.75900,38.222570,-85.355230,city
6309,WINNERS CIRCLE #1,"I-30 & US-270, EXIT 98A",Malvern,AR,695,3.35233,1,3.35233,3.35233,34.362310,-92.812950,city
6310,CIRCLE K #2707515,US-27/SR-25 & US-98/US-700/SR-700/SR-66,Sebring,FL,140,3.38900,1,3.38900,3.38900,27.495590,-81.440910,city
6315,AYERCO #25,US-24,Taylor,MO,494,3.01567,1,3.01567,3.01567,39.938100,-91.523770,city
6318,Chisholm Corner #15,"I-35, EXIT 72 & US-19",Pauls Valley,OK,569,3.38733,1,3.38733,3.38733,34.740080,-97.222250,city
6326,KANZA TRAVEL PLAZA,"I-35, EXIT 231 AND US-177",Braman,OK,500,3.02733,1,3.02733,3.02733,36.923640,-97.333660,city
6327,PETRO STOPPING CENTER #312,"I-40 & I-75, EXIT 369",Knoxville,TN,405,3.42567,1,3.42567,3.42567,35.960640,-83.920740,city
6330,TA EDINBURG TRAVEL CENTER,I-69C/US-281 & FM-2812,Edinburg,TX,639,3.01067,1,3.01067,3.01067,26.301740,-98.163340,city
6334,231 PLAZA AND TRUCK STOP,US-231/SR-75 & SR-20,Youngstown,FL,20,3.49400,1,3.49400,3.49400,30.364360,-85.438260,city
6341,TA RAWLINS TRAVEL CENTER,"I-80, EXIT 214",Rawlins,WY,795,3.72233,1,3.72233,3.72233,41.791070,-107.238660,city
6346,SPEEDWAY #4710,US-71/SR-60,Windom,MN,425,3.29900,1,3.29900,3.29900,43.866350,-95.116940,city
6351,FLYING J TRAVEL PLAZA #608,"I-10, EXIT 1",Ehrenberg,AZ,930,3.95900,1,3.95900,3.95900,33.604190,-114.525230,city
6356,CIRCLE K #2721536,ST 6 EAST,Batesville,MS,435,3.24067,1,3.24067,3.24067,34.311500,-89.944260,city
6370,TA ROCKWALL TRAVEL CENTER,"I-30/US-67, EXIT 68 & SR-205",Rockwall,TX,630,3.13733,1,3.13733,3.13733,32.931230,-96.459710,city
6374,TA ELGIN WEST TRAVEL CENTER,I-90 &  US-20,Hampshire,IL,290,3.51300,5,3.45900,3.59900,42.097800,-88.530360,city
6387,FLYING J FRANCHISE #966,"I-80, EXIT 229",Battle Mountain,NV,966,3.79233,1,3.79233,3.79233,40.642130,-116.934270,city
6391,TOOT N TOTUM #106,US-287,Dumas,TX,585,3.00567,1,3.00567,3.00567,35.865590,-101.973240,city
6393,PILOT TRAVEL CENTERS #478,"I-64, EXIT 92",Leavenworth,IN,415,3.95900,2,3.95900,3.95900,38.199790,-86.344140,city
6401,CIRCLE K #2723457,"I-10, EXIT 34-B",Gulfport,MS,715,2.98900,1,2.98900,2.98900,30.367420,-89.092820,city
6434,AMPRIDE ALL ROUND TRUCK STOP,US-20,Fort Dodge,IA,343,3.29900,1,3.29900,3.29900,42.497470,-94.168020,city
6441,GRAND OIL,"I-75, EXIT 41 & SR-80",London,KY,410,3.49900,1,3.49900,3.49900,37.128980,-84.083260,city
6442,CLARK OIL #49,US-84,Laurel,MS,620,2.99900,1,2.99900,2.99900,31.694050,-89.130610,city
6448,CIRCLE K #2723392,"I-59, EXIT 97 & US-84",Laurel,MS,620,2.95233,1,2.95233,2.95233,31.694050,-89.130610,city
6462,ARCO #471770,US-281 & SR-5,Dunseith,ND,452,3.49900,1,3.49900,3.49900,48.813060,-100.060970,city
6468,TA SAYRE TRAVEL CENTER,"I-40 & CEMETARY RD, EXIT 26",Sayre,OK,483,3.06400,1,3.06400,3.06400,35.291160,-99.640100,city
6480,FLYING J #934,"I-84, EXIT 265",La Grande,OR,982,3.53567,1,3.53567,3.53567,45.324580,-118.087720,city
6492,FLICKS,US-49,Richland,MS,760,2.99900,1,2.99900,2.99900,32.239040,-90.158420,city
6496,SPEEDY EXPRESS #38,"I-35, EXIT 305",Mathis,TX,625,3.19900,1,3.19900,3.19900,28.094460,-97.828050,city
6502,SQUAW CREEK TRAVEL PLAZA,"I-29, EXIT 79 & US-159",Forest City,MO,400,3.33900,1,3.33900,3.33900,39.982500,-95.191920,city
6517,HARDYS #5,"I-80, EXIT 4   4",Wendover,UT,835,3.49900,1,3.49900,3.49900,40.737150,-114.037510,city
6518,TOWN PUMP FOOD STORE #310,"I-15, EXIT 164",Boulder,MT,816,3.55900,1,3.55900,3.55900,46.236590,-112.120830,city
6526,TULIP CITY TRUCK STOP,"I-196 & SR-40, EXIT 49",Holland,MI,344,3.73900,1,3.73900,3.73900,42.787520,-86.108930,city
6527,ZIP TRIP #50,"I-90, EXIT 426",Park City,MT,780,3.58400,1,3.58400,3.58400,45.632720,-108.917930,city
6547,FLYING J TRAVEL PLAZA #762,"I-90, EXIT 126 & SR-59",Gillette,WY,836,3.89900,1,3.89900,3.89900,44.291090,-105.502220,city
6562,PILOT #1323,"I-29, EXIT 35",Faucett,MO,400,3.27233,1,3.27233,3.27233,39.600000,-94.797460,city
6563,Road Ranger #282,"I-35, EXIT 500",Gainesville,TX,630,3.17567,1,3.17567,3.17567,33.625940,-97.133350,city
6564,FLYING J FRANCHISE #970,US-395,Pasco,WA,925,4.59900,1,4.59900,4.59900,46.239580,-119.100570,city
6565,TA Greeneville Travel Center,"I-81,  EXIT 36",Greeneville,TN,405,3.55233,1,3.55233,3.55233,36.163160,-82.830990,city
6567,YELLOWSTONE TRUCK SHOP,"I-90, EXIT 330",Livingston,MT,786,3.64900,1,3.64900,3.64900,45.662440,-110.561040,city
6577,AC & T TRAVEL CENTER,"I-81, EXIT 5 W",Hagerstown,MD,70,3.65900,1,3.65900,3.65900,39.641760,-77.719990,city
6578,PILOT TRAVEL CENTER #909- TOWN PUMP,"I-15 & US-2, EXIT 363",Shelby,MT,815,3.63567,1,3.63567,3.63567,48.505260,-111.856970,city
6588,TOWN PUMP FOOD STORE #4300,"I-90, EXIT 249",Whitehall,MT,786,3.65900,1,3.65900,3.65900,45.870760,-112.097490,city
6593,LITTLE AMERICA TRAVEL CENTER,"I-40, EXIT 198",Flagstaff,AZ,930,3.53900,1,3.53900,3.53900,35.198070,-111.651270,city
6607,TRANSIT TRUCK STOP,"I-97, EXIT 10",Millersville,MD,22,3.46567,1,3.46567,3.46567,39.059550,-76.648020,city
6608,7-ELEVEN #35560,SR-16,Charlotte,NC,46,3.99900,1,3.99900,3.99900,35.227090,-80.843130,city
6628,FLYING J TRAVEL PLAZA #682,"I-85, EXIT 150",Haw River,NC,65,3.94233,1,3.94233,3.94233,36.091530,-79.364190,city
6632,TA SAVANNAH TRAVEL CENTER,"I-95/SR-405,  EXIT 87 & US-17/SR-25",Richmond Hill,GA,195,3.35067,1,3.35067,3.35067,31.938270,-81.303440,city
6633,BAKER TRUCK CORRAL,"I-84, EXIT 304",Baker City,OR,982,3.42567,1,3.42567,3.42567,44.774870,-117.834380,city
6640,PETRO STOPPING CENTER JOHNSTOWN,"I-25, EXIT 254",Johnstown,CO,800,3.42733,1,3.42733,3.42733,40.336930,-104.912200,city
6642,TA VERO BEACH TRAVEL CENTER #197,"I-95/SR-9, EXIT 147 & SR-60",Vero Beach,FL,95,3.48400,1,3.48400,3.48400,27.638640,-80.397270,city
6646,FAMILY EXPRESS #35 (DISCOUNT AVAILABLE),"I-65, EXIT 215 & SR-114",Rensselaer,IN,365,3.13233,1,3.13233,3.13233,40.936700,-87.150860,city
6655,BP DBA TA ELKTON TRAVEL CENTER,"I-95,  EXIT 109B",Elkton,MD,150,4.96900,1,4.96900,4.96900,39.606780,-75.833270,city
6659,GURNEE TRUCK STOP,US-41,Gurnee,IL,290,3.33400,2,3.28900,3.37900,42.370300,-87.902020,city
6661,TA FRANKLIN TRAVEL CENTER,"I-65, EXIT 61",Franklin,TN,460,3.83900,1,3.83900,3.83900,35.925060,-86.868890,city
6663,TA of Mocksville,"I-40, EXIT 170 & US-601",Mocksville,NC,46,3.69900,1,3.69900,3.69900,35.894030,-80.561450,city
6677,ROADWAY TRAVEL CENTER,"I-29, EXIT 73",Sioux Falls,SD,530,3.19900,1,3.19900,3.19900,43.543690,-96.727960,city
6693,SAPP BROS TRAVEL CENTER,US-77,Fremont,NE,486,3.34567,1,3.34567,3.34567,41.433330,-96.498080,city
6701,JACKS TRUCK STOP,"I-65, EXIT 304 & SR-69",Cullman,AL,615,3.99900,1,3.99900,3.99900,34.174820,-86.843610,city
6704,FL Roberts,"I-91, EXIT 24",Whately,MA,100,3.55900,1,3.55900,3.55900,42.439810,-72.634810,city
6716,MARATHON,"I-29/US-81, EXIT 65 & I-94 BUS/US-10",Fargo,ND,341,3.44900,1,3.44900,3.44900,46.877190,-96.789800,city
6721,STAMART 1222,"I-29, EXIT 64",Fargo,ND,341,3.38567,1,3.38567,3.38567,46.877190,-96.789800,city
6725,TA EXPRESS GRAND FORKS #948,"I-29, EXIT 141 & US-2",Grand Forks,ND,355,3.53900,1,3.53900,3.53900,47.925260,-97.032850,city
6734,TOMAHAWK TRUCK STOP,"I-25, EXIT 128",Fountain,CO,803,3.29900,1,3.29900,3.29900,38.682220,-104.700810,city
6736,EAGLEVILLE TRAVEL CENTER,"I-35 & ROUTE N, EXIT 106",Eagleville,MO,320,2.93567,1,2.93567,2.93567,40.469170,-93.987170,city
6742,Holiday #3810,"I-94/US-52, EXIT 178 & SR-24",Clearwater,MN,453,3.22067,1,3.22067,3.22067,45.419410,-94.048870,city
6744,FLYING J #550,US-2/US-52,Minot,ND,273,3.93567,1,3.93567,3.93567,48.232510,-101.296270,city
6745,TIGER TRUCK STOP,"I-10, EXIT 139",Grosse Tete,LA,600,3.05900,1,3.05900,3.05900,30.411030,-91.433720,city
6755,PETRO STOPPING CENTER #326,"I-40, EXIT 161 & SR-391",North Little Rock,AR,695,3.20733,1,3.20733,3.20733,34.769540,-92.267090,city
6760,BETTY BEAVERS TRUCKSTOP,"I-87, EXIT 32",Lewis,NY,12,3.66900,2,3.61900,3.71900,44.275050,-73.565690,city
6765,CIRCLE C TRAVEL PLAZA,"I-95, EXIT 68 & SR-61",Walterboro,SC,195,3.07900,1,3.07900,3.07900,32.905170,-80.666770,city
6806,Onvo Travel Plaza,"I-78/US-22, EXIT 45 & SR-863",Kutztown,PA,90,3.32733,1,3.32733,3.32733,40.517320,-75.777420,city
6810,TA RICHMOND,"I-95, EXIT 89 & SR-802",Ashland,VA,180,3.60567,1,3.60567,3.60567,37.759030,-77.479980,city
6811,PUMP & PANTRY #24,US-6/CR-74,Hastings,NE,330,3.39900,1,3.39900,3.39900,40.586120,-98.388390,city
6823,PETRO STOPPING CENTER #301,"I-10, EXIT 37",El Paso,TX,640,3.12400,1,3.12400,3.12400,31.758720,-106.486930,city
6840,PETRO DEMING,"I-10, EXIT 68",Deming,NM,640,3.38567,1,3.38567,3.38567,32.268700,-107.758640,city
6842,FLYNNS TRUCK PLAZA,"US-20, EXIT 11 & SR-140",Shrewsbury,MA,175,3.61567,1,3.61567,3.61567,42.295930,-71.712850,city
6845,NEBRASKALAND TIRE SHOP,"I-80, EXIT 237 & US-283",Lexington,NE,330,2.99900,1,2.99900,2.99900,40.780840,-99.741500,city
6850,BROKEN WHEEL TRUCK STOP,"I-25, EXIT 135",Douglas,WY,790,3.75900,1,3.75900,3.75900,42.759690,-105.382210,city
6857,TA SPARKS TRAVEL CENTER,"I-80, EXIT 19 & SR-659",Sparks,NV,966,3.89900,1,3.89900,3.89900,39.534910,-119.752690,city
6859,PRIME STOP,US-81,Norfolk,NE,470,3.22900,1,3.22900,3.22900,42.028340,-97.417000,city
6864,JJS TRUCK STOP,"I-30, EXIT 106",Malvern,AR,695,3.31567,1,3.31567,3.31567,34.362310,-92.812950,city
6869,TA WHEELING TRAVEL CENTER,"I-70, EXIT 11 & CR-41",Valley Grove,WV,165,3.52900,1,3.52900,3.52900,40.087570,-80.570350,city
6883,PILOT TRAVEL CENTERS #517,US- 22 & SR-322,Duncannon,PA,70,4.19900,1,4.19900,4.19900,40.398140,-77.023030,city
6885,GO MART FOOD STORE #31,"I-77, EXIT 95 & SR-61",Charleston,WV,44,3.49900,1,3.49900,3.49900,38.349820,-81.632620,city
6886,PWI #535,"I-70, EXIT 47",Palisade,CO,800,3.37900,1,3.37900,3.37900,39.110260,-108.350920,city
6897,Speedee Mart #2890,US-20 & US-83,Valentine,NE,475,3.32900,1,3.32900,3.32900,42.872780,-100.550970,city
6901,PRIME STOP,US-275,Wisner,NE,470,3.25900,1,3.25900,3.25900,41.987220,-96.914210,city
6915,FLITE LINE SUNOCO,"I-95, EXIT 3",Portsmouth,NH,34,3.69567,1,3.69567,3.69567,43.077040,-70.757660,city
6927,TORCH 85 TRUCK PLAZA,"I-85, EXIT 42",Tuskegee,AL,720,3.27233,1,3.27233,3.27233,32.424150,-85.690960,city
6944,CROSSROADS TRUCK STOP,"I-82, EXIT 1 & US-730",Umatilla,OR,982,3.23900,1,3.23900,3.23900,45.917350,-119.342520,city
6948,PILOT #4563,"I-8I, EXIT 77",Harrisburg,PA,70,3.86900,1,3.86900,3.86900,40.273700,-76.884420,city
6951,ARROWHEAD TRAVEL PLAZA,"I-84, EXIT 216 & SR 331,",Pendleton,OR,982,3.25900,1,3.25900,3.25900,45.672070,-118.788600,city
6954,BOLLA MARKET #198,SR-17MAHWA,Mahwah,NJ,115,3.58567,1,3.58567,3.58567,41.088710,-74.143760,city
6960,FLYING J TRAVEL PLAZA #761,"I-80 & US-189, EXIT 3",Evanston,WY,835,3.69900,1,3.69900,3.69900,41.268280,-110.963240,city
6961,LITTLE AMERICA,"I-80, EXIT 358 & I-25, EXIT 9 & US-30",Cheyenne,WY,795,3.70900,1,3.70900,3.70900,41.139980,-104.820250,city
6962,LITTLE AMERICA TRAVEL CENTER,"I-80, EXIT 68 & SR-374",Little America,WY,835,3.52567,1,3.52567,3.52567,41.543570,-109.859030,city
6963,Atlantis Fresh Market #553,"I-84, EXIT 1",Montague,NJ,120,3.50900,1,3.50900,3.50900,41.303150,-74.793500,city
6968,R STORE #4513,US-41,Fond Du Lac,WI,360,3.29900,1,3.29900,3.29900,43.775000,-88.438830,city
6970,TA Twin City East Travel Center,I-94  EXIT 4 & US-12,Hudson,WI,450,3.54733,1,3.54733,3.54733,44.974690,-92.756870,city
6971,KWIK TRIP #1013,"I-41, EXIT 57 & SR-167",Richfield,WI,444,3.39067,1,3.39067,3.39067,43.256120,-88.193980,city
6975,TRUCKERS INN STOP,"I-90/I-94, EXIT 132 & US-51",De Forest,WI,420,3.19900,1,3.19900,3.19900,43.247770,-89.343730,city
6976,MOASIS TRUCK CENTER,US-41,Little Chute,WI,444,3.19900,1,3.19900,3.19900,44.279990,-88.318440,city
6980,TA MADISON TRAVEL CENTER,"I-90/I-94/I-39, EXIT 132 & US-51",De Forest,WI,420,3.83900,1,3.83900,3.83900,43.247770,-89.343730,city
6981,Kwik Trip #1197,"US-151, EXIT 26",Belmont,WI,335,3.56400,1,3.56400,3.56400,42.736110,-90.334290,city
6984,TA HURRICANE TRAVEL CENTER,"I-64, EXIT 39 & SR-34",Hurricane,WV,255,3.63233,1,3.63233,3.63233,38.432590,-82.020140,city
6986,LOVES TRAVEL STOPS #448,"I-5, EXIT 136B, SR-509",Tacoma,WA,977,4.58900,2,4.58900,4.58900,47.252880,-122.444290,city
6987,One9 #965,"I-90, EXIT 109 & US-97",Ellensburg,WA,977,3.86567,3,3.83900,3.89900,46.996510,-120.547850,city
6992,FLYING J #1169,"I-5, EXIT 99",Tumwater,WA,977,4.59900,1,4.59900,4.59900,47.007320,-122.909310,city
6994,FLYING J FRANCHISE #967,"I-90, EXIT 286",Spokane,WA,970,4.03500,5,3.92900,4.15900,47.659660,-117.429080,city
6999,SIMMONS TRAVEL CENTER,"I-85, EXIT 4 & SR-93/SR-903",Bracey,VA,180,3.09900,1,3.09900,3.09900,36.599590,-78.143050,city
7003,TA ASHLAND TRAVEL CENTER,"I-95, EXIT 92 & SR-54",Ashland,VA,180,3.64233,1,3.64233,3.64233,37.759030,-77.479980,city
7004,FRANKS TRUCKING CENTER,"I-264, EXIT 13B",Chesapeake,VA,130,3.44900,1,3.44900,3.44900,36.819040,-76.274940,city
7005,PETRO STOPPING CENTER,"I-81 & I-64, EXIT 205",Raphine,VA,185,3.65900,1,3.65900,3.65900,37.937350,-79.232810,city
7007,KUM & GO #0201,"I-80, EXIT 242",Coralville,IA,380,3.29400,1,3.29400,3.29400,41.676400,-91.580450,city
7013,ERNIES TRUCK PLAZA,"I-15, EXIT 112",Beaver,UT,910,3.39900,1,3.39900,3.39900,38.276910,-112.641050,city
7016,TA SALT LAKE CITY TRAVEL CENTER,"I-80, EXIT 99",Tooele,UT,835,3.76900,1,3.76900,3.76900,40.530780,-112.298280,city
7018,FLYING J TRAVEL PLAZA #746,"I-15 & I-80 SR 201, EXIT 305",Salt Lake City,UT,835,3.73233,1,3.73233,3.73233,40.760780,-111.891050,city
7023,TA AMARILLO WEST TRAVEL CENTER,"I-40, EXIT 74",Amarillo,TX,585,3.27900,1,3.27900,3.27900,35.222000,-101.831300,city
7037,SAMS TRUCK STOP,"I-10, EXIT 138",Van Horn,TX,640,3.99900,1,3.99900,3.99900,31.040290,-104.830730,city
7045,BUBBLE CITY TRUCK STOP,US-64,Farmington,NM,614,3.70567,1,3.70567,3.70567,36.728060,-108.218690,city
7051,PILOT #887,US-84 & US-180,Snyder,TX,575,3.24567,1,3.24567,3.24567,32.717890,-100.917620,city
7056,TA SWEETWATER TRAVEL CENTER,"I-20, EXIT 242",Sweetwater,TX,575,3.15233,1,3.15233,3.15233,32.470950,-100.405940,city
7058,YESWAY #1125,"I-27, EXIT 1C",Lubbock,TX,700,2.96900,1,2.96900,2.96900,33.577860,-101.855170,city
7059,TA BIG SPRING TRAVEL CENTER,"I-20, EXIT 177 & US-87",Big Spring,TX,612,3.69900,1,3.69900,3.69900,32.250400,-101.478740,city
7064,SPEEDWAY #9804,"I-10, EXIT 25",El Paso,TX,640,3.41567,1,3.41567,3.41567,31.758720,-106.486930,city
7066,REFUEL #328,"I-35,  EXIT 204",San Marcos,TX,595,2.99900,1,2.99900,2.99900,29.883270,-97.941390,city
7072,TA ANTIOCH TRAVEL CENTER,"I-24, EXIT 62",Antioch,TN,460,3.50567,1,3.50567,3.50567,35.789790,-88.974230,city
7077,THE TENNESSEAN TRUCKSTOP,"I-65, EXIT 22 & US-31 ALT/SR-11",Cornersville,TN,460,3.79900,1,3.79900,3.79900,35.361460,-86.839720,city
7078,TA DENMARK TRAVEL CENTER,"I-40 & SR-138, EXIT 68",Denmark,TN,435,3.53900,1,3.53900,3.53900,36.338390,-87.729190,city
7080,ONE9 #1422,"I-40, EXIT 197",Moriarty,NM,580,3.11567,1,3.11567,3.11567,34.990050,-106.049190,city
7082,Chevron,"I-65, EXIT 6",Ardmore,TN,460,3.59900,1,3.59900,3.59900,34.992030,-86.846670,city
7084,Holiday StationStore #2746500,US-12 & US-281,Aberdeen,SD,248,3.11400,1,3.11400,3.11400,45.464700,-98.486480,city
7087,PILOT #599,"I-90, EXIT 192 & I-90 BUS/US-83",Murdo,SD,506,3.79900,1,3.79900,3.79900,43.888320,-100.712910,city
7088,FLYING J FRANCHISE #931,"I-90, EXIT 61",Rapid City,SD,506,3.15733,1,3.15733,3.15733,44.080540,-103.231010,city
7092,LOVES TRAVEL STOP #445,I-90 EXIT 399 & SR 115,Sioux Falls,SD,530,3.88900,1,3.88900,3.88900,43.543690,-96.727960,city
7095,TA MANNING TRAVEL CENTER,"I-95, EXIT 119",Manning,SC,135,3.51733,1,3.51733,3.51733,33.695160,-80.210910,city
7106,PILOT DEALER #1163,"I-80, EXIT 42",Emlenton,PA,165,4.03567,1,4.03567,4.03567,41.177280,-79.707830,city
7112,TA HARRISBURG TRAVEL CENTER,"I-81, EXIT 77 & SR-39",Harrisburg,PA,70,3.81567,1,3.81567,3.81567,40.273700,-76.884420,city
7116,TA MILESBURG TRAVEL CENTER,"I-80, EXIT 158",Milesburg,PA,14,4.04900,1,4.04900,4.04900,40.941730,-77.785000,city
7121,TA BLOOMSBURG TRAVEL CENTER,"I-80, EXIT 232",Bloomsburg,PA,138,3.95733,1,3.95733,3.95733,41.003700,-76.454950,city
7126,SAPP BROS TRAVEL CENTER,"I-80, EXIT 120",Clearfield,PA,14,3.89900,1,3.89900,3.89900,41.027280,-78.439190,city
7128,FLYING J #518,"I-78, EXIT 10 (PA 645)",Myerstown,PA,208,3.86900,1,3.86900,3.86900,40.374540,-76.302730,city
7129,TA BROOKVILLE TRAVEL CENTER,"I-80 EXIT 78, & SR-36",Brookville,PA,14,4.02900,1,4.02900,4.02900,41.161170,-79.083090,city
7131,TA BREEZEWOOD TRAVEL CENTER,"I-76 & US30, EXIT 161",Breezewood,PA,14,4.29900,1,4.29900,4.29900,39.999250,-78.238620,city
7132,Terrible Herbst dba/One9 #1395,"I-15, EXIT 12",Jean,NV,910,3.45900,1,3.45900,3.45900,35.778870,-115.323880,city
7135,PETRO STOPPING CENTER #336,"I-81, EXIT 52 & I-76, EXIT 226",Carlisle,PA,70,4.14900,1,4.14900,4.14900,40.201480,-77.188870,city
7136,TA LAMAR TRAVEL CENTER,"I-80, EXIT 173 & SR-64",Lamar,PA,14,4.03567,1,4.03567,4.03567,41.016180,-77.531100,city
7137,TA BARKEYVILLE TRAVEL CENTER,"I-80, EXIT 29 & SR-8",Harrisville,PA,165,4.04400,1,4.04400,4.04400,41.136730,-80.009220,city
7147,JUBITZ TRAVEL PLAZA,"I-5, EXIT 307",Portland,OR,935,3.85900,1,3.85900,3.85900,45.523450,-122.676210,city
7148,TA TROUTDALE TRAVEL CENTER,"I-84, EXIT 17",Troutdale,OR,935,3.93233,1,3.93233,3.93233,45.539290,-122.387310,city
7154,TA OKLAHOMA CITY WEST TRAVEL CENTER,"I-40, EXIT 140",Oklahoma City,OK,483,3.30233,1,3.30233,3.30233,35.467560,-97.516430,city
7156,TA OKLAHOMA CITY EAST TRAVEL CENTER,"I-40, EXIT 142",Oklahoma City,OK,483,3.30067,1,3.30067,3.30067,35.467560,-97.516430,city
7166,TA London Travel Center,"I-70 & US-42, EXIT 79",London,OH,315,3.49233,1,3.49233,3.49233,39.886450,-83.448250,city
7169,TA YOUNGSTOWN TRAVEL CENTER,"I-80 & SR 46, EXIT 223",Youngstown,OH,573,3.44400,1,3.44400,3.44400,41.099780,-80.649520,city
7170,TRUCK WORLD TRUCKSTOP,"I-80, EXIT 234",Hubbard,OH,573,3.25900,1,3.25900,3.25900,41.156450,-80.569240,city
7172,TA TOLEDO EAST TRAVEL CENTER,"I-80 & I-280, EXIT 71",Perrysburg,OH,550,3.78067,1,3.78067,3.78067,41.557000,-83.627160,city
7173,SPEEDWAY #9954,"SR-17, EXIT 66",Apalachin,NY,32,4.04900,2,3.99900,4.09900,42.069520,-76.154650,city
7176,TA DAYTON TRAVEL CENTER,"I-70,  EXIT 10 & US-127",Eaton,OH,317,3.40067,1,3.40067,3.40067,39.743940,-84.636620,city
7179,JIMS TRUCK PLAZA,"I-90, EXIT 52E",Buffalo,NY,38,3.72900,2,3.65900,3.79900,42.886450,-78.878370,city
7180,TA HebronTravel Center,"I-70, EXIT 126 & SR-37",Hebron,OH,315,3.38233,1,3.38233,3.38233,39.961730,-82.491270,city
7183,TA KINGSVILLE TRAVEL CENTER,"I-90, EXIT 235 & SR-193",Kingsville,OH,305,3.88233,1,3.88233,3.88233,41.890890,-80.676190,city
7184,TA JEFFERSONVILLE EAST TRAVEL CENTER,"I-71, EXIT 65 & SR-435 & US-35",Jeffersonville,OH,315,3.32733,1,3.32733,3.32733,39.653670,-83.563810,city
7189,S and R Truck Plaza,"I-94, EXIT 260",Jamestown,ND,390,3.58567,1,3.58567,3.58567,46.910540,-98.708440,city
7190,Tower Travel Center,"I-94, EXIT 307",Tower City,ND,341,3.51567,1,3.51567,3.51567,46.922750,-97.673990,city
7196,SALUDA TRUCK PLAZA,"I-26, EXIT 28",Saluda,NC,210,3.09900,1,3.09900,3.09900,35.236230,-82.349280,city
7197,7-ELEVEN #35115,"I-90, EXIT 42",Phelps,NY,190,4.03400,2,4.01900,4.04900,42.957560,-77.057470,city
7198,LOVES TRAVEL STOP #507,"I-85, EXIT 71",Salisbury,NC,46,3.51067,1,3.51067,3.51067,35.670970,-80.474230,city
7212,ONVO TRAVEL PLAZA,"I-90 & RTE 22, EXIT B-3",Canaan,NY,12,3.41900,2,3.39900,3.43900,42.412030,-73.447060,city
7213,SENECA ONE STOP,"I-90, EXIT 58",Irving,NY,38,2.94900,2,2.89900,2.99900,42.567560,-79.112820,city
7215,TA FULTONVILLE TRAVEL CENTER,"I-90, EXIT 28",Fultonville,NY,12,4.03900,1,4.03900,4.03900,42.947850,-74.370410,city
7216,ONVO TRAVEL PLAZA - LOUNSBERRY,"SR-17, EXIT 63",Nichols,NY,220,3.41900,2,3.39900,3.43900,42.021740,-76.366880,city
7220,CUMBERLAND FARMS #001662,US-9W/SR-32,Glenmont,NY,12,3.77400,2,3.74900,3.79900,42.604800,-73.769570,city
7222,TA SANTA ROSA TRAVEL CENTER,"I-40/US-54, EXIT 277 & US-84",Santa Rosa,NM,580,3.45233,1,3.45233,3.45233,34.938670,-104.682490,city
7225,LOVES TRAVEL STOP #329,US-60,Clovis,NM,593,4.08900,1,4.08900,4.08900,34.404800,-103.205230,city
7226,TA LAS CRUCES TRAVEL CENTER,"I-10, EXIT 139",Las Cruces,NM,640,3.14067,1,3.14067,3.14067,32.312320,-106.778340,city
7227,NATIONAL TRUCK STOP,"I-10, VADO EXIT 155",Vado,NM,640,2.99900,1,2.99900,2.99900,32.111760,-106.662500,city
7228,MAVERIK COUNTRY STORE #638,"I-40, EXIT 159D & I-25/US-85, EXIT 227",Albuquerque,NM,580,3.20733,1,3.20733,3.20733,35.084490,-106.651140,city
7229,TA GALLUP TRAVEL CENTER,"I-40, EXIT 16 & HWY 66",Gallup,NM,580,3.43233,1,3.43233,3.43233,35.528080,-108.742580,city
7230,DEMING TRUCK STOP,"I-10, EXIT 81",Deming,NM,640,2.89900,1,2.89900,2.89900,32.268700,-107.758640,city
7231,TA ALBUQUERQUE TRAVEL CENTER,"I-25, EXIT 227 OR 225",Albuquerque,NM,580,3.58733,1,3.58733,3.58733,35.084490,-106.651140,city
7234,TA BLOOMSBURY TRAVEL CENTER,"I-78/US-22, EXIT 7 & SR-173",Bloomsbury,NJ,115,3.79067,1,3.79067,3.79067,40.653990,-75.086560,city
7237,TA COLUMBIA TRAVEL CENTER,"I-80, EXIT 4 & SR-94",Columbia,NJ,115,4.09900,1,4.09900,4.09900,40.926210,-75.092680,city
7239,TA PAULSBORO TRAVELCENTER,"I-295, EXIT 18A",Paulsboro,NJ,150,3.99900,1,3.99900,3.99900,39.830390,-75.240460,city
7240,Pilot Travel Centers #190,"I-78, EXIT 12 & US-22",Hampton,NJ,105,3.80900,1,3.80900,3.80900,40.707040,-74.956000,city
7244,TA LAS VEGAS TRAVEL CENTER,"I-15, EXIT 33",Las Vegas,NV,910,3.73567,1,3.73567,3.73567,36.174970,-115.137220,city
7248,WILD WILD WEST TRAVEL PLAZA,"I-15, EXIT 37",Las Vegas,NV,910,3.76733,1,3.76733,3.76733,36.174970,-115.137220,city
7263,FLYING J #904,"I-80, EXIT 107",Big Springs,NE,475,3.48233,1,3.48233,3.48233,41.061380,-102.074350,city
7264,TA GRAND ISLAND WEST TRAVEL CENTER,"I-80, EXIT 305",Alda,NE,330,3.16900,1,3.16900,3.16900,40.871120,-98.468120,city
7265,Fast Stop Travel Centers #1151,"I-80, EXIT 164 & CR-56C",Hershey,NE,475,3.49900,1,3.49900,3.49900,41.158610,-101.002650,city
7267,TA OGALLALA TRAVEL CENTER,"I-80, EXIT 126",Ogallala,NE,475,3.46567,1,3.46567,3.46567,41.128050,-101.719620,city
7268,SAPP BROS TRAVEL CENTER,"I-80, EXIT 440 & SR-50, EXIT 440",Omaha,NE,486,3.28067,1,3.28067,3.28067,41.256260,-95.940430,city
7269,GRAND ISLAND TRAVEL CENTER,"I-80, EXIT 312 & US-281/US-34",Grand Island,NE,330,3.26567,1,3.26567,3.26567,40.925010,-98.342010,city
7282,ALLTOWN FRESH,"I-87, EXIT 17N & US-9",Fort Edward,NY,12,3.76900,2,3.75900,3.77900,43.267020,-73.584560,city
7284,MURALTS TRUCK PLAZA,"I-90, EXIT 96 & US-93/SR-200",Missoula,MT,820,3.60900,1,3.60900,3.60900,46.872150,-113.994000,city
7285,SENECA ONE STOP,"SR-17, EXIT 20",Salamanca,NY,38,3.30900,1,3.30900,3.30900,42.157840,-78.715030,city
7286,TA MISSOULA,"I-90, EXIT 96 & US-93",Missoula,MT,820,3.69900,1,3.69900,3.69900,46.872150,-113.994000,city
7288,TA LAUREL,"I-90, EXIT 437",Laurel,MT,780,3.61233,1,3.61233,3.61233,45.669120,-108.771530,city
7289,TA STRAFFORD,"I-44, EXIT 88 & SR-125",Strafford,MO,535,3.36567,1,3.36567,3.36567,37.268380,-93.117130,city
7291,TA OAK GROVE TRAVEL CENTER,"I-70, EXIT 28",Oak Grove,MO,400,3.22233,1,3.22233,3.22233,39.005010,-94.129390,city
7293,TA Matthews Travel Center,"I-55, EXIT 58 & SR-80",Matthews,MO,574,3.20567,1,3.20567,3.20567,36.759220,-89.586750,city
7299,GASPERS - FAST LANE,"I-70, EXIT 148 & US-54",Kingdom City,MO,392,2.95900,1,2.95900,2.95900,38.952820,-91.939070,city
7300,B AND D AUTO TRUCK PLAZA,"I-44, EXIT 127",Lebanon,MO,416,3.09900,1,3.09900,3.09900,37.680600,-92.663790,city
7310,AAA HOSPITALITY,"I-55, EXIT 220",Tillatoba,MS,435,2.78400,1,2.78400,2.78400,33.984840,-89.896760,city
7312,208 FUEL PLAZA,"I-70, EXIT 208",Belmont,OH,430,3.41900,1,3.41900,3.41900,39.729500,-84.139660,city
7314,TA MERIDIAN TRAVEL CENTER,"I-20 & I-59, EXIT 160",Meridian,MS,705,2.91233,1,2.91233,2.91233,32.364310,-88.703660,city
7323,TRUCKERS INN,"I-94/US-52, EXIT 127 & US-71",Sauk Centre,MN,453,3.22567,1,3.22567,3.22567,45.737470,-94.952520,city
7326,PETRO STOP #398,"I-35 & I-90, EXIT 11",Albert Lea,MN,515,4.09900,1,4.09900,4.09900,43.648010,-93.368270,city
7327,TA TEKONSHA,"I-69,EXIT 25 & SR-60",Tekonsha,MI,385,3.62900,3,3.58900,3.69900,42.093380,-84.985810,city
7331,SPEEDWAY #9266,US-52 & SR-234,Ironton,OH,255,3.69900,1,3.69900,3.69900,38.536750,-82.682940,city
7332,FLYING J #895,"I-75, EXIT 32A",Trenton,MI,325,3.37900,5,3.24900,3.55900,42.139490,-83.178260,city
7335,TA SAWYER TRAVEL CENTER,"I-94, EXIT 12",Sawyer,MI,465,3.69400,2,3.68900,3.69900,41.885320,-86.589470,city
7337,TA BATTLE CREEK,"I-94, EXIT 104",Battle Creek,MI,385,4.00150,4,3.97900,4.03900,42.317300,-85.178160,city
7341,INTERSTATE TRAVEL PLAZA,"I-495, EXIT 14A & US-1",Wrentham,MA,175,3.69900,1,3.69900,3.69900,42.066770,-71.328110,city
7344,BEST QUICK STOP,US-1,Peabody,MA,178,3.61567,1,3.61567,3.61567,42.527870,-70.928660,city
7353,DYSARTS SERVICE,"I-95, EXIT 44",Bangor,ME,26,3.79900,1,3.79900,3.79900,44.798840,-68.772650,city
7354,CIRCLE K #4707065,"I-95, EXIT 2",Kittery,ME,125,3.89900,1,3.89900,3.89900,43.088140,-70.736160,city
7357,TA SLIDELL TRAVEL CENTER,"I-10, EXIT 266 & US-190",Slidell,LA,725,3.15400,1,3.15400,3.15400,30.275190,-89.781170,city
7360,KINGS TRUCK STOP,ST 103,Port Barre,LA,600,3.18900,1,3.18900,3.18900,30.560200,-91.954010,city
7364,Petro Stopping Center,"I-80, EXIT 226",Girard,OH,573,3.45233,1,3.45233,3.45233,41.153950,-80.701470,city
7370,TA SMITHS GROVE,"I-65, EXIT 38 & SR-101",Smiths Grove,KY,415,3.43233,1,3.43233,3.43233,37.052550,-86.207760,city
7371,One9 #392,"I-65, EXIT 81 & SR-84",Sonora,KY,415,3.19567,1,3.19567,3.19567,37.524230,-85.893020,city
7372,TA WALTON #28,"I-75/I-71, EXIT 175 & SR-338",Walton,KY,300,3.00233,1,3.00233,3.00233,38.875620,-84.610220,city
7379,KEYSTOP TRAVEL CENTER,"I-65, EXIT 2 & US-31W",Franklin,KY,460,2.89900,1,2.89900,2.89900,36.722260,-86.577220,city
7382,TA FLORENCE TRAVEL CENTER,"I-75, EXIT 181",Florence,KY,300,3.07067,1,3.07067,3.07067,38.998950,-84.626610,city
7385,WAKEENEY 24 7 STORE #3,"I-70/US-40, EXIT 127 & US-283",Wakeeney,KS,525,3.09067,1,3.09067,3.09067,39.025010,-99.879570,city
7387,TA Oakley,"I-70, EXIT 76 & US-40/US-83",Oakley,KS,525,3.64900,1,3.64900,3.64900,39.133340,-100.863760,city
7389,GO MART FOOD STORE #58,"I-77, EXIT 1 & SR-7",Marietta,OH,430,3.79900,1,3.79900,3.79900,39.415350,-81.454840,city
7396,7-ELEVEN #36180,US-20/SR-18,Monroeville,OH,550,3.61400,1,3.61400,3.61400,41.244220,-82.696290,city
7398,FLYING J TRAVEL PLAZA #913,"I-80, EXIT 142 & US-65",Altoona,IA,320,3.34900,2,3.34233,3.35567,41.644160,-93.464660,city
7403,FUEL MART #714,"I-75, EXIT 168",North Baltimore,OH,550,3.11233,1,3.11233,3.11233,41.182830,-83.678270,city
7406,PILOT TRAVEL CENTER #594,"I-29, EXIT 143",Sioux City,IA,527,3.65233,2,3.60567,3.69900,42.499990,-96.400310,city
7407,TA IOWA 80 TRAVEL PLAZA,"I-80, EXIT 284",Walcott,IA,270,3.90233,1,3.90233,3.90233,41.584750,-90.772090,city
7408,FRIENDSHIP FOOD MART #99,US-224 & SR-61/SR-598,Willard,OH,249,3.63233,1,3.63233,3.63233,41.053110,-82.726290,city
7410,PILOT TRAVEL CENTERS #373,"I-35 & I-80, EXIT 126",Urbandale,IA,320,3.34900,2,3.34233,3.35567,41.626660,-93.712170,city
7412,PETRO STOPPING CENTER #374,"I-69, EXIT 245 & SR-28",Gaston,IN,457,3.53567,1,3.53567,3.53567,40.313930,-85.500530,city
7416,GOOD TO GO #40,"I-65, EXIT 215 & SR-114",Rensselaer,IN,290,3.20067,1,3.20067,3.20067,40.936700,-87.150860,city
7417,SKY CITGO,US-30 & SR-23,Grovertown,IN,365,3.49900,1,3.49900,3.49900,41.375040,-86.504730,city
7418,JJS TRAVEL PLAZA,US-31 & US-24,Peru,IN,370,3.44400,1,3.44400,3.44400,40.753650,-86.068880,city
7421,MIDLAND #1901,"I-70, EXIT 137 AT MILE 137",Cambridge City,IN,375,3.43233,1,3.43233,3.43233,39.812550,-85.171630,city
7425,Petro Brazil,"I-70,  EXIT 23",Brazil,IN,375,3.98900,1,3.98900,3.98900,39.523650,-87.125020,city
7429,TA CLAYTON,"I-70, EXIT 59 & SR-39",Clayton,IN,375,3.93900,1,3.93900,3.93900,39.689210,-86.522500,city
7435,PETRO STOPPING CENTER #375,"I-65, EXIT 201 & US-231/US-24",Remington,IN,365,3.69900,1,3.69900,3.69900,40.760870,-87.150850,city
7436,TA WHITESTOWN,"I-65/US-52, EXIT 130",Whitestown,IN,375,3.57067,1,3.57067,3.57067,39.997260,-86.345830,city
7437,PETRO STOPPING CENTER #379,"I-74,  EXIT 143",Greensburg,IN,375,3.99900,1,3.99900,3.99900,39.337270,-85.483580,city
7457,TA EFFINGHAM TRAVEL CENTER,"I-57 & I-70, EXIT 160",Effingham,IL,574,3.43400,4,3.34900,3.54900,39.120040,-88.543380,city
7459,TA Morris Travel Center,"I-80, EXIT 112 & SR-47",Morris,IL,290,3.84900,1,3.84900,3.84900,41.357250,-88.421180,city
7466,PILOT TRAVEL CENTER #595,"I-57, EXIT 54B & SR-13",Marion,IL,540,3.75900,2,3.75900,3.75900,37.730610,-88.933130,city
7469,PILOT TRAVEL CENTERS #313,"I-70/I-55, EXIT 4 & SR-203",East Saint Louis,IL,540,3.52400,4,3.37900,3.69900,38.624500,-90.150940,city
7471,ROAD RANGER #185,"I-55, EXIT 145 & US-136",Mc Lean,IL,280,3.39900,2,3.34900,3.44900,40.314480,-89.169810,city
7482,TA BOISE TRAVEL CENTER,"I-84, EXIT 54",Boise,ID,785,3.77067,1,3.77067,3.77067,43.613500,-116.203450,city
7492,Mobil dba One9 #1365,"I-85, EXIT 70",Cusseta,AL,720,2.99900,2,2.99900,2.99900,32.784850,-85.305780,city
7495,RACETRAC #2574,"I-75, EXIT 237, SR-331 & US-41",Forest Park,GA,18,3.10900,1,3.10900,3.10900,33.622050,-84.369090,city
7504,TEXACO,"I-75, EXIT 306 & SR-140",Adairsville,GA,193,3.10567,1,3.10567,3.10567,34.368700,-84.934110,city
7506,CHAPMANS TRUCK STOP,"I-85 & SR-219, EXIT 13",Lagrange,GA,50,3.91567,1,3.91567,3.91567,33.039290,-85.031330,city
7523,EXPRESS STOP FOOD STORE #4644,"I-75, EXIT 181",Pinconning,MI,260,3.63900,1,3.63900,3.63900,43.853630,-83.964990,city
7533,TA WILDWOOD TRAVEL CENTER,"I-75, EXIT 329 & SR-44",Wildwood,FL,225,3.21400,1,3.21400,3.21400,28.865420,-82.040580,city
7534,TA BALDWIN TRAVEL CENTER,"I-10, EXIT 343 & US-301",Jacksonville,FL,75,3.89900,1,3.89900,3.89900,30.332180,-81.655650,city
7535,GIANT #198,"I-4/SR-400, EXIT 7 & US-301/SR-41",Tampa,FL,225,3.25733,1,3.25733,3.25733,27.947520,-82.458430,city
7543,TA NEW HAVEN TRAVEL CENTER,"I-95, EXIT 56",Branford,CT,100,5.06900,1,5.06900,5.06900,41.279540,-72.815100,city
7545,CITGO,"I-95, EXIT 40",Milford,CT,100,3.39900,1,3.39900,3.39900,41.222320,-73.056500,city
7546,SHELL DBA PILOT DEALER #882,"I-95, EXIT 93 & SR-216",North Stonington,CT,73,4.29900,2,4.29900,4.29900,41.440930,-71.881180,city
7551,PWI #525,"I-70, EXIT 295",Watkins,CO,800,3.13900,1,3.13900,3.13900,39.745260,-104.607470,city
7552,TA DENVER WEST TRAVEL CENTER,"I-70, EXIT 266",Wheat Ridge,CO,800,3.41567,1,3.41567,3.41567,39.766100,-105.077210,city
7553,BRUSH TRAVEL PLAZA,"I-76, EXIT 90B & SR-71",Brush,CO,800,3.69900,1,3.69900,3.69900,40.258870,-103.623840,city
7574,108 FOOD AND FUEL,"I-40, EXIT 108 & US-66/US-281 BUS",Calumet,OK,483,3.13567,1,3.13567,3.13567,35.601160,-98.118670,city
7611,LOVES TRAVEL STOP #167,"I-44, EXIT 83",Chickasha,OK,483,3.16567,1,3.16567,3.16567,35.052570,-97.936430,city
7615,HOPI TRAVEL PLAZA CONOCO DBA ONE9 #1270,"I-40, EXIT 292",Holbrook,AZ,930,3.17900,2,3.13900,3.21900,34.902250,-110.158180,city
7617,TUCSON TRUCK TERMINAL,"I-10, EXIT 268",Tucson,AZ,980,3.22233,1,3.22233,3.22233,32.221740,-110.926480,city
7622,COPAN TRUCK STOP,US-75,Copan,OK,307,3.11900,1,3.11900,3.11900,36.897580,-95.926090,city
7624,WILLCOX TRUCK PLAZA,"I-10, EXIT 340",Willcox,AZ,980,3.34067,1,3.34067,3.34067,32.252850,-109.832010,city
7625,LOVES TRAVEL STOP #248,"I-40, EXIT 71",Clinton,OK,483,3.17233,1,3.17233,3.17233,35.515610,-98.967310,city
7627,DAVIS TRADING POST,"I-35, EXIT 55",Davis,OK,569,2.97900,1,2.97900,2.97900,34.504530,-97.119460,city
7629,ARNOLDS TRUCK STOP,US-72/SR-20/SR-157 & CR-59,Tuscumbia,AL,615,3.16900,1,3.16900,3.16900,34.731200,-87.702530,city
7635,TA MONTGOMERY TRAVEL CENTER,"I-65, EXIT 168 & US-80/US-82/SR-6/SR-8",Montgomery,AL,720,3.25233,1,3.25233,3.25233,32.366810,-86.299970,city
7636,PILOT TRAVEL CENTERS #76,"I-20 & I-59, EXIT 76",Tuscaloosa,AL,615,3.04900,2,2.99900,3.09900,33.209840,-87.569170,city
7655,LOVES TRAVEL STOP #253,I-40 EXIT 7 & SR 30,Erick,OK,483,3.20567,1,3.20567,3.20567,35.215330,-99.866490,city
7705,FLYING J TRAVEL PLAZA #610,"I-40, EXIT 53",Kingman,AZ,910,3.88233,1,3.88233,3.88233,35.189440,-114.053010,city
7708,PILOT TRAVEL CENTERS #352,"I-75, EXIT 139",Fort Myers,FL,225,3.79900,2,3.79900,3.79900,26.621680,-81.840590,city
7715,LONDON AUTO TRUCK CENTER,"I-75, EXIT 41 & SR-80",London,KY,405,3.39900,1,3.39900,3.39900,37.128980,-84.083260,city
7718,MR FUEL #717,"I-44, EXIT 251",Villa Ridge,MO,540,3.01567,1,3.01567,3.01567,38.472550,-90.886800,city
7719,FLYING J TRAVEL PLAZA #674,"I-70, EXIT 188",Warrenton,MO,540,3.11567,1,3.11567,3.11567,38.811440,-91.141540,city
7721,TRAIL STAR TRUCK STOP,"ST 16, EXIT 213",Glendive,MT,807,3.45900,1,3.45900,3.45900,47.105290,-104.712460,city
7722,SAPP BROS TRAVEL CENTER,"I-80, EXIT 353 & US-81",York,NE,330,3.32400,1,3.32400,3.32400,40.868070,-97.592000,city
7724,FUEL MART #767,US-6 & US-23,Bradner,OH,550,3.40733,1,3.40733,3.40733,41.324220,-83.438540,city
7725,BELL STORES #48,US-30 & SR-94,Dalton,OH,249,3.38567,1,3.38567,3.38567,40.798940,-81.695410,city
7733,FLYING J TRAVEL PLAZA #723,"I-40, EXIT 76",Amarillo,TX,585,3.26567,1,3.26567,3.26567,35.222000,-101.831300,city
7746,PILOT TRAVEL CENTER #888,"I-27, EXIT 74",Tulia,TX,585,3.34067,1,3.34067,3.34067,34.535890,-101.758520,city
7753,LOVES TRAVEL STOP #166,SR-351,Muskogee,OK,560,3.33733,1,3.33733,3.33733,35.747880,-95.369690,city
7767,FLYING J TRAVEL PLAZA #759,"I-25, EXIT 7",Cheyenne,WY,795,3.70900,1,3.70900,3.70900,41.139980,-104.820250,city
7768,BIG D #30,"I-25/US-87, EXIT 9 & I-80, EXIT 359C & I-80 BUS/US-30",Cheyenne,WY,795,3.20400,1,3.20400,3.20400,41.139980,-104.820250,city
7792,FLYING J TRAVEL PLAZA #630,"I-75/SR-401, EXIT 201 & SR-36",Jackson,GA,67,3.38400,1,3.38400,3.38400,33.294570,-83.966020,city
7798,CIRCLE K #2745100,"I-95, EXIT 7",Woodbine,GA,75,3.23233,1,3.23233,3.23233,30.963960,-81.724160,city
7825,PILOT TRAVEL CENTERS #356,"I-65, EXIT 121",Shepherdsville,KY,415,3.60900,1,3.60900,3.60900,37.988400,-85.715790,city
7838,PILOT #581,"US-52/SR-55, & 117TH ST, MM300",Inver Grove Heights,MN,515,3.57900,1,3.57900,3.57900,44.848020,-93.042720,city
7871,STRIPES 7FLEET #42454,"US-60, US-70 & US-84",Texico,NM,700,3.82900,1,3.82900,3.82900,34.388690,-103.051340,city
7873,One9 #387,"I-80, EXIT 280 & SR- 278",Carlin,NV,835,3.43900,1,3.43900,3.43900,40.713810,-116.103970,city
7886,PETRO STOPPING CENTER #357,"I-70, EXIT 156B & US-40",New Paris,OH,317,3.48733,1,3.48733,3.48733,39.856990,-84.793290,city
7930,I 24 TRUCK PLAZA,"I-24, EXIT 114 & US-41",Manchester,TN,460,3.09900,1,3.09900,3.09900,35.481740,-86.088600,city
7946,PILOT TRAVEL CENTERS #289,"I-90/I-39, EXIT 158 & I-43/SR-81, EXIT 1",Beloit,WI,520,3.79900,1,3.79900,3.79900,42.508350,-89.031780,city
7959,SPF #45,"I-25/US-87, EXIT 7 & US-212",Cheyenne,WY,795,3.22567,1,3.22567,3.22567,41.139980,-104.820250,city
8840,LOVES TRAVEL STOP #211,"I-35, EXIT 120",Oklahoma City,OK,483,3.25567,1,3.25567,3.25567,35.467560,-97.516430,city
8895,PAULS VALLEY TRAVEL CENTER,"I-35, EXIT 72  & SR-19",Pauls Valley,OK,569,2.99900,1,2.99900,2.99900,34.740080,-97.222250,city
8927,LOVES TRAVEL STOP #219,"I-40, EXIT 200",Seminole,OK,560,3.36233,1,3.36233,3.36233,35.224520,-96.670570,city
8936,CIRCLE K #107,US-220 & CR-902,Ridgeway,VA,65,3.39900,1,3.39900,3.39900,36.989310,-79.482530,city
8948,PARK N PUMP CIRCLE C,"I-15, EXIT 222",Nephi,UT,835,3.44900,1,3.44900,3.44900,39.710230,-111.836320,city
8961,FLYING J TRAVEL PLAZA #736,"I-20, EXIT 42 & US-285",Pecos,TX,710,3.46567,1,3.46567,3.46567,31.422910,-103.493230,city
8977,LOVES TRAVEL STOP #168,"I-44, EXIT 20",Walters,OK,253,3.19400,1,3.19400,3.19400,34.359810,-98.307830,city
8987,LOVES TRAVEL STOP #255,"I-40, EXIT 287 & SR-100",Webbers Falls,OK,645,3.78900,1,3.78900,3.78900,35.510930,-95.129960,city
9160,PILOT TRAVEL CENTERS #912,"I-80, EXIT 300 & SR-40D",Wood River,NE,330,3.28233,1,3.28233,3.28233,40.820570,-98.600070,city
9161,TREXLER PLAZA TRUCK STOP,I-78/US-22,Allentown,PA,160,3.63233,1,3.63233,3.63233,40.608430,-75.490180,city
9206,CIRCLE K #4707005,US-2 & SR-4,Farmington,ME,170,3.89900,1,3.89900,3.89900,44.670620,-70.151170,city
9216,309 TRUCK STOP,SR-309,Coopersburg,PA,90,3.75900,1,3.75900,3.75900,40.511490,-75.390460,city
9241,7-ELEVEN #40286,"I-76,  EXIT 23/312",Elverson,PA,160,3.88900,1,3.88900,3.88900,40.156760,-75.832710,city
9280,ONVO TRAVEL PLAZA - LAKEWOOD,"I-84, EXIT 20 & SR-507",Greentown,PA,200,3.54567,1,3.54567,3.54567,41.321760,-75.305460,city
9289,ONVO EXPRESS,"I-81, EXIT 217 & SR-547",Harford,PA,200,3.60900,1,3.60900,3.60900,41.782300,-75.701580,city
9340,LANCASTER TRAVEL PLAZA,US-30,Ronks,PA,208,3.89900,1,3.89900,3.89900,40.026210,-76.168570,city
9354,BFS FOODS TRUCK PLAZA,"I-79, EXIT 1",Mount Morris,PA,165,4.49900,1,4.49900,4.49900,39.733130,-80.067840,city
9365,FLYING J TRAVEL PLAZA #713,"I-95, EXIT 181",Latta,SC,63,3.34900,1,3.34900,3.34900,34.337100,-79.431160,city
9381,SCOTT FUEL TRAVEL PLAZA,"I-81, EXIT 199",Dalton,PA,200,3.59900,1,3.59900,3.59900,41.534240,-75.736030,city
9382,PILOT TRAVEL CENTERS #286,"I-70, EXIT 10 & SR-127",Eaton,OH,317,3.46233,1,3.46233,3.46233,39.743940,-84.636620,city
9383,PILOT TRAVEL CENTERS #285,"I-70, EXIT 126 & SR-37",Hebron,OH,315,3.44567,1,3.44567,3.44567,39.961730,-82.491270,city
9386,PETRO STOPPING CENTER #325,"I-75,  EXIT 167",North Baltimore,OH,550,3.27067,1,3.27067,3.27067,41.182830,-83.678270,city
9403,PILOT TRAVEL CENTERS #280,"I-78, EXIT 7 & SR-173",Bloomsbury,NJ,105,3.80900,1,3.80900,3.80900,40.653990,-75.086560,city
9415,7-ELEVEN #40287,"I-76, EXIT 24A/326",Wayne,PA,160,3.88900,1,3.88900,3.88900,40.044000,-75.387690,city
9423,PETRO STOPPING CENTER #318,"I-70, EXIT 148",Kingdom City,MO,540,3.05733,1,3.05733,3.05733,38.952820,-91.939070,city
9449,CORNER PANTRY #127,"I-26, EXIT 115 & US-321",West Columbia,SC,135,3.41233,1,3.41233,3.41233,33.993490,-81.073980,city
9451,TA BETO JUNCTION TRAVEL CENTER,"I-35, EXIT 155 & US-75",Lebo,KS,336,3.23067,1,3.23067,3.23067,38.416680,-95.853040,city
9467,TA PORTER TRAVEL CENTERS,"I-94, EXIT 22B & US-20",Chesterton,IN,365,3.84900,1,3.84900,3.84900,41.610590,-87.064200,city
9468,TA LAKE STATION,"I-80 & I-94, EXIT 15B",Lake Station,IN,365,3.84900,1,3.84900,3.84900,41.575040,-87.238920,city
9469,TA EXPRESS COWPENS #477,"I-85, EXIT 83 & SR-110",Cowpens,SC,210,3.39900,1,3.39900,3.39900,35.016790,-81.803990,city
9485,PILOT TRAVEL CENTER #4559,"I-20, EXIT 26",Villa Rica,GA,18,3.41900,2,3.38900,3.44900,33.732050,-84.919110,city
9513,CIRCLE K #2705350,"I-20, EXIT 5 & US-25",North Augusta,SC,135,3.15900,1,3.15900,3.15900,33.501800,-81.965120,city
9525,SCOTCHMAN #3891,"I-77, EXIT 65 & SR-9",Richburg,SC,46,3.10900,1,3.10900,3.10900,34.715970,-81.019530,city
9528,GO MART FOOD STORE #43,"I-64, EXIT 39 & SR-34",Teays,WV,44,3.49900,1,3.49900,3.49900,38.441760,-81.952910,city
9542,SPINX #266,"I-26, EXIT 104",Columbia,SC,135,3.13233,1,3.13233,3.13233,34.000710,-81.034810,city
9550,Mauston Interstate BP,"I-90/I-94, EXIT 69 & SR-82",Mauston,WI,420,3.22733,1,3.22733,3.22733,43.797190,-90.077350,city
9553,LYNDON STATION BP,I-90 & 94 EXIT 79,Lyndon Station,WI,420,3.17700,1,3.17700,3.17700,43.712200,-89.899570,city
9554,BIG D OIL #2,US-85 & US-34,Belle Fourche,SD,506,3.22733,1,3.22733,3.22733,44.671370,-103.852150,city
9614,DITTYS,"I-90, EXIT 284 & SR-45",Kimball,SD,455,3.08900,1,3.08900,3.08900,43.746670,-98.958430,city
9618,FLYING J #477,US-75,Anna,TX,630,3.23900,1,3.23900,3.23900,33.349000,-96.548600,city
9638,PILOT TRAVEL CENTERS #62,"I-95, EXIT 170 & SR-327",Florence,SC,46,3.34900,1,3.34900,3.34900,34.195430,-79.762560,city
9668,COFFEE CUP FUEL STOP #4,"I-90, EXIT 310 & SR-281",Plankinton,SD,455,3.02733,1,3.02733,3.02733,43.715550,-98.485090,city
9675,FLYING J TRAVEL PLAZA #722,"I-75 & I-40, EXIT 369",Knoxville,TN,405,3.43900,1,3.43900,3.43900,35.960640,-83.920740,city
9699,SPEEDWAY #9400,US-30/US-62 & SR-297,Canton,OH,249,3.36900,1,3.36900,3.36900,40.798950,-81.378450,city
9703,PILOT TRAVEL CENTERS #2,"I-90, EXIT 223 & SR-45",Austinburg,OH,305,3.85900,1,3.85900,3.85900,41.772000,-80.854530,city
9712,TA GREENSBORO TRAVEL CENTER,"I-40 & I-85, EXIT 138 & SR-61",Whitsett,NC,65,3.99733,1,3.99733,3.99733,36.071250,-79.564470,city
9713,TA Express Vermillion #275,"I-29, EXIT 26 & SR-50",Burbank,SD,572,3.09900,1,3.09900,3.09900,42.745280,-96.829210,city
9717,COFFEE CUP FUEL STOP #8,"I-90, EXIT 212 & SR-83",Vivian,SD,455,3.09733,1,3.09733,3.09733,43.926930,-100.292080,city
9724,One9 #1339,"I-81,  EXIT 34",Parish,NY,190,3.79900,1,3.79900,3.79900,43.406180,-76.125760,city
9746,TA MILL CITY TRAVEL CENTER,"I-80, EXIT 151",Imlay,NV,966,3.79400,1,3.79400,3.79400,40.660740,-118.150420,city
9747,GOOD TO GO TRAVEL CENTER,"I-80, EXIT 353 & US-81",York,NE,350,3.31733,1,3.31733,3.31733,40.868070,-97.592000,city
9763,DELUXE TRUCK STOP,SR-759,Saint Joseph,MO,400,3.14900,1,3.14900,3.14900,39.768610,-94.846630,city
9783,KANGAROO CROSSING #1101,"I-55, EXIT 144",Pickens,MS,705,3.09900,1,3.09900,3.09900,32.883740,-89.971470,city
9803,TA KNOXVILLE WEST TRAVEL CENTER,"I-40 & I-75, EXIT 369",Knoxville,TN,405,3.42567,1,3.42567,3.42567,35.960640,-83.920740,city
9808,TA ANN ARBOR TRAVEL CENTER,"I-94, EXIT 167",Dexter,MI,325,3.61900,4,3.49900,3.69900,42.338340,-83.889540,city
9812,LEES FOOD MART #1398,"I-40, EXIT 398",Knoxville,TN,405,3.29900,1,3.29900,3.29900,35.960640,-83.920740,city
9818,CIRCLE K #4707002,"I-95, EXIT 157",Newport,ME,170,3.89900,1,3.89900,3.89900,44.835340,-69.273940,city
9821,PILOT TRAVEL CENTERS #52,"I-24, EXIT 64",La Vergne,TN,460,3.47233,1,3.47233,3.47233,36.015620,-86.581940,city
9842,Petes #03,US-59 & US-54,Moran,KS,336,3.26567,1,3.26567,3.26567,37.916150,-95.170250,city
9843,MAPLE HILL TRUCK STOP,"I-70, EXIT 341",Maple Hill,KS,553,3.05233,1,3.05233,3.05233,39.084720,-96.028050,city
9851,KWIK STOP #86,US-151/US-52/US-61,Dubuque,IA,335,3.48900,1,3.48900,3.48900,42.500560,-90.664570,city
9855,PILOT TRAVEL CENTERS #37,"I-65, EXIT 95",Whiteland,IN,375,3.95900,2,3.95900,3.95900,39.550050,-86.079710,city
9860,PARADISE AUTO TRUCK PLAZA,US-31,Rochester,IN,370,3.40567,1,3.40567,3.40567,41.064760,-86.215830,city
9862,PILOT TRAVEL CENTERS #271,"I-80, EXIT 6",Gary,IN,365,3.81400,2,3.79900,3.82900,41.593370,-87.346430,city
9887,7-ELEVEN #40354,"I-95, EXIT 173",Palm Bay,FL,140,3.21567,1,3.21567,3.21567,28.034460,-80.588660,city
9941,FLYING J TRAVEL PLAZA #609,"I-10, EXIT 208-A",Eloy,AZ,930,3.45233,1,3.45233,3.45233,32.755900,-111.554840,city
9945,CIRCLE K #2706690,"I-85/US-29, EXIT 62 & US-280/US-431/SR-38/SR-1",Opelika,AL,50,2.99900,1,2.99900,2.99900,32.645410,-85.378280,city
9959,FLYING J #876,"I-95, EXIT 104",Ruther Glen,VA,180,3.61900,1,3.61900,3.61900,37.928750,-77.455820,city
9962,STRIPES #40673,"I-45, EXIT 179",Mcallen,TX,639,3.28900,1,3.28900,3.28900,26.203410,-98.230010,city
9971,TA DANSVILLE TRAVEL CENTER,"I-390 & COMMERCE, EXIT 5",Dansville,NY,190,4.49900,1,4.49900,4.49900,42.560900,-77.696110,city
9973,BOLLA MARKET,"I-287, EXIT 66",Mahwah,NJ,115,3.53233,1,3.53233,3.53233,41.088710,-74.143760,city
9990,JIMS  BEST STOP,US-45 & US-64,Selmer,TN,435,3.17400,1,3.17400,3.17400,35.170080,-88.592270,city
9995,LOVES TRAVEL STOP #411,"I-35 & I-80, EXIT 125 & US-6",Clive,IA,320,3.34067,1,3.34067,3.34067,41.603040,-93.724110,city
9997,Circle K #2723687,"I-20, EXIT 11 & US-27/SR-1",Bremen,GA,193,3.08733,1,3.08733,3.08733,33.721220,-85.145500,city
10006,FLINT HILLS FUEL MART,US-50 & US-77,Florence,KS,336,3.49900,1,3.49900,3.49900,38.244460,-96.928080,city
10007,CIRCLE K #2705346,SR-307,Savannah,GA,195,3.03233,1,3.03233,3.03233,32.083540,-81.099830,city
10014,Sudden Service #6604,"I-40, EXIT 212",Nashville,TN,460,3.39900,1,3.39900,3.39900,36.165890,-86.784440,city
10015,Loves Travel Stop #429,"I-65 & I-24, EXIT 87",Nashville,TN,460,3.46233,1,3.46233,3.46233,36.165890,-86.784440,city
10020,Maplefields,"US-4, EXIT 2 & SR-22A",Fair Haven,VT,39,3.59900,1,3.59900,3.59900,43.594790,-73.265670,city
10024,MILLERS TRAVEL CENTER,US-6 & US-50,Wellington,UT,835,3.65900,1,3.65900,3.65900,39.542470,-110.735430,city
10028,GOOD TO GO #10,US-35,Winamac,IN,290,3.91400,1,3.91400,3.91400,41.051430,-86.603060,city
10030,LOVES TRAVEL STOP #715,I-77 EXIT 58 & SR-666 & US-52,Bastian,VA,185,3.59733,1,3.59733,3.59733,37.152060,-81.150090,city
10033,SHELL,"I-95, EXIT 133 & US-17 BUS",Fredericksburg,VA,180,3.25567,1,3.25567,3.25567,38.303180,-77.460540,city
10047,TOWN PUMP FOOD STORE #8929,"I-15, EXIT 339",Conrad,MT,815,3.59900,1,3.59900,3.59900,48.170250,-111.946130,city
10053,BECKS #27,"I-39/US-51, EXIT 72 & US-34",Mendota,IL,270,3.26900,1,3.26900,3.26900,41.547250,-89.117590,city
10057,Flying J Travel Plaza #649,"I-465, EXIT 4",Indianapolis,IN,375,3.89900,2,3.89900,3.89900,39.768380,-86.158040,city
10058,CITGO,US-431/SR-1 & SR-27,Abbeville,AL,10,3.39900,1,3.39900,3.39900,31.571840,-85.250490,city
10065,ROAD MART,US-71/US-59,Ashdown,AR,723,3.29900,1,3.29900,3.29900,33.674290,-94.131310,city
10077,FLYING J TRAVEL PLAZA #607,"I-55, EXIT 4 & I-40, EXIT 280",West Memphis,AR,435,3.15067,1,3.15067,3.15067,35.146480,-90.184540,city
10085,EL CENTRO TRAVEL CENTER,"I-8, EXIT 115 & SR-86",El Centro,CA,900,4.49900,1,4.49900,4.49900,32.792000,-115.563050,city
10101,PILOT TRAVEL CENTERS #65,"I-20, EXIT 194",Augusta,GA,135,3.85900,2,3.85900,3.85900,33.470970,-81.974840,city
10104,GEO H GREEN OIL,"I-85/SR-403, EXIT 41 & US-27 ALT",Newnan,GA,18,3.19900,1,3.19900,3.19900,33.380670,-84.799660,city
10109,GIT N GO CONVENIENCE STORE #34,"US-30, EXIT 185 & SR-14",Marshalltown,IA,320,3.11900,1,3.11900,3.11900,42.049430,-92.907980,city
10110,JACKSON'S FOODS DBA ONE9 #1427,"I-84, EXIT 36",Nampa,ID,785,3.37067,1,3.37067,3.37067,43.540720,-116.563460,city
10116,Petro Stopping Center #359,"I-39/US-51, EXIT 99 & SR-38",Rochelle,IL,520,3.75900,1,3.75900,3.75900,41.923920,-89.068710,city
10122,LOVES TRAVEL STOP #417,"I-80 & I-94, EXIT 9A",Gary,IN,365,3.80900,1,3.80900,3.80900,41.593370,-87.346430,city
10126,PILOT TRAVEL CENTERS #152,"I-65, EXIT 16 & MEMPHIS RD",Memphis,IN,415,3.95900,2,3.95900,3.95900,38.483400,-85.761630,city
10128,PETES #20,US-54/SR-7 & US-69,Fort Scott,KS,307,3.19900,1,3.19900,3.19900,37.839760,-94.708300,city
10135,YESWAY #1116,"I-35, EXIT 60",Mcpherson,KS,434,3.25900,1,3.25900,3.25900,38.370840,-97.664210,city
10142,PILOT TRAVEL CENTERS #438,"I-65, EXIT 6 & SR-100",Franklin,KY,415,3.16900,1,3.16900,3.16900,36.722260,-86.577220,city
10144,PILOT TRAVEL CENTERS #358,"I-24 & US-305, EXIT 3",Paducah,KY,490,3.69900,1,3.69900,3.69900,37.083390,-88.600050,city
10146,PILOT TRAVEL CENTERS #437,"I-75, EXIT 11 & SR-92",Williamsburg,KY,410,3.60900,1,3.60900,3.60900,36.743420,-84.159660,city
10150,PILOT TRAVEL CENTERS #300,"I-12, EXIT 40",Hammond,LA,725,3.23233,1,3.23233,3.23233,30.504630,-90.462930,city
10154,I 49 TRUCK STOP,"I-49, EXIT 23 & US-167",Opelousas,LA,600,3.19900,1,3.19900,3.19900,30.533530,-92.081510,city
10157,J AND  H OIL,"US-131, EXIT 72",Byron Center,MI,344,3.54900,2,3.49900,3.59900,42.812250,-85.722810,city
10161,SPEEDWAY #8740,"I-69, EXIT 87",Dewitt,MI,342,3.67900,2,3.59900,3.75900,42.842260,-84.569150,city
10168,Express Stop,"I-94, EXIT 145",Jackson,MI,385,3.58900,1,3.58900,3.58900,42.245870,-84.401350,city
10172,EXPRESS STOP FOOD STORE #4647,"I-75, EXIT 151 & SR- 81",Saginaw,MI,260,3.39900,1,3.39900,3.39900,43.419470,-83.950810,city
10181,QUIKTRIP #611,I-55 EXIT 178,Herculaneum,MO,540,2.99067,1,2.99067,2.99067,38.268390,-90.380120,city
10184,CIRCLE K #2721544,"I-55, EXIT 243 & US-278/SR-6",Batesville,MS,435,3.30900,1,3.30900,3.30900,34.311500,-89.944260,city
10192,INTERSTATE STATION #8,"I-55, EXIT 78",Natchez,MS,760,3.39900,1,3.39900,3.39900,31.560170,-91.403290,city
20000,BIG BOYS TRUCK STOP,"I-95, EXIT 105",Kenly,NC,205,3.29900,1,3.29900,3.29900,35.596270,-78.124160,city
20003,PILOT #7976,"I-77, EXIT 42",Troutman,NC,46,3.65900,1,3.65900,3.65900,35.700690,-80.888130,city
20006,CENEX C STORE,US-52,Kenmare,ND,452,3.46733,1,3.46733,3.46733,48.674750,-102.082660,city
20009,BIG SPRINGS TRUCK AND TRAVEL,"I-80, EXIT 107",Big Springs,NE,475,3.07400,1,3.07400,3.07400,41.061380,-102.074350,city
20011,CUBBYS #111,US-81,Norfolk,NE,470,3.20900,1,3.20900,3.20900,42.028340,-97.417000,city
20012,FLYING J TRAVEL PLAZA #686,"I-80, EXIT 432",Gretna,NE,319,3.28233,1,3.28233,3.28233,41.140830,-96.239740,city
20014,SIMONS EXIT 16,"I-89, EXIT 16",Enfield,NH,39,3.49900,1,3.49900,3.49900,43.640630,-72.143980,city
20019,SUNOCO,"I-295, EXIT 2C & SR-140",Penns Grove,NJ,150,3.45900,1,3.45900,3.45900,39.729560,-75.467970,city
20024,LOVES TRAVEL STOP #259,"I-10 & AIRPORT RD, EXIT 132",Las Cruces,NM,640,3.21400,1,3.21400,3.21400,32.312320,-106.778340,city
20027,LOVES TRAVEL STOP #262,"I-40, EXIT 333",Tucumcari,NM,585,3.88900,1,3.88900,3.88900,35.171910,-103.726860,city
20028,MORTONS TRUCK STOP,"I-15, EXIT 46",North Las Vegas,NV,910,3.39900,1,3.39900,3.39900,36.198860,-115.117500,city
20031,FLYING J TRAVEL PLAZA #770,"I-80, EXIT 176",Winnemucca,NV,966,3.77733,1,3.77733,3.77733,40.972960,-117.735680,city
20033,LOVES TRAVEL STOP #772,"I-86 & SR-17, EXIT 37",Bath,NY,190,4.48900,1,4.48900,4.48900,42.337020,-77.317760,city
20036,SMOKIN JOES,I-90 EXIT 24,Sanborn,NY,38,3.69900,1,3.69900,3.69900,43.136720,-78.884760,city
20042,FLYING J TRAVEL PLAZA #700,I-80 & I-90 EXIT 71,Perrysburg,OH,550,3.75900,1,3.75900,3.75900,41.557000,-83.627160,city
20043,FRIENDSHIP FOOD MART #70,SR-2 & SR-53,Port Clinton,OH,550,3.93900,1,3.93900,3.93900,41.512000,-82.937690,city
20045,PILOT TRAVEL CENTERS #281,"I-80, EXIT 226",Girard,OH,573,3.45233,1,3.45233,3.45233,41.153950,-80.701470,city
20049,LOVES TRAVEL STOP #263,"I-44, EXIT 45 & SR-49",Lawton,OK,569,3.21733,1,3.21733,3.21733,34.608690,-98.390330,city
20050,LOVES TRAVEL STOP #260,"I-35, EXIT 106 & SR-9 W",Norman,OK,483,3.25400,1,3.25400,3.25400,35.222570,-97.439480,city
20054,Jacksons Food Stores,"I-84, EXIT 261",La Grande,OR,925,3.68700,1,3.68700,3.68700,45.324580,-118.087720,city
20062,PILOT TRAVEL CENTERS #298,"I-80, EXIT 256 & SR-93",Drums,PA,200,3.97567,1,3.97567,3.97567,41.018140,-75.994930,city
20066,KWIK FILL #228,"I-90, EXIT 45 & US-20",North East,PA,240,4.08900,1,4.08900,4.08900,42.215610,-79.834220,city
20070,ONVO TRAVEL PLAZA - PROMISED LAND,"I-84, EXIT 26 & SR-390",Tafton,PA,200,3.54567,1,3.54567,3.54567,41.404530,-75.182950,city
20072,PILOT TRAVEL CENTERS #310,"I-85, EXIT 63 & SR-290",Duncan,SC,210,3.43233,1,3.43233,3.43233,34.937900,-82.145110,city
20079,PETRO KINGSTON SPRINGS #349,"I-40, EXIT 188",Kingston Springs,TN,460,3.23233,1,3.23233,3.23233,36.102000,-87.115010,city
20082,GOLDEN EXPRESS TRUCK STOP,US-287/US-81 & CR-1595,Alvord,TX,637,3.04900,1,3.04900,3.04900,33.358450,-97.694750,city
20083,FLYING J TRAVEL PLAZA #724,"I-10, EXIT 0",Anthony,TX,640,3.45900,1,3.45900,3.45900,31.999270,-106.605550,city
20086,LOVES TRAVEL STOP #609,"I-35, EXIT 471 & US-77",Denton,TX,630,3.24733,1,3.24733,3.24733,33.214840,-97.133070,city
20105,CEFCO #1050,"I-30, EXIT 146 & US-37",Mount Vernon,TX,723,2.94233,1,2.94233,2.94233,33.188730,-95.221330,city
20108,TEX-BEST #501,"I-37, EXIT 125",Elmendorf,TX,740,2.94900,1,2.94900,2.94900,29.256070,-98.332790,city
20109,PILOT TRAVEL CENTERS #306,"I-10, EXIT 582",San Antonio,TX,740,3.21400,1,3.21400,3.21400,29.424120,-98.493630,city
20114,CROSSROADS,"I-10, EXIT 829 & SR-124",Winnie,TX,610,4.24900,1,4.24900,4.24900,29.820220,-94.384080,city
20118,KWIK TRIP #648,"I-94, EXIT 116 & SR-54",Black River Falls,WI,395,3.23733,1,3.23733,3.23733,44.294680,-90.851530,city
20119,FREMONT CITGO,US-10 & SR-110,Fremont,WI,444,3.39900,1,3.39900,3.39900,44.259700,-88.864830,city
20121,GO MART FOOD STORE #50,"I-77/I-64, EXIT 44 & SR-3",Beckley,WV,44,3.59900,1,3.59900,3.59900,37.778170,-81.188160,city
44228,I-69 TRUCKSTOP TRAVEL CENTER,"I-69, EXIT 184 & SR-19",Memphis,MI,342,3.54900,3,3.49900,3.59900,42.896420,-82.768810,city
52040,REBEL TRUCK STOP,"I-5, EXIT 27",Kalama,WA,935,4.49900,1,4.49900,4.49900,46.007670,-122.844360,city
52048,PILOT TRAVEL CENTERS #302,"I-10, EXIT 13 & CR-30",Theodore,AL,715,3.17900,2,3.15900,3.19900,30.547690,-88.175280,city
52052,EXPRESSWAY MOBIL,US-63 & US-167,El Dorado,AR,635,3.59900,1,3.59900,3.59900,33.207630,-92.666270,city
52065,76 DBA ONE9 #1415,"I-75, EXIT 49",Lake Panasoffkee,FL,225,3.17233,1,3.17233,3.17233,28.777000,-82.120000,city
52067,PETRO STOPPING CENTER #322,"I-285, EXIT 12",Atlanta,GA,18,3.44567,1,3.44567,3.44567,33.749000,-84.387980,city
52070,FRIENDLY EXPRESS #31,US-1 & US-301,Folkston,GA,75,3.09900,1,3.09900,3.09900,30.830950,-82.011310,city
52081,MCCLURE OIL #9,US-31 & SR-18,Kokomo,IN,375,3.83900,1,3.83900,3.83900,40.486430,-86.133600,city
52085,RUSSELL 24/7,"I-70, EXIT 184",Russell,KS,357,3.00733,1,3.00733,3.00733,38.895270,-98.861030,city
52088,CASEYS #4459,"I-64, EXIT 265",Mayfield,KY,490,3.24900,1,3.24900,3.24900,36.741720,-88.636720,city
52089,SHELL,US-84 & SR-28,Jonesville,LA,719,3.39900,1,3.39900,3.39900,31.626560,-91.818180,city
52090,SHOP A LOTT #10,"I-49, EXIT 138 & SR-6",Natchitoches,LA,766,3.12567,1,3.12567,3.12567,31.760720,-93.086270,city
52099,BEACON & BRIDGE #7,"I-75, EXIT 126",Mount Morris,MI,342,3.37900,1,3.37900,3.37900,43.118640,-83.694960,city
52103,SPRINT MART #27,US-45 & US-72,Corinth,MS,435,3.05567,1,3.05567,3.05567,34.934250,-88.522270,city
52104,BLUE SKY #734,SR-1,Saltillo,MS,435,3.08233,1,3.08233,3.08233,34.376490,-88.681720,city
52106,FLYING J TRAVEL PLAZA #923 -TOWN PUMP,"I-90, EXIT 455",Billings,MT,780,3.58067,1,3.58067,3.58067,45.783290,-108.500690,city
52107,PILOT #7983,"I-85,  EXIT 71",Salisbury,NC,46,3.49900,1,3.49900,3.49900,35.670970,-80.474230,city
52112,SROKAS SERVICE CENTER,SR-149,Fort Ann,NY,12,3.89900,3,3.79900,3.99900,43.414240,-73.487610,city
52128,Sudden Service #8087,I-40 EXIT 238,Lebanon,TN,460,3.19900,1,3.19900,3.19900,36.208110,-86.291100,city
52140,Sinclair,"I-82, EXIT 69",Sunnyside,WA,925,4.59900,1,4.59900,4.59900,46.323740,-120.008650,city
52142,PILOT TRAVEL CENTERS #296,"I-94 & BAKER RD, EXIT 167",Dexter,MI,325,3.59650,4,3.49900,3.65900,42.338340,-83.889540,city
52143,One9 #319,"I-75, EXIT 328",Dalton,GA,285,3.01567,1,3.01567,3.01567,34.769800,-84.970220,city
52145,Pilot Travel Center #318,"I-465/I-74/US-52/US-40/SR-67, EXIT 4 & SR-37",Indianapolis,IN,375,3.89900,2,3.89900,3.89900,39.768380,-86.158040,city
52146,FLYING J TRAVEL PLAZA #758,"I-25, EXIT 185 & SR-258",Casper,WY,790,3.99900,1,3.99900,3.99900,42.866630,-106.313080,city
52149,PILOT TRAVEL CENTERS #321,"I-75/71, EXIT 175 & SR-338",Walton,KY,300,3.08567,1,3.08567,3.08567,38.875620,-84.610220,city
52150,PILOT TRAVEL CENTERS #311,"I-90, EXIT 27 & SR-97",Erie,PA,240,4.21567,1,4.21567,4.21567,42.129220,-80.085060,city
52152,PILOT TRAVEL CENTERS #308,"I-80 , EXIT 310",Laramie,WY,795,3.60900,1,3.60900,3.60900,41.311370,-105.591100,city
52153,PILOT TRAVEL CENTER #1412,"I-94 & RUSSELL RD, EXIT 1",Wadsworth,IL,444,3.78900,3,3.76900,3.82900,42.428630,-87.923970,city
52155,TA SOUTHINGTON TRAVEL CENTER,"I-84, EXIT 28 & US-65",Milldale,CT,100,5.19900,1,5.19900,5.19900,41.565930,-72.891770,city
52163,PILOT TRAVEL CENTERS #67,"I-75, EXIT 296",Cartersville,GA,18,3.55733,2,3.54900,3.56567,34.165330,-84.802310,city
52212,FLYING J TRAVEL PLAZA #763,"I-80, EXIT 209",Rawlins,WY,795,3.74900,1,3.74900,3.74900,41.791070,-107.238660,city
52221,FLYING J TRAVEL PLAZA #726,"I-20, EXIT 472",Dallas,TX,630,3.18233,1,3.18233,3.18233,32.783060,-96.806670,city
52222,FLYING J TRAVEL PLAZA #735,"I-10, EXIT 873 & SR-62",Orange,TX,610,3.30900,1,3.30900,3.30900,30.092990,-93.736550,city
52230,ONE9 #294,"I-15 & I-84, EXIT 344 SR-39",Ogden,UT,835,3.32567,1,3.32567,3.32567,41.223000,-111.973830,city
52233,SPEEDWAY #2953,"US-80, EXIT 3",Yuma,AZ,900,3.46567,1,3.46567,3.46567,32.725320,-114.624400,city
52235,PETRO STOPPING CENTER #303,"I-80, EXIT 310",Laramie,WY,795,3.57567,1,3.57567,3.57567,41.311370,-105.591100,city
52236,CHEVRON,US-60,Globe,AZ,930,4.29900,1,4.29900,4.29900,33.394220,-110.786500,city
52239,PILOT TRAVEL CENTERS #192,"I-75, EXIT 60",Tifton,GA,10,3.60900,2,3.59900,3.61900,31.450460,-83.508500,city
52241,Rocket,"I-25/US-85/US-87, EXIT 161 & SR-105",Monument,CO,803,3.19500,1,3.19500,3.19500,39.091660,-104.872760,city
52250,PILOT TRAVEL CENTERS #222,I-84 EXIT 1,Sturbridge,MA,215,4.15900,1,4.15900,4.15900,42.108430,-72.078690,city
52255,GREATER CHICAGO I 55,"I-55, EXIT 267 & SR-53",Bolingbrook,IL,290,3.46400,2,3.31900,3.60900,41.698640,-88.068400,city
52262,CIRCLE K #2721577,US-84 & SR-21,Monroeville,AL,715,3.43400,1,3.43400,3.43400,31.527940,-87.324710,city
52278,NEIGHBORS EXPRESS,US-25/SR-121/SR-23/SR-67,Millen,GA,135,3.38233,1,3.38233,3.38233,32.804050,-81.949280,city
52297,IGA EXPRESS SHELL #874,"I-65, EXIT 20",Bowling Green,KY,460,2.99900,1,2.99900,2.99900,36.990320,-86.443600,city
52299,415 TRUCK STOP,"I-10, EXIT 151 & SR-415",Port Allen,LA,600,3.08900,1,3.08900,3.08900,30.452140,-91.210110,city
52302,LONGHORN TRUCK AND CAR PLAZA,"I-10, EXIT 4",Vinton,LA,690,3.27400,1,3.27400,3.27400,30.190760,-93.581270,city
52304,Fast Stop,"I-10, EXIT 182 & SR-22",Sorrento,LA,600,3.69900,1,3.69900,3.69900,30.184360,-90.859260,city
52307,CASEYS #3002,SR-60 & SR-30/SR-4,Saint James,MN,425,3.21900,1,3.21900,3.21900,43.982460,-94.626920,city
52313,CIRCLE K #2723445,"I-20, EXIT 5A & US-61/SR-27",Vicksburg,MS,760,2.95900,1,2.95900,2.95900,32.352650,-90.877880,city
52322,BOLLA MARKET,"I-95, EXIT 13",Elizabeth,NJ,115,3.09900,1,3.09900,3.09900,40.663990,-74.210700,city
52323,POWER,"I-78, EXIT 58 & SR-9/SR-1",Newark,NJ,115,4.29900,1,4.29900,4.29900,40.735660,-74.172370,city
52325,MIRABITO #69,"I-88, EXIT 15 & SR-23",Oneonta,NY,12,3.99900,1,3.99900,3.99900,42.452860,-75.063770,city
52326,MR FUEL #715,"I-70, EXIT 203",Foristell,MO,540,2.92567,1,2.92567,2.92567,38.815050,-90.955970,city
52334,KWIK TRIP #775,"I-90, EXIT 69 & SR-82",Mauston,WI,420,3.28733,1,3.28733,3.28733,43.797190,-90.077350,city
52335,SHELL,"I-295, EXIT 3",Disputanta,VA,180,3.02900,1,3.02900,3.02900,37.124320,-77.225810,city
52340,KWIK FILL #249,US-22,Duncansville,PA,14,4.07233,1,4.07233,4.07233,40.423410,-78.433900,city
52344,STAMART 1224,"I-94, EXIT 166",Bismarck,ND,273,3.61567,1,3.61567,3.61567,46.808330,-100.783740,city
52346,QUARLES #4436,"I-695, EXIT 41 & SR-151",Dundalk,MD,22,3.69900,1,3.69900,3.69900,39.250660,-76.520520,city
52348,SHELL,"I-75, EXIT47 & SR-85",Detroit,MI,325,3.69900,1,3.69900,3.69900,42.331430,-83.045750,city
52361,PAYLESS FUEL TRAVEL CENTER,"I-20, EXIT 470",Dallas,TX,630,2.98567,1,2.98567,2.98567,32.783060,-96.806670,city
52363,SPEEDWAY #2376,US-131 & SR-46,Cedar Springs,MI,456,3.89900,1,3.89900,3.89900,43.223360,-85.551420,city
52364,PILOT TRAVEL CENTERS #335,"I-20 & SR-137, EXIT 138",Rayville,LA,760,3.21233,1,3.21233,3.21233,32.477360,-91.754850,city
52365,MOORES SUPER STORE,US-43/US-278/SR-171,Hamilton,AL,615,3.79900,1,3.79900,3.79900,34.142320,-87.988640,city
52366,ALMA TRAVEL MART,"I-40, EXIT 13 & US-71",Alma,AR,645,3.33233,1,3.33233,3.33233,35.477870,-94.221880,city
52367,DOSWELL TRUCK STOP,"I-95, EXIT 98 & SR-30",Doswell,VA,180,2.89900,1,2.89900,2.89900,37.860140,-77.464150,city
52383,FLYING J TRAVEL PLAZA #601,"I-20/I-59, EXIT 104",Mc Calla,AL,615,3.17067,1,3.17067,3.17067,33.348720,-87.014160,city
52384,PILOT TRAVEL CENTERS #337,"I-95, EXIT 164 & US-52",Florence,SC,46,3.34900,1,3.34900,3.34900,34.195430,-79.762560,city
52385,Flying J Travel Plaza #696,"I-71, EXIT 131",Sunbury,OH,315,3.71900,1,3.71900,3.71900,40.242560,-82.859070,city
52387,MARATHON,"I-55, EXIT 265 & SR-4",Senatobia,MS,435,3.19900,1,3.19900,3.19900,34.617600,-89.968700,city
52388,FLYING J TRAVEL PLAZA #711,"I-85, EXIT 102",Blacksburg,SC,46,3.42900,1,3.42900,3.42900,35.121240,-81.515920,city
52393,CASEYS #3004,SR-15 & CR-52,Truman,MN,425,3.29900,1,3.29900,3.29900,43.827730,-94.437190,city
52400,PILOT TRAVEL CENTERS #324,"I-94/US-41, EXIT 329",Franksville,WI,444,3.88900,1,3.88900,3.88900,42.760020,-87.913410,city
52401,LOVES TRAVEL STOP #267,"I-40, EXIT 107 & SR-95",Morrilton,AR,695,3.36067,1,3.36067,3.36067,35.150920,-92.744050,city
52402,FLYING J TRAVEL PLAZA #665,"I-20, EXIT 3 & SR-79",Greenwood,LA,745,3.14567,1,3.14567,3.14567,32.442930,-93.972960,city
52403,FLYING J TRAVEL PLAZA #676,"I-10, EXIT 31",Gulfport,MS,733,3.14567,1,3.14567,3.14567,30.367420,-89.092820,city
52404,PETRO WELLS,"I-80, EXIT 352",Wells,NV,835,3.73233,1,3.73233,3.73233,41.111590,-114.964490,city
52405,FLYING J TRAVEL PLAZA #636,"I-80, EXIT 292",Davenport,IA,270,3.87233,1,3.87233,3.87233,41.523640,-90.577640,city
52411,SAPP BROS TRAVEL CENTER,"I-215, EXIT 21",Salt Lake City,UT,835,3.39900,1,3.39900,3.39900,40.760780,-111.891050,city
52413,PILOT TRAVEL CENTERS #360,"I-75 & SR-613, EXIT 164",Findlay,OH,411,3.31567,1,3.31567,3.31567,41.044220,-83.649930,city
52414,Mobil dba ONE9 #1341,"I-5, EXIT 208",Arlington,WA,977,3.79900,1,3.79900,3.79900,48.198710,-122.125140,city
52421,SHEETZ #194,"I-80, EXIT 97",Falls Creek,PA,14,3.30733,1,3.30733,3.30733,41.145060,-78.804470,city
52422,KWIK TRIP #674,"I-94, EXIT 45 & US-12/SR-29",Menomonie,WI,295,3.49900,1,3.49900,3.49900,44.875520,-91.919340,city
52423,PILOT TRAVEL CENTER #908- TOWN PUMP,"I-15 & I-90, EXIT 122",Butte,MT,816,3.56567,1,3.56567,3.56567,46.003820,-112.534740,city
52426,J MART #322,"I-65, EXIT 322",Falkville,AL,615,3.19900,1,3.19900,3.19900,34.368430,-86.908620,city
52427,PILOT TRAVEL CENTERS #340,"I-80, EXIT 46",Fernley,NV,966,3.91567,1,3.91567,3.91567,39.607970,-119.251830,city
52428,PILOT TRAVEL CENTERS #338,"I-26, EXIT 115 & US-321",West Columbia,SC,135,3.49900,1,3.49900,3.49900,33.993490,-81.073980,city
52430,CHEVRON FOOD MART,"I-75, EXIT 350 & SR-2",Ringgold,GA,285,2.85900,1,2.85900,2.85900,34.915910,-85.109120,city
52431,WOODBINE TRAVEL CENTER,"I-95, EXIT 14",Woodbine,GA,75,3.03233,1,3.03233,3.03233,30.963960,-81.724160,city
52435,CM WINNERS CHOICE,"I-10 & SR-108, EXIT 23",Sulphur,LA,690,3.29900,1,3.29900,3.29900,30.236590,-93.377380,city
52438,NEW MADRID,"I-55, EXIT 52/SR-P",New Madrid,MO,275,3.26900,1,3.26900,3.26900,36.586450,-89.527850,city
52439,CIRCLE K #2723395,US-11,Hattiesburg,MS,620,3.19900,1,3.19900,3.19900,31.327120,-89.290340,city
52441,PILOT #6990,"I-95, EXIT 106",Kenly,NC,205,3.70900,1,3.70900,3.70900,35.596270,-78.124160,city
52450,PILOT #1290,"I-35, EXIT 410 & US-77",Red Oak,TX,630,3.29900,1,3.29900,3.29900,32.517640,-96.804440,city
52452,PLAINVIEW TRAVEL PLAZA,"US-41, EXIT 113 & SR-26",Oshkosh,WI,444,3.19900,1,3.19900,3.19900,44.024710,-88.542610,city
52454,PILOT TRAVEL CENTERS #6,"I-70, EXIT 178 & SR-209",Cambridge,OH,315,3.50900,1,3.50900,3.50900,40.031180,-81.588460,city
52455,LOVES TRAVEL STOP #266,"I-35, EXIT 32",Ardmore,OK,253,3.64900,1,3.64900,3.64900,34.174260,-97.143630,city
52456,PILOT TRAVEL CENTERS #317,"I-44, EXIT 4 (ST 435)",Joplin,MO,277,3.41233,1,3.41233,3.41233,37.084230,-94.513280,city
52458,PILOT TRAVEL CENTERS #332,"I-40, EXIT 161 & SR-391",North Little Rock,AR,695,3.23800,2,3.23700,3.23900,34.769540,-92.267090,city
52461,FLORENCE VALERO,US-130,Burlington,NJ,160,3.13567,1,3.13567,3.13567,40.071220,-74.864890,city
52463,PILOT TRAVEL CENTERS #341,"I-15, EXIT 48",North Las Vegas,NV,910,3.69567,1,3.69567,3.69567,36.198860,-115.117500,city
52464,7-ELEVEN #40118,ST 220 & I-180,Muncy,PA,138,4.35900,1,4.35900,4.35900,41.205640,-76.785520,city
52465,FLYING J TRAVEL PLAZA #605,"I-40, EXIT 84",Russellville,AR,695,3.36900,1,3.36900,3.36900,35.278420,-93.133790,city
52466,FLYING J TRAVEL PLAZA #784,"I-95, EXIT 100 & SR-272",North East,MD,22,4.19900,1,4.19900,4.19900,39.600110,-75.941330,city
52467,FLYING J TRAVEL PLAZA #712,"I-20, EXIT 70",Columbia,SC,135,3.43233,1,3.43233,3.43233,34.000710,-81.034810,city
52468,FLYING J TRAVEL PLAZA #703,"I-40, EXIT 140",Oklahoma City,OK,483,3.30900,1,3.30900,3.30900,35.467560,-97.516430,city
52469,LOVES TRAVEL STOPS #269,US-287/US-82/SR-79 & US-281,Wichita Falls,TX,770,3.13600,2,3.12300,3.14900,33.913710,-98.493390,city
52470,QUIKTRIP #562,"I-80, EXIT 136",Des Moines,IA,320,3.04733,1,3.04733,3.04733,41.600540,-93.609110,city
52471,FLYING J TRAVEL PLAZA #695,"I-75, EXIT 135",Beaverdam,OH,411,3.33067,1,3.33067,3.33067,40.833390,-83.976610,city
52472,FLYING J TRAVEL PLAZA #708,"I-81, EXIT 52",Carlisle,PA,70,4.10900,1,4.10900,4.10900,40.201480,-77.188870,city
52473,FLYING J TRAVEL PLAZA #743,"I-15, EXIT 222",Nephi,UT,835,3.71567,1,3.71567,3.71567,39.710230,-111.836320,city
52474,PILOT TRAVEL CENTERS #17,"I-94, EXIT 104",Battle Creek,MI,406,3.97900,3,3.95900,3.99900,42.317300,-85.178160,city
52477,PETRO FARGO #361,"I-94, EXIT 348",Fargo,ND,341,3.49900,1,3.49900,3.49900,46.877190,-96.789800,city
52478,LOVES TRAVEL STOP #418,"I-64, EXIT 172",Grayson,KY,255,3.75567,1,3.75567,3.75567,38.332580,-82.948500,city
52479,PETRO CARNESVILLE #377,"I-85, EXIT 160",Carnesville,GA,16,3.15400,1,3.15400,3.15400,34.369830,-83.235160,city
52480,LOVES TRAVEL STOP #268,US6-9 & US-75,Atoka,OK,253,3.48900,1,3.48900,3.48900,34.385930,-96.128330,city
52482,KING TRAVEL PLAZA,"I-95, EXIT 6",Kingsland,GA,75,3.10900,1,3.10900,3.10900,30.799960,-81.689830,city
52483,FLYING J TRAVEL PLAZA #659,"I-70, EXIT 253",Salina,KS,523,3.77233,1,3.77233,3.77233,38.840280,-97.611420,city
52484,KWIK STAR #303,"I-80, EXIT 201 & US-21",Brooklyn,IA,380,3.12900,1,3.12900,3.12900,41.733610,-92.445460,city
52510,Valero,SR-9,Maysville,KY,312,3.59900,1,3.59900,3.59900,38.641190,-83.744370,city
52511,JOES JUNCTION #9,"I-65, RAYMOND EXIT",Indianapolis,IN,375,3.45900,1,3.45900,3.45900,39.768380,-86.158040,city
52512,LOVES TRAVEL STOPS #270,"I-20, EXIT 349",Ranger,TX,575,3.20100,2,3.18900,3.21300,32.469850,-98.678950,city
52513,FLYING J TRAVEL PLAZA #678,"I-20 & I-55, EXIT 47",Pearl,MS,760,3.14900,1,3.14900,3.14900,32.274590,-90.132030,city
52514,FLYING J TRAVEL PLAZA #671,"I-55, EXIT 58",Matthews,MO,275,3.23900,1,3.23900,3.23900,36.759220,-89.586750,city
52516,FLYING J TRAVEL PLAZA #612,"I-40, EXIT 255",Winslow,AZ,930,3.62400,1,3.62400,3.62400,35.024190,-110.697360,city
52517,STRIPES 7FLEET #42562,US-84 & US-385,Littlefield,TX,700,3.19900,1,3.19900,3.19900,33.917310,-102.324900,city
52520,DANDY MINI MART #19,"ROUTE 17, EXIT 59-A",Sayre,PA,190,3.99233,1,3.99233,3.99233,41.978960,-76.515500,city
52527,PETRO STOPPING CENTER #323,"I-75, EXIT 368",Reddick,FL,225,3.35233,1,3.35233,3.35233,29.366640,-82.197320,city
52528,QUIKTRIP #150,"I-70, EXIT 28",Oak Grove,MO,400,2.95900,1,2.95900,2.95900,39.005010,-94.129390,city
52529,BIG SKY TRUCK STOP,"I-15, EXIT 56 N",Dillon,MT,786,3.68900,1,3.68900,3.68900,45.216310,-112.637520,city
52531,FLYING J FUEL STOP #768,"I-435, EXIT 57",Kansas City,MO,400,3.38233,1,3.38233,3.38233,39.099730,-94.578570,city
52534,LEES FOOD MART #1122,"I-75, EXIT 122 & SR-61",Clinton,TN,405,2.96900,1,2.96900,2.96900,36.103410,-84.131860,city
52535,PWI #115,"I-45, EXIT 178",Buffalo,TX,765,2.89900,1,2.89900,2.89900,31.463790,-96.058020,city
52537,TA Express Osseo #431,"I-94, EXIT 88",Osseo,WI,448,3.46900,1,3.46900,3.46900,44.572180,-91.227380,city
52539,PILOT TRAVEL CENTERS #331,"I-285 , EXIT 51",Atlanta,GA,18,3.59900,2,3.59900,3.59900,33.749000,-84.387980,city
52541,PANTRY TRUCKSTOP,US-2/US-41,Rapid River,MI,360,3.40567,3,3.31900,3.49900,45.926910,-86.967080,city
52542,FLYING J TRAVEL PLAZA #624,"I-75, EXIT 285 & SR-52",San Antonio,FL,225,3.59900,1,3.59900,3.59900,28.336110,-82.274530,city
52546,CIRCLE K #2723910,US-84 & US-27,Bainbridge,GA,20,3.59900,1,3.59900,3.59900,30.903800,-84.575470,city
52548,Henderson Fuel Mart,"I-80, EXIT 342",Henderson,NE,350,2.89900,1,2.89900,2.89900,40.779730,-97.812270,city
52549,SPEEDWAY #3328,"I-77, EXIT 159 A",Cleveland,OH,305,3.79900,1,3.79900,3.79900,41.499500,-81.695410,city
52550,PILOT TRAVEL CENTERS #404,"I-24, EXIT 81 SE",Murfreesboro,TN,460,3.47233,1,3.47233,3.47233,35.845620,-86.390270,city
52551,PILOT TRAVEL CENTERS #374,"I-10, EXIT 142 & SR-71",Marianna,FL,20,3.59900,2,3.59900,3.59900,30.774360,-85.226870,city
52552,FLYING J TRAVEL PLAZA #672,"I-49/US-71, EXIT167 & CR-J",Peculiar,MO,400,3.42233,1,3.42233,3.42233,38.719180,-94.458560,city
52553,FLYING J TRAVEL PLAZA #689,"I-40, EXIT 153",Albuquerque,NM,580,3.54900,1,3.54900,3.54900,35.084490,-106.651140,city
52557,SPRINT MART #40,US-72 & SR-247,Tuscumbia,AL,615,3.18900,1,3.18900,3.18900,34.731200,-87.702530,city
52558,LOVES TRAVEL STOP #271,"I-40, EXIT 37 & US-219",Ozark,AR,695,3.39233,1,3.39233,3.39233,35.487030,-93.827700,city
52562,MOBIL,"I-87, EXIT 36",Plattsburgh,NY,39,3.79900,1,3.79900,3.79900,44.699490,-73.452910,city
52563,FLYING J TRAVEL PLAZA #631,"I-75, EXIT 2",Lake Park,GA,20,3.32233,1,3.32233,3.32233,30.682150,-83.179590,city
52564,FLYING J TRAVEL PLAZA #669,"I-44, EXIT 11A & US-71/SR-249 & SR-FF",Joplin,MO,277,3.41233,1,3.41233,3.41233,37.084230,-94.513280,city
52565,PILOT TRAVEL CENTERS #377,"I-35, EXIT 13",Laredo,TX,693,3.59900,1,3.59900,3.59900,27.506410,-99.507540,city
52566,YUMM,"I-35, EXIT 8",Laredo,TX,598,2.87567,1,2.87567,2.87567,27.506410,-99.507540,city
52575,PILOT TRAVEL CENTERS #775,"I-15, EXIT 4",Saint George,UT,910,3.67567,1,3.67567,3.67567,37.104150,-113.584120,city
52577,PILOT TRAVEL CENTERS #329,"I-29 & I-80, EXIT 1B",Council Bluffs,IA,319,3.65900,2,3.65900,3.65900,41.261940,-95.860830,city
52580,LOVES TRAVEL STOPS #405,"I-95, EXIT 29",Brunswick,GA,75,3.35500,2,3.32100,3.38900,31.150130,-81.491470,city
52581,TA WILLCOX TRAVEL CENTER,"I-10, EXIT 340",Willcox,AZ,980,3.28233,1,3.28233,3.28233,32.252850,-109.832010,city
52582,JRs Oasis,SR-50,Yankton,SD,572,3.14900,1,3.14900,3.14900,42.871110,-97.397280,city
52585,SUPERPUMPER #22,"I-94, EXIT 42",Belfield,ND,807,3.52900,1,3.52900,3.52900,46.885290,-103.199620,city
52587,PILOT TRAVEL CENTERS #380,"I-81, EXIT 25 & I-90, EXIT 36",Liverpool,NY,220,4.15900,1,4.15900,4.15900,43.106460,-76.217700,city
52588,STRIPES #42564,US-87,Lubbock,TX,700,3.19900,1,3.19900,3.19900,33.577860,-101.855170,city
52590,FLYING J TRAVEL PLAZA #661,"I-65, EXIT 2 & US-31W",Franklin,KY,415,3.16900,1,3.16900,3.16900,36.722260,-86.577220,city
52591,FLYING J TRAVEL PLAZA #749,"I-95, EXIT 104",Ruther Glen,VA,180,3.61900,1,3.61900,3.61900,37.928750,-77.455820,city
52594,PILOT TRAVEL CENTERS #348,"I-70, EXIT 32B",Bentleyville,PA,165,4.10900,1,4.10900,4.10900,40.116740,-80.008390,city
52595,7-ELEVEN #40281,"I-476,  EXIT 35/95",Jim Thorpe,PA,90,3.58900,1,3.58900,3.58900,40.875920,-75.732410,city
52597,7-ELEVEN #40278,"I-81, EXIT 44 & I-76",Plainfield,PA,70,3.96733,1,3.96733,3.96733,40.203140,-77.289980,city
52598,7-ELEVEN #40283,"I-76, EXIT 19/247",Middletown,PA,70,3.97067,1,3.97067,3.97067,40.199810,-76.731080,city
52599,7-ELEVEN #40285,"I-76, EXIT 21/286",Bowmansville,PA,208,3.97067,1,3.97067,3.97067,40.196760,-76.017440,city
52601,LOVES TRAVEL STOP #236,"I-40, EXIT 161 & SR-391",North Little Rock,AR,695,3.22067,1,3.22067,3.22067,34.769540,-92.267090,city
52602,7-ELEVEN #40277,"I-76, EXIT 16/226",Newburg,PA,70,4.29900,1,4.29900,4.29900,40.137310,-77.554710,city
52603,CASEYS #3364,US-281 & SR-200,Carrington,ND,341,3.43900,1,3.43900,3.43900,47.449720,-99.126220,city
52605,PILOT TRAVEL CENTERS #39,"I-57, EXIT 335",Monee,IL,290,3.45100,5,3.39900,3.55900,41.420030,-87.741710,city
52607,PILOT TRAVEL CENTERS #409,"I-40, EXIT 172",Dickson,TN,460,3.19233,1,3.19233,3.19233,36.077000,-87.387790,city
52608,PILOT #7971,"I-40, EXIT 133",Conover,NC,46,3.69900,1,3.69900,3.69900,35.706520,-81.218690,city
52610,TA HARBORCREEK TRAVEL CENTER,"I-90, EXIT 35",Erie,PA,240,4.19900,1,4.19900,4.19900,42.129220,-80.085060,city
52611,STRIPES #40530,SR-239,Del Rio,TX,740,3.22900,1,3.22900,3.22900,29.362730,-100.896760,city
52612,STRIPES 7FLEET #42568,US-60 & CR-G,Hereford,TX,700,3.35067,1,3.35067,3.35067,34.815210,-102.399320,city
52615,PILOT TRAVEL CENTERS #4,"I-90, EXIT 151",Avon,OH,305,3.87900,1,3.87900,3.87900,41.451710,-82.035420,city
52616,PILOT TRAVEL CENTERS #28,I-69 EXIT 234,Daleville,IN,457,3.58400,2,3.51900,3.64900,40.121150,-85.558030,city
52618,PILOT TRAVEL CENTERS #63,"I-85, EXIT 35",Piedmont,SC,30,3.22233,1,3.22233,3.22233,34.702340,-82.464570,city
52620,GOODLAND 24/7 STORE,"I-70, EXIT 19",Goodland,KS,525,3.08733,1,3.08733,3.08733,39.350830,-101.710170,city
52621,CORNER MARKET #111,"I-70, EXIT 27",Goodland,KS,525,3.05900,1,3.05900,3.05900,39.350830,-101.710170,city
52622,STRIPES 7FLEET #42567,I-20,Stanton,TX,700,3.01567,1,3.01567,3.01567,32.129290,-101.788460,city
52623,TA WILLINGTON TRAVEL CENTER,"I-84, EXIT 71",Willington,CT,100,5.19900,1,5.19900,5.19900,41.485930,-72.355360,city
52624,PILOT TRAVEL CENTERS #390,"I-84, EXIT 188 & US-395",Stanfield,OR,982,3.46900,1,3.46900,3.46900,45.780410,-119.217240,city
52625,FLYING J TRAVEL PLAZA #673,"I-44, EXIT 226 & SR-85",Sullivan,MO,540,3.32400,1,3.32400,3.32400,38.208100,-91.160420,city
52626,FLYING J TRAVEL PLAZA #627,"I-95/SR-405, EXIT 29 & US-82/US-17/SR-25/SR-520",Brunswick,GA,75,3.39567,1,3.39567,3.39567,31.150130,-81.491470,city
52628,Pride Travel Center dba One9 #1215,"I-10, EXIT 45",Salome,AZ,930,3.36900,2,3.35900,3.37900,33.781140,-113.614650,city
52629,LOVES TRAVEL STOPS #413,"I-90, EXIT 106 & US-97",Ellensburg,WA,977,3.88900,4,3.82900,3.94900,46.996510,-120.547850,city
52630,PILOT TRAVEL CENTERS #386,"I-5, EXIT 263",Salem,OR,935,3.85900,1,3.85900,3.85900,44.942900,-123.035100,city
52632,LOVES TRAVEL STOP #451,"I-65, EXIT 95 & CR-500",Whiteland,IN,375,3.94900,1,3.94900,3.94900,39.550050,-86.079710,city
52633,PILOT TRAVEL CENTERS #57,"I-40 & I-85, EXIT 152",Mebane,NC,65,3.95900,1,3.95900,3.95900,36.095970,-79.266960,city
52634,PETRO STOPPING CENTER #362,"I-80, EXIT 353",York,NE,330,3.29900,1,3.29900,3.29900,40.868070,-97.592000,city
52635,E EXPRESS at MLK,"I-40 & I-35, EXIT 127",Oklahoma City,OK,483,2.88900,1,2.88900,2.88900,35.467560,-97.516430,city
52636,LOVES TRAVEL STOP #414,"I-64, EXIT 25B & US-41",Haubstadt,IN,340,3.94900,1,3.94900,3.94900,38.205040,-87.574190,city
52638,STRIPES 7FLEET #42555,"I-20, EXIT 80 & SR-18",Monahans,TX,710,2.92900,1,2.92900,2.92900,31.594300,-102.892650,city
52640,SPEEDWAY #8316,US-30 & US-41,Dyer,IN,290,3.64900,1,3.64900,3.64900,41.494200,-87.521710,city
52641,PILOT TRAVEL CENTERS #71,"I-95, EXIT 109",Port Wentworth,GA,195,3.39567,2,3.37233,3.41900,32.149090,-81.163170,city
52642,One9 #61,"I-26, EXIT 52 & SR-56",Clinton,SC,30,3.09900,1,3.09900,3.09900,34.472630,-81.880660,city
52643,Minit Mart #3,HIGHWAY 277 & FM 1589,Eagle Pass,TX,693,3.19900,1,3.19900,3.19900,28.709140,-100.499520,city
52644,ONE9 #058,"I-95, EXIT 180 & SR-48",Pleasant Hill,NC,205,3.39900,1,3.39900,3.39900,35.873470,-79.481690,city
52646,FLYING J TRAVEL PLAZA #619,"I-70, EXIT 285",Aurora,CO,800,3.39233,1,3.39233,3.39233,39.729430,-104.831920,city
52647,FLYING J TRAVEL PLAZA #699,"I-70, EXIT 122",Millersport,OH,315,3.44567,1,3.44567,3.44567,39.900060,-82.534050,city
52648,Stripes #42566,US-67 & SR-158,Ballinger,TX,612,3.05567,1,3.05567,3.05567,31.738210,-99.947310,city
52649,FLYING J TRAVEL PLAZA #623,"I-10, EXIT 192 & US-90",Midway,FL,20,3.79900,1,3.79900,3.79900,30.406480,-87.005530,city
52651,TA NEW BRAUNFELS TRAVEL CENTER,"I-35, EXIT 193",New Braunfels,TX,740,3.44900,1,3.44900,3.44900,29.703000,-98.124450,city
52652,PILOT TRAVEL CENTERS #47,"I-275, EXIT 129",Georgetown,KY,410,3.20567,1,3.20567,3.20567,38.209800,-84.558830,city
52656,TRAVELING TIGER CENTER,"I-10, EXIT 87",Sierra Blanca,TX,640,3.15567,1,3.15567,3.15567,31.174570,-105.357180,city
52658,LOVES TRAVEL STOP #274,"I-40, EXIT 221 & SR-27",Okemah,OK,560,3.35567,1,3.35567,3.35567,35.432590,-96.305010,city
52659,LOVES TRAVEL STOP #276,"I-10, EXIT 20",Lordsburg,NM,640,3.45733,1,3.45733,3.45733,32.350360,-108.708660,city
52661,LOVES TRAVEL STOP #281,"I-35 WEST, EXIT 40",Fort Worth,TX,630,3.18733,1,3.18733,3.18733,32.725410,-97.320850,city
52663,EXXON,"I-20/I-59, EXIT 17 & SR-28",Livingston,AL,705,2.97900,1,2.97900,2.97900,32.584300,-88.187250,city
52664,PETRO STOPPING CENTER #378,I-81 EXIT 178B,Pittston,PA,200,4.16567,1,4.16567,4.16567,41.325910,-75.789360,city
52667,EXPRESS LANE TRAVEL CENTER,"I-20, EXIT 100 & US-80",Lawrence,MS,705,3.29900,1,3.29900,3.29900,32.325140,-89.232840,city
52669,COLUMBIA TRUCK STOP,US-46,Columbia,NJ,115,3.07900,1,3.07900,3.07900,40.926210,-75.092680,city
52674,FLYING J TRAVEL PLAZA #738,"I-20/FM707, EXIT 277",Tye,TX,575,3.12400,1,3.12400,3.12400,32.457620,-99.871480,city
52675,PILOT TRAVEL CENTER #907- TOWN PUMP,"I-94, EXIT 138",Miles City,MT,780,3.49900,1,3.49900,3.49900,46.408340,-105.840560,city
52676,PILOT TRAVEL CENTERS #336,"I-80, EXIT 97 & US-219",Du Bois,PA,14,4.03400,1,4.03400,4.03400,41.119230,-78.760030,city
52678,STRIPES 7FLEET #42433,US-277,Bronte,TX,739,3.47400,1,3.47400,3.47400,31.887370,-100.291760,city
52679,LOVES TRAVEL STOP #404,"I-295, EXIT 56 & I-95, EXIT 7",Bordentown,NJ,150,3.97900,1,3.97900,3.97900,40.146220,-74.711830,city
52680,PILOT TRAVEL CENTERS #91,"I-95, EXIT 329",Saint Johns,FL,75,3.46150,2,3.42400,3.49900,30.081500,-81.547740,city
52683,PILOT TRAVEL CENTERS #145,"I-40/US-71/US-62, EXIT 72 AND US-412",Springdale,AR,416,3.46100,2,3.45900,3.46300,36.186740,-94.128810,city
52684,KWIK STAR #348,US-30/US-67,Clinton,IA,270,3.62400,1,3.62400,3.62400,41.844470,-90.188740,city
52685,LOVES TRAVEL STOP #275,"I-40/US-63, EXIT 233 & SR-261",Palestine,AR,435,3.31567,1,3.31567,3.31567,34.972320,-90.902620,city
52686,LOVES TRAVEL STOP #278,"I-40, EXIT 277",Joseph City,AZ,930,3.60733,1,3.60733,3.60733,34.955860,-110.334010,city
52687,LOVES TRAVEL STOP #286,"I-10, EXIT 17",Quartzsite,AZ,930,3.94900,1,3.94900,3.94900,33.663910,-114.229950,city
52690,LOVES TRAVEL STOP #415,"I-95 & OKEECHOBEE RD, EXIT 129",Fort Pierce,FL,95,3.50567,1,3.50567,3.50567,27.446710,-80.325610,city
52691,PILOT TRAVEL CENTERS #312,"I-20/SR-402, EXIT 5 & SR-100",Tallapoosa,GA,18,3.41900,2,3.38900,3.44900,33.744550,-85.288010,city
52692,PILOT TRAVEL CENTERS #249,"I-70/I-55, EXIT 18 & SR-162",Troy,IL,540,3.49567,6,3.37900,3.69900,38.729210,-89.883150,city
52697,FLYING J TRAVEL PLAZA #747,"I-15, EXIT 261",Springville,UT,835,3.76567,1,3.76567,3.76567,40.165230,-111.610750,city
60084,SUNSTOP #625,US-84,Ashford,AL,20,3.59900,1,3.59900,3.59900,31.182960,-85.236320,city
60106,SUNSTOP #619,US-84,Daleville,AL,720,3.39900,1,3.39900,3.39900,31.310170,-85.712990,city
60114,SUNSTOP #606,US-84/SR-167,Enterprise,AL,20,3.69900,1,3.69900,3.69900,31.315170,-85.855220,city
60136,HOBO PANTRY #18,US-431,Headland,AL,20,3.59900,1,3.59900,3.59900,31.351280,-85.342160,city
60145,OCS QUICK STOP,US-43/SR-13,Mount Vernon,AL,715,3.69900,1,3.69900,3.69900,31.085180,-88.013330,city
60147,HOP-IN FOOD STORES,US-82 & SR-22,Maplesville,AL,720,3.39900,1,3.39900,3.39900,32.788970,-86.873530,city
60191,PILOT TRAVEL CENTER #1180,"I-10, EXIT 94",Tonopah,AZ,930,3.89900,2,3.89900,3.89900,33.493650,-112.937120,city
60206,TA EXPRESS #649,"I-25, EXIT 52",Walsenburg,CO,796,4.25900,1,4.25900,4.25900,37.624180,-104.780260,city
60208,BERKSHIRE PETROLEUM,"I-91, EXIT 9",North Haven,CT,100,3.54900,1,3.54900,3.54900,41.390930,-72.859540,city
60220,ZELLWOOD TRUCK STOP,US-441,Zellwood,FL,140,3.49900,1,3.49900,3.49900,28.731110,-81.601180,city
60224,SUNSTOP #419,US-19,Camilla,GA,20,3.49900,1,3.49900,3.49900,31.231290,-84.210460,city
60226,CIRCLE K #2723903,US-82 & SR-520,Dawson,GA,20,3.49900,1,3.49900,3.49900,31.773820,-84.448000,city
60229,96 TRAVEL PLAZA,"I-16, EXIT 24",Jeffersonville,GA,85,3.39900,1,3.39900,3.39900,32.687650,-83.346560,city
60230,CIRCLE K #2745152,US-19,Pelham,GA,20,3.49900,1,3.49900,3.49900,31.128020,-84.153040,city
60242,KWIK STAR #711,US-18/US-52,Monona,IA,565,3.62400,1,3.62400,3.62400,43.051650,-91.389300,city
60243,PETRO MART,"I-29, EXIT 112",Onawa,IA,527,3.15733,1,3.15733,3.15733,42.026650,-96.097240,city
60245,STINKER #74,"I-84, EXIT 137",Bliss,ID,785,3.63400,1,3.63400,3.63400,42.926850,-114.949510,city
60248,METRO,"I-95, EXIT 12",Avenel,NJ,115,3.29900,1,3.29900,3.29900,40.580380,-74.285150,city
60250,ELIZABETH TRUCK STOP,"I-95, EXIT 13A & SR-81",Elizabethport,NJ,115,3.39900,1,3.39900,3.39900,40.650100,-74.187090,city
60255,HUCKS FOOD & FUEL #186,US-51/CR-1450 & US-136,Heyworth,IL,368,3.51400,2,3.47900,3.54900,40.313370,-88.973690,city
60256,BOLLA MARKET,"I-84, EXIT 1",Montague,NJ,115,3.51900,1,3.51900,3.51900,41.303150,-74.793500,city
60270,CHUCKLES #27,SR-57,Washington,IN,340,3.33900,1,3.33900,3.33900,38.659220,-87.172790,city
60273,24-7,"I-70, EXIT 53 & SR-25",Colby,KS,525,3.05567,1,3.05567,3.05567,39.395840,-101.052380,city
60280,JUMP START #9,"I-35, EXIT 4",South Haven,KS,570,3.06900,1,3.06900,3.06900,37.051970,-97.405320,city
60282,CRVS #7,SR-96 & SR-27,Tribune,KS,525,3.39900,1,3.39900,3.39900,38.469740,-101.752670,city
60294,LITTLE CAPITOL EXXON,"I-10, EXIT 115",Breaux Bridge,LA,600,3.89900,1,3.89900,3.89900,30.273530,-91.899280,city
60295,EXIT 80 TRAVEL PLAZA,"I-10, EXIT 80",Crowley,LA,730,3.10900,1,3.10900,3.10900,30.214090,-92.374580,city
60298,BEAU CHENE TRUCK STOP,"I-49, EXIT 11",Grand Coteau,LA,730,3.39900,1,3.39900,3.39900,30.419920,-92.046510,city
60313,WHITE MARSH TRUCK STOP,US-40,White Marsh,MD,22,3.36900,1,3.36900,3.36900,39.383720,-76.432180,city
60316,CIRCLE K #4707001,"I-95, EXIT 264 & SR-158",Sherman,ME,170,3.93233,1,3.93233,3.93233,45.871160,-68.417810,city
60324,FUEL MART OF AMERICA,"I-75, EXIT 59",Detroit,MI,325,3.49900,1,3.49900,3.49900,42.331430,-83.045750,city
60326,SUNRISE CONVENIENCE STORE #29,"I-69, EXIT 184",Memphis,MI,325,3.52900,2,3.49900,3.55900,42.896420,-82.768810,city
60328,SPEEDWAY #8748,"I-69, EXIT 6",Flint,MI,342,3.33900,1,3.33900,3.33900,43.012530,-83.687460,city
60329,CHARLIES COUNTRY CORNER,"I-75, EXIT 271",Grayling,MI,287,3.84900,2,3.79900,3.89900,44.661400,-84.714750,city
60333,LAKESHORE BP,US-2,Manistique,MI,287,3.49900,1,3.49900,3.49900,45.957750,-86.246250,city
60341,SNAPPY FOOD MART,ST 60,Tekonsha,MI,431,3.58900,1,3.58900,3.58900,42.093380,-84.985810,city
60342,True North #254,US-31 & SR-37,Traverse City,MI,456,3.75900,2,3.72900,3.78900,44.763060,-85.620630,city
60344,DORR TRUCK STOP,"US-131, EXIT 68",Wayland,MI,344,3.49900,1,3.49900,3.49900,42.673920,-85.644740,city
60347,KWIK TRIP #875,"I-90, EXIT 157, BRIDGE ST ENTRANCE",Albert Lea,MN,515,3.32400,1,3.32400,3.32400,43.648010,-93.368270,city
60358,PETRO SERVE USA #54,US-10,Glyndon,MN,341,3.44900,1,3.44900,3.44900,46.875240,-96.578960,city
60372,FLYING W CONVENIENCE STORE,SR-96,Carthage,MO,277,3.19900,1,3.19900,3.19900,37.176450,-94.310220,city
60373,FLYING J #571,"I-57, EXIT 12 & US-60",Charleston,MO,490,3.55900,1,3.55900,3.55900,36.920890,-89.350630,city
60374,PILOT TRAVEL CENTERS #385,US-54 & SR-13,Collins,MO,416,3.49567,1,3.49567,3.49567,37.891150,-93.622980,city
60379,FAST LANE #50,US-54/SR-19,Laddonia,MO,540,3.15733,1,3.15733,3.15733,39.242540,-91.645440,city
60380,AMOCO,US-63/US-136,Lancaster,MO,320,3.24900,1,3.24900,3.24900,40.520860,-92.527970,city
60382,WINDSTARS #5101,"I-435, EXIT 57",Kansas City,MO,400,3.09900,1,3.09900,3.09900,39.099730,-94.578570,city
60383,CASEYS #4399,"I-70, EXIT 175",New Florence,MO,392,2.94900,1,2.94900,2.94900,38.910320,-91.448220,city
60392,Kangaroo Crossing #1107,"I-20, EXIT 68 & SR-43",Pelahatchie,MS,705,3.19900,1,3.19900,3.19900,32.312920,-89.798410,city
60398,TOWN PUMP FOOD STORE #610,"I-90, EXIT 333",Livingston,MT,786,3.64400,1,3.64400,3.64400,45.662440,-110.561040,city
60400,CAN AM C STORE,SR-16,Plentywood,MT,807,3.49900,1,3.49900,3.49900,48.774750,-104.562460,city
60416,MINUTEMAN FOOD MART #20,US-74 & US-76,Whiteville,NC,245,3.46067,1,3.46067,3.46067,34.338780,-78.703070,city
60420,PUMP & PANTRY #35,US-183,Alma,NE,330,3.45900,1,3.45900,3.45900,40.097510,-99.362040,city
60426,BONS BONS MOBIL,US-3,Merrimack,NH,125,3.69900,1,3.69900,3.69900,42.865090,-71.493400,city
60434,ENRITE,US-9,Linden,NJ,79,3.34233,1,3.34233,3.34233,40.622050,-74.244590,city
60442,Circle K #4706716,SR-71 & SR-47,Yorkville,IL,290,3.63233,3,3.49900,3.79900,41.641140,-88.447290,city
60460,HAHN OIL,US-36,Coshocton,OH,315,3.29900,1,3.29900,3.29900,40.272020,-81.859580,city
60461,TRUE NORTH #704,"I-75, EXIT 56A",Dayton,OH,317,3.79900,1,3.79900,3.79900,39.758950,-84.191610,city
60463,Anna Truck Stop,"I-75, EXIT 99",Anna,OH,411,3.01567,1,3.01567,3.01567,40.394490,-84.172720,city
60465,MOTOMART #4129,ST 309,Marion,OH,411,3.34233,1,3.34233,3.34233,40.588670,-83.128520,city
60471,FUEL MART #701,"I-480/I-271, EXIT 23 & SR-8",Bedford,OH,305,3.52900,1,3.52900,3.52900,41.393110,-81.536510,city
60473,BELL STORES #50,ST 3,Wooster,OH,249,3.59900,1,3.59900,3.59900,40.805170,-81.936460,city
60476,PETES #11,US-75,Dewey,OK,560,3.15400,1,3.15400,3.15400,36.795920,-95.935540,city
60508,FEGLEY VALERO,SR-309,Tamaqua,PA,90,3.59900,1,3.59900,3.59900,40.797310,-75.969370,city
60513,CIRCLE K #2723873,US-17,Georgetown,SC,42,2.89900,1,2.89900,2.89900,33.376830,-79.294500,city
60515,FLASH MARKET #302,SR-9 & SR-151,Pageland,SC,46,3.38567,1,3.38567,3.38567,34.773210,-80.391730,city
60516,ENMARKET #892,"I-95, EXIT 150",Harleyville,SC,195,3.39900,1,3.39900,3.39900,33.214610,-80.447870,city
60519,CORNER PANTRY #25,US-14,Huron,SD,571,3.07900,1,3.07900,3.07900,44.363320,-98.214260,city
60538,TEXACO #380031,ST 21W,Bryan,TX,765,3.39900,1,3.39900,3.39900,30.674360,-96.369960,city
60539,SHELL,US-96 & SR-62/FM-1004,Buna,TX,610,3.10233,1,3.10233,3.10233,30.432980,-93.962400,city
60540,CIRCLE K #2706340,"I-20, EXIT 533",Canton,TX,630,2.77567,1,2.77567,2.77567,32.556520,-95.863300,city
60551,CIRCLE K #2744522,"I-30, EXIT 201  I-30 & SR-8",New Boston,TX,766,2.94233,1,2.94233,2.94233,33.459840,-94.415480,city
60554,CEFCO #2070,"I-27, EXIT 49",Plainview,TX,700,2.83233,1,2.83233,2.83233,34.184790,-101.706840,city
60565,CEFCO #2006,"I-40, EXIT 163",Shamrock,TX,585,3.09900,1,3.09900,3.09900,35.214220,-100.249010,city
60579,SPEEDWAY #4633,US-220/US-221/US-460,Roanoke,VA,185,3.39900,1,3.39900,3.39900,37.270970,-79.941430,city
60587,BJS AUTO TRUCK PLAZA,SR-28,Rock Island,WA,970,4.04900,2,3.99900,4.09900,47.377070,-120.143950,city
60589,RIVER COUNTRY PLAZA,"SR-29, EXIT 91",Cadott,WI,295,3.39733,1,3.39733,3.39733,44.948020,-91.150700,city
60590,DARLINGTON MINI MART,SR-23 & SR-81,Darlington,WI,420,3.39900,1,3.39900,3.39900,42.683060,-90.117630,city
60601,HOLIDAY STATIONSTORE #2746229,US-53/US-2,Superior,WI,545,3.33900,1,3.33900,3.33900,46.720770,-92.104080,city
60635,EXXON ON THE RUN,US-62/US-412 & SR-126,Gassville,AR,535,3.69500,1,3.69500,3.69500,36.283120,-92.494050,city
60650,SHELL DBA ONE9 #1244,"I-8, EXIT 115",Gila Bend,AZ,930,3.30900,2,3.25900,3.35900,32.947820,-112.716830,city
60700,PWI #502,"I-70/US-40, EXIT 259",Golden,CO,800,3.19900,1,3.19900,3.19900,39.755540,-105.221100,city
60707,REATA TRAVEL STOP,"I-76, EXIT 125",Sterling,CO,800,3.39900,1,3.39900,3.39900,40.625540,-103.207710,city
60708,CRVS STORE #6,US-385,Wray,CO,800,3.44900,1,3.44900,3.44900,40.075820,-102.223250,city
60762,BP,US-1 & US-341,Baxley,GA,195,3.59900,1,3.59900,3.59900,31.778250,-82.348460,city
60768,GAS N GO FOOD STORE,"I-75, EXIT 290/US-41",Cartersville,GA,48,2.94233,1,2.94233,2.94233,34.165330,-84.802310,city
60773,NEIGHBORS EXPRESS,US-341/SR-27 & US-129 ALT/SR-340,Hawkinsville,GA,20,3.39900,1,3.39900,3.39900,32.283770,-83.472120,city
60779,Marathon,US-129,Eatonton,GA,85,3.39900,1,3.39900,3.39900,33.326800,-83.388500,city
60781,JP PERRY,"I-75, EXIT 138",Perry,GA,85,3.08233,1,3.08233,3.08233,32.458210,-83.731570,city
60783,CIRCLE K #2723324,US-441/US-23/SR-15 & SR-17A/SR-385,Clarkesville,GA,16,3.43900,1,3.43900,3.43900,34.612600,-83.524890,city
60787,MARATHON,"I-20, EXIT 11",Lithia Springs,GA,48,2.87233,1,2.87233,2.87233,33.794000,-84.660490,city
60788,SPRINT FOODS #722,US-1/SR-4/SR-17 & SR-24,Louisville,GA,85,4.09900,1,4.09900,4.09900,33.001540,-82.411240,city
60791,MARATHON #9,"I-475, EXIT 1",Macon,GA,85,3.03900,1,3.03900,3.03900,32.840690,-83.632400,city
60795,CIRCLE K #2745080,US-319/US-129/SR-90/SR-11,Ocilla,GA,10,3.62567,1,3.62567,3.62567,31.594470,-83.251300,city
60797,EVANS FOOD MART,SR-20,Rome,GA,193,3.69900,1,3.69900,3.69900,34.257040,-85.164670,city
60804,JET FOOD STORE #4,US-1 & SR-78,Wadley,GA,135,3.41567,1,3.41567,3.41567,32.866820,-82.404020,city
60807,BATAVIA GARDENS AND GAS,"US-34, EXIT 203",Batavia,IA,320,3.37900,1,3.37900,3.37900,40.994180,-92.167400,city
60817,KWIK STAR #712,US-218 & SR-27,Janesville,IA,565,3.59900,1,3.59900,3.59900,42.646090,-92.462960,city
60822,CASEYS #3639,US-18/US-52,Postville,IA,420,3.59900,1,3.59900,3.59900,43.084700,-91.568200,city
60829,BARRY TRAVEL PLAZA,"I-72, EXIT 20",Barry,IL,540,3.59900,1,3.59900,3.59900,39.694210,-91.039020,city
60833,SPEEDWAY #5400,CR-11 & CR-23,Bloomingdale,IL,290,3.75900,1,3.75900,3.75900,41.957530,-88.080900,city
60834,SPEEDWAY #7422,SR-43,Burbank,IL,293,3.61900,1,3.61900,3.61900,41.733920,-87.779500,city
60839,FREEDOM OIL #18,"I-74, EXIT 82",Edwards,IL,270,3.59900,3,3.39900,3.89900,40.745870,-89.744270,city
60846,EXPRESS LANE #50,"I-88, EXIT 10",Hillsdale,IL,270,3.83233,3,3.69900,3.99900,41.613640,-90.172900,city
60851,SPEEDWAY #7382,I-355 & SR-64,Lombard,IL,293,3.29900,3,3.24900,3.34900,41.880030,-88.007840,city
60857,RED ROOSTER TERMINAL,US-50/SR-250 & SR-130,Olney,IL,510,3.29567,6,3.18900,3.39900,38.730880,-88.085320,city
60865,Truckquest,"I-55, EXIT 286",Cicero,IL,290,3.62400,2,3.59900,3.64900,41.845590,-87.753940,city
60871,WENONA BP,"I-39/US-51, EXIT 35 & SR-17",Wenona,IL,280,3.49900,1,3.49900,3.49900,41.052530,-89.050360,city
60881,GAS AND STUFF,"I-64, EXIT 118",Georgetown,IN,415,3.79900,1,3.79900,3.79900,40.740600,-86.504730,city
60882,SPEEDWAY #6666,US-33,Goshen,IN,465,3.81567,1,3.81567,3.81567,41.582270,-85.834440,city
60887,STERNBERG CITGO TRUCK STOP,"I-64, EXIT 57",Jasper,IN,340,3.75900,1,3.75900,3.75900,38.391440,-86.931110,city
60890,JACK FLASH,I-57 EXIT 135,Farina,IL,510,3.14900,2,3.09900,3.19900,38.834210,-88.772280,city
60900,7-ELEVEN #40504,"I-80/I=90, MM 56 EB",Rolling Prairie,IN,465,3.99900,1,3.99900,3.99900,41.670880,-86.615850,city
60902,SPEEDWAY #6674,"I-80/I-90, EXIT 72 & SR-31",South Bend,IN,465,3.69067,1,3.69067,3.69067,41.683380,-86.250010,city
60913,J Mart #1,"HWY 50 E, HWY 83 N",Garden City,KS,525,3.52900,1,3.52900,3.52900,37.971690,-100.872660,city
60926,CENEX,US-36 & US-83,Oberlin,KS,525,3.15900,1,3.15900,3.15900,39.818340,-100.528200,city
60958,NORTH WEST TRUCK STOP,US-90 & SR-3211,Franklin,LA,600,3.39900,1,3.39900,3.39900,29.796040,-91.501500,city
60979,TOBACCO PLUS #5,"I-10, EXIT 4 & US-90",Vinton,LA,690,2.99900,1,2.99900,2.99900,30.190760,-93.581270,city
60988,GULF OIL LP #5020,"I-90, MM291",Blandford,MA,215,3.91400,1,3.91400,3.91400,42.180650,-72.927320,city
60989,Blandford Service Plaza Westbound,"I-90, EXIT MM29",Blandford,MA,215,3.91900,1,3.91900,3.91900,42.180650,-72.927320,city
60993,GULF #5165,"I-90, EXIT 12",Framingham,MA,34,4.06567,1,4.06567,4.06567,42.279260,-71.416170,city
60997,GULF OIL #5035,I-90 MM 66.7,Ludlow,MA,215,3.91400,1,3.91400,3.91400,42.160090,-72.475920,city
60998,GULF OIL #5030,"I-90, EXIT 7",Ludlow,MA,215,3.90900,1,3.90900,3.90900,42.160090,-72.475920,city
61004,Applegreen,SR-15,Sturbridge,MA,215,3.99900,1,3.99900,3.99900,42.108430,-72.078690,city
61006,GULF OIL LP #5155,"I-90, EXIT 11",Westborough,MA,215,3.90900,1,3.90900,3.90900,42.269540,-71.616180,city
61019,MARDELA GOOSE CREEK FOOD STORE,US-50,Mardela Springs,MD,194,3.97900,1,3.97900,3.97900,38.459840,-75.759100,city
61021,WESTOVER GOOSE CREEK,US-13 & SR-673,Westover,MD,194,3.25900,1,3.25900,3.25900,38.124010,-75.706320,city
61028,MARATHON,"US-10, EXIT 137",Bay City,MI,260,3.22900,2,3.19900,3.25900,43.594470,-83.888860,city
61030,HAGGERTY JOY MOBIL,I-275,Canton,MI,325,3.69900,1,3.69900,3.69900,42.308650,-83.482160,city
61032,MARATHON,US-10/US-127,Clare,MI,260,3.29400,2,3.28900,3.29900,43.819470,-84.768630,city
61034,MOTOR CITY TRUCK STOP,"I-75, EXIT 43",Detroit,MI,325,3.49900,1,3.49900,3.49900,42.331430,-83.045750,city
61037,HEARTLAND MOBIL,US-23,Fenton,MI,342,3.84900,1,3.84900,3.84900,42.797810,-83.704950,city
61038,SPEEDWAY #8753,"I-475, EXIT 4",Burton,MI,342,3.25900,4,3.08900,3.39900,42.999470,-83.616340,city
61042,CITGO,"US-131, EXIT 44",Kalamazoo,MI,465,3.49900,1,3.49900,3.49900,42.291710,-85.587230,city
61057,CIRCLE K #2746537,US-2 & US-41,Rapid River,MI,360,3.41650,4,3.31900,3.49900,45.926910,-86.967080,city
61063,PS Food Mart,I-69 EXIT 25,Tekonsha,MI,431,3.55400,2,3.51900,3.58900,42.093380,-84.985810,city
61076,Holiday StationStore #2746408,"I-35, EXIT 129",Forest Lake,MN,448,3.39900,1,3.39900,3.39900,45.278860,-92.985220,city
61080,CO-OP SERVICE,US-10 & CR-67,New York Mills,MN,250,3.49900,1,3.49900,3.49900,46.518020,-95.376150,city
61090,Northdale Oil,US-59 & SR-1,Thief River Falls,MN,355,3.23900,1,3.23900,3.23900,48.119140,-96.181150,city
61093,CIRCLE K #2746501,"I-90, EXIT 45 & SR-60",Worthington,MN,432,3.14233,1,3.14233,3.14233,43.619960,-95.596400,city
61099,LOVES TRAVEL STOP #488,"I-55, EXIT 157 & SR-32",Bloomsdale,MO,540,3.38233,1,3.38233,3.38233,38.009500,-90.217900,city
61102,FAST LANE #54,US-63,Columbia,MO,310,3.20733,1,3.20733,3.20733,38.951710,-92.334070,city
61106,TEMP STOP #102,US-54 & SR-52,Eldon,MO,392,3.19900,1,3.19900,3.19900,38.348360,-92.581580,city
61110,HB OF RANDOLPH,"I-435, EXIT 55B & SR-210",Kansas City,MO,400,3.14900,1,3.14900,3.14900,39.099730,-94.578570,city
61111,Caseys #4540,"I-35, EXIT 40 & SR-116",Lathrop,MO,400,3.07567,1,3.07567,3.07567,39.548340,-94.329950,city
61115,BREAK TIME #3071,US-24 & US-63,Moberly,MO,310,3.46900,1,3.46900,3.46900,39.418370,-92.438240,city
61118,MIDWEST PETROLEUM #21,"I-55, EXIT 129",Perryville,MO,275,2.99067,1,2.99067,2.99067,37.724220,-89.861220,city
61145,TEXACO,US-49 & US-98,Hattiesburg,MS,620,3.19900,1,3.19900,3.19900,31.327120,-89.290340,city
61146,STUCKEYS EXPRESS #619,"I-59, EXIT 113 & SR-528",Heidelberg,MS,620,3.49900,1,3.49900,3.49900,31.886820,-88.983940,city
61149,CEFCO #501,US-45,Lauderdale,MS,705,2.89900,1,2.89900,2.89900,32.520690,-88.511700,city
61168,Blue Sky #717,US-72 & SR-15,Walnut,MS,435,3.09900,1,3.09900,3.09900,34.946200,-88.899780,city
61171,CHEVRON CURB STORE,US-49 & SR-26,Wiggins,MS,620,3.49900,1,3.49900,3.49900,30.858240,-89.135330,city
61176,TOWN PUMP FOOD STORE #8947,US-2,Chinook,MT,815,3.62900,1,3.62900,3.62900,48.590000,-109.231280,city
61182,TOWN PUMP FOOD STORE #3000,US-87,Lewistown,MT,815,3.59900,1,3.59900,3.59900,47.062470,-109.428240,city
61193,SPEEDWAY #8502,"I-75, EXIT 161 & CR-99",Findlay,OH,411,3.29900,1,3.29900,3.29900,41.044220,-83.649930,city
61195,MINUTEMAN FOOD MART #06,SR-24,Clinton,NC,245,3.64900,1,3.64900,3.64900,34.997950,-78.323330,city
61205,SPEEDWAY #6961,"I-40, EXIT 303",Garner,NC,177,2.92067,1,2.92067,2.92067,35.711260,-78.614170,city
61210,SHEETZ #548,US-29,Greensboro,NC,65,2.85900,1,2.85900,2.85900,36.072640,-79.791980,city
61254,7-ELEVEN #36075,"I-77, EXIT 65 & SR-901",Union Grove,NC,46,2.85900,1,2.85900,2.85900,35.665160,-76.609100,city
61266,CENEX CONVENIENCE STORE,US-2 & SR-19,Devils Lake,ND,355,3.24900,1,3.24900,3.24900,48.112780,-98.865120,city
61269,FLYING J #489,"I-29, EXIT 138",Grand Forks,ND,341,3.61567,1,3.61567,3.61567,47.925260,-97.032850,city
61271,MARATHON,"I-94, EXIT 292",Valley City,ND,341,3.49900,1,3.49900,3.49900,46.923310,-98.003150,city
61291,FLEMING OIL FOOD MART,ST 9,West Chesterfield,NH,12,3.89900,1,3.89900,3.89900,42.904250,-72.515640,city
61292,ENRITE,"I-95, EXIT 14A",Jersey City,NJ,115,3.34900,1,3.34900,3.34900,40.728160,-74.077640,city
61301,SUNOCO- WALT WHITMAN PLAZA #7007,"NJTP,MILE POST 30",Cherry Hill,NJ,150,3.89900,1,3.89900,3.89900,39.934840,-75.030730,city
61304,A Plus MOLLY PITCHER PLAZA #7011,MILE POST 71.7 NJ TURNPIKE SO,Cranbury,NJ,115,3.90900,1,3.90900,3.90900,40.316220,-74.513760,city
61305,BP,US-130,Cranbury,NJ,150,3.14567,1,3.14567,3.14567,40.316220,-74.513760,city
61308,CARLSTADT VALERO,SR-120,Carlstadt,NJ,115,3.19900,1,3.19900,3.19900,40.840380,-74.090700,city
61312,BLUE STAR,US-202 & SR-31,Flemington,NJ,115,3.39900,1,3.39900,3.39900,40.512330,-74.859330,city
61326,SUNOCO JAMES F COOPER PLAZA- #7008,MILEPOST 39 NJ TURNPIKE N,Mount Laurel,NJ,150,3.95900,1,3.95900,3.95900,39.934000,-74.891000,city
61328,KW RASTALL OIL,US-130,North Brunswick,NJ,115,3.19900,1,3.19900,3.19900,40.454000,-74.482000,city
61333,46 GAS AND TRUCK STOP,US-46,Palisades Park,NJ,115,3.23567,1,3.23567,3.23567,40.848160,-73.997640,city
61337,SUNOCO- JOHN FENWICK PLAZA #7006,"NJTP, MM 5",Penns Grove,NJ,150,3.90900,1,3.90900,3.90900,39.729560,-75.467970,city
61339,FUEL ONE,"I-78, EXIT 3 & US-22",Phillipsburg,NJ,79,3.35900,1,3.35900,3.35900,40.693710,-75.190180,city
61346,SUNOCO- ALEXANDER HAMILTON PLAZA #7016,NEW JERSEY TURNPIKE SOUTH MILEPOST 111.6,Secaucus,NJ,115,3.89900,1,3.89900,3.89900,40.789550,-74.056530,city
61357,KENT KWIK #501,US-70 & US-54,Alamogordo,NM,593,2.98233,1,2.98233,2.98233,32.899530,-105.960270,city
61364,HUNTINGTON BROADWAY CONOCO,US-64 BUS,Farmington,NM,614,3.79900,1,3.79900,3.79900,36.728060,-108.218690,city
61409,104 STORE,SR-370/SR-104,Red Creek,NY,220,3.79900,1,3.79900,3.79900,43.247290,-76.723560,city
61410,KWIK FILL #58,ST 15,Rochester,NY,190,3.98400,2,3.96900,3.99900,43.154780,-77.615560,city
61421,7-ELEVEN #40294,"I-80 WB, EXIT 139",Amherst,OH,249,3.53233,1,3.53233,3.53233,41.397820,-82.222380,city
61430,7-ELEVEN #40303,"I-90, EXIT 7",Clyde,OH,550,3.66233,1,3.66233,3.66233,41.304220,-82.975190,city
61431,7-ELEVEN #40304,"I-90, EXIT 7",Clyde,OH,550,3.66233,1,3.66233,3.66233,41.304220,-82.975190,city
61439,7-ELEVEN #40302,"I-75, EXIT 157",Genoa,OH,550,3.66233,1,3.66233,3.66233,40.782840,-81.466510,city
61449,7-ELEVEN #40297,"I-80, EXIT 13A",Mantua,OH,249,3.53233,1,3.53233,3.53233,41.283940,-81.223990,city
61450,7-ELEVEN #40298,I-80,Mantua,OH,249,3.53233,1,3.53233,3.53233,41.283940,-81.223990,city
61453,CITGO,"I-475, EXIT 6",Maumee,OH,550,3.49900,1,3.49900,3.49900,41.562830,-83.653820,city
61458,7-ELEVEN #40299,OHIO TNPK MM 237 & SR-26,New Springfield,OH,165,3.53233,1,3.53233,3.53233,40.917280,-80.606180,city
61459,7-ELEVEN #40300,"I-76, EXIT 157",New Springfield,OH,165,3.53233,1,3.53233,3.53233,40.917280,-80.606180,city
61461,S&G,"I-280, EXIT 7",Oregon,OH,550,3.59900,1,3.59900,3.59900,41.643660,-83.486880,city
61477,CHOCTAW NATION GRANT #633,US-271,Grant,OK,253,2.99900,1,2.99900,2.99900,33.943160,-95.513570,city
61483,CM SILVER DOLLAR,"I-220, EXIT 7",Shreveport,LA,745,3.29900,1,3.29900,3.29900,32.525150,-93.750180,city
61492,SPRINGER TRAVEL PLAZA,I-35 EXIT 40,Springer,OK,253,2.91567,1,2.91567,2.91567,34.314540,-97.142790,city
61508,7-ELEVEN #40275,"I-70 & I-76 NB, MM 147",Bedford,PA,14,4.19900,1,4.19900,4.19900,40.018690,-78.503910,city
61509,7-ELEVEN #40275,"I-70/I-76 SB, MM 147",Bedford,PA,14,4.19900,1,4.19900,4.19900,40.018690,-78.503910,city
61511,MIDWAY FUEL AND TRUCK WASH,"I-78/US-22, EXIT 16",Bethel,PA,208,3.36400,1,3.36400,3.36400,40.474540,-76.291340,city
61515,Carlisle Fuel Stop,"I-81, EXIT 52",Carlisle,PA,70,3.35900,1,3.35900,3.35900,40.201480,-77.188870,city
61540,S&P Oil,US-13,Levittown,PA,160,3.81567,1,3.81567,3.81567,40.155110,-74.828770,city
61559,7-ELEVEN #40273,34 MILE WEST OF EXIT 11/146,Somerset,PA,168,4.20733,1,4.20733,4.20733,40.008410,-79.078080,city
61560,7-ELEVEN #40272,"I-70 & 76, EXIT 10",Somerset,PA,168,4.20733,1,4.20733,4.20733,40.008410,-79.078080,city
61567,7-ELEVEN #35774,"I-76, EXIT 5/48",Verona,PA,165,4.20733,1,4.20733,4.20733,40.506460,-79.843100,city
61569,KWIK FILL #295,US-6 BUS,Warren,PA,240,4.69900,1,4.69900,4.69900,41.843950,-79.145040,city
61570,7-ELEVEN #40276,"I-76, EXIT 12/161 & SR-655",Waterfall,PA,14,4.19900,1,4.19900,4.19900,40.127580,-78.062780,city
61571,7-ELEVEN #40280,MILE MARKER 55 NE EXT PENN TPKE,Allentown,PA,90,3.58900,1,3.58900,3.58900,40.608430,-75.490180,city
61594,SPINX #138 (DISCOUNT AVAILABLE),"I-85, EXIT 44",Greenville,SC,30,3.04233,1,3.04233,3.04233,34.852620,-82.394010,city
61595,CORNER MART 3338,"I-85, EXIT 44",Greenville,SC,30,2.90700,1,2.90700,2.90700,34.852620,-82.394010,city
61596,HOT SPOT #2009,US-25/US-178 & SR-225,Greenwood,SC,30,2.93900,1,2.93900,2.93900,34.195400,-82.161790,city
61597,SPINX #121,"I-85, EXIT 56",Greer,SC,30,3.16567,1,3.16567,3.16567,34.938730,-82.227060,city
61598,Shell,SR-41,Hemingway,SC,245,3.19900,1,3.19900,3.19900,33.753780,-79.447560,city
61599,HOT SPOT #2013,"I-26, EXIT 10",Inman,SC,210,3.14900,1,3.14900,3.14900,35.047060,-82.090110,city
61605,HOT SPOT #2028,US-76/US-301,Marion,SC,63,2.99900,1,2.99900,2.99900,34.178220,-79.400610,city
61616,PILOT #4578,"I-77, EXIT 48 & SC-200",Winnsboro,SC,135,3.40900,1,3.40900,3.40900,34.380700,-81.086480,city
61621,CUBBYS #401,"I-90 , EXIT 332 & SR-37",Mitchell,SD,530,3.14900,1,3.14900,3.14900,43.709430,-98.029800,city
61625,PRARIE STOP,US-212 & SR-20,Watertown,SD,566,3.27900,1,3.27900,3.27900,44.899410,-97.115070,city
61633,ECO TRAVEL PLAZA,"I-40, EXIT 320 & SR-298",Crossville,TN,405,3.02567,1,3.02567,3.02567,35.948960,-85.026900,city
61642,PILOT TRAVEL CENTERS #252,"I-35, EXIT 26",Kearney,MO,400,3.69900,1,3.69900,3.69900,39.367780,-94.362170,city
61646,SHELL,"I-40, EXIT 35 & SR-59",Mason,TN,435,3.54900,1,3.54900,3.54900,35.411750,-89.532850,city
61651,LEES FOOD MART #123,"I-81, EXIT 23 AT MILE 23",Bulls Gap,TN,405,3.25900,1,3.25900,3.25900,36.257040,-83.086000,city
61654,MAJOR MARKETS #276,US-51/SR-3,Ripley,TN,435,3.79900,1,3.79900,3.79900,35.745360,-89.529800,city
61656,PHILLIPS 66,US-51,Union City,TN,460,3.38233,1,3.38233,3.38233,36.424230,-89.057010,city
61660,MARATHON,"I-40, EXIT 108",Wildersville,TN,435,3.09900,1,3.09900,3.09900,35.781450,-88.360320,city
61684,WOODYS FOOD MART,"I-45 & SR-7, EXIT 164",Centerville,TX,670,2.84567,1,2.84567,2.84567,31.257960,-95.978290,city
61730,STRIPES 7FLEET #42430,"I-20, EXIT 131",Midland,TX,612,3.56900,1,3.56900,3.56900,31.997350,-102.077910,city
61747,TEX-BEST #504,"I-35, EXIT 141",Von Ormy,TX,740,3.15733,1,3.15733,3.15733,29.289130,-98.644460,city
61751,ALLSUPS CONVENIENCE STORE #2264,SR-214,Seminole,TX,710,3.09400,1,3.09400,3.09400,32.718990,-102.644910,city
61761,ALLSUPS CONVENIENCE STORE #2304,"I-40, EXIT 36 & US-385",Vega,TX,585,2.99900,1,2.99900,2.99900,35.242830,-102.428260,city
61763,ALLSUPS CONVENIENCE STORE #2283,"I-20, EXIT 73",Wickett,TX,710,2.89900,1,2.89900,2.89900,31.570130,-103.000990,city
61787,DUCK THRU FOOD STORE #5,US-258,Franklin,VA,180,3.49900,1,3.49900,3.49900,36.677650,-76.922460,city
61796,EXXON,US-220,Martinsville,VA,185,3.37500,1,3.37500,3.37500,36.691530,-79.872540,city
61799,CIRCLE K #2723712,"I-77, EXIT 52 & US-52/SR-42",Bland,VA,185,3.37567,1,3.37567,3.37567,37.102060,-81.116200,city
61804,CARTERS ONE STOP,"I-95 & SR-301, EXIT 31 & SR-40",Stony Creek,VA,180,2.95900,1,2.95900,2.95900,36.947930,-77.400810,city
61806,LANKFORD TRUCK PLAZA,US-13 & CR-646,Townsend,VA,130,3.39900,1,3.39900,3.39900,37.184590,-75.958260,city
61819,CHEVRON,"I-5, EXIT 36",Longview,WA,935,4.49900,1,4.49900,4.49900,46.138170,-122.938170,city
61830,APPLETON TRAVEL PLAZA,SR-96,Appleton,WI,444,3.40567,1,3.40567,3.40567,44.261930,-88.415380,city
61832,BARRON FARMERS UNION,"US-8, EXIT 53",Barron,WI,545,3.63900,1,3.63900,3.63900,45.401350,-91.849060,city
61835,BRISTOL BP,"I-94, EXIT 345 & US-45",Bristol,WI,444,3.71900,1,3.71900,3.71900,42.558910,-88.049250,city
61843,KWIK TRIP #332,SR-33,Horicon,WI,444,3.21567,1,3.21567,3.21567,43.451380,-88.631210,city
61849,KWIK TRIP #306,"I-94, EXIT 259 & SR-89",Lake Mills,WI,420,3.43233,1,3.43233,3.43233,43.081390,-88.911770,city
61862,KWIK TRIP #781,SR-21,Redgranite,WI,582,3.35233,1,3.35233,3.35233,44.041920,-89.098450,city
61867,KWIK TRIP #318,SR-27 & SR-16/SR-71,Sparta,WI,515,3.34233,1,3.34233,3.34233,43.944130,-90.812910,city
61877,CASEYS #3715,SR-59,Whitewater,WI,420,3.29900,1,3.29900,3.29900,42.833620,-88.732330,city
61879,KWIK TRIP #347,SR-13,Wisconsin Rapids,WI,395,3.31233,1,3.31233,3.31233,44.383580,-89.817350,city
61880,KWIK TRIP #310,SR-13/SR-73,Wisconsin Rapids,WI,395,3.26233,1,3.26233,3.26233,44.383580,-89.817350,city
61968,FLYING J TRAVEL PLAZA #701,"I-35, EXIT 33",Ardmore,OK,253,3.65900,1,3.65900,3.65900,34.174260,-97.143630,city
62008,LOVES TRAVEL STOP #366,"I-81, EXIT 90",Jonestown,PA,70,3.85733,1,3.85733,3.85733,40.413700,-76.478300,city
62075,FLYING J TRAVEL PLAZA #657,US-283/US-50/US-56 & US-400,Dodge City,KS,570,3.79900,1,3.79900,3.79900,37.752800,-100.017080,city
62097,FLASH MARKET #17046,US-65/SR-9,Clinton,AR,695,3.23900,1,3.23900,3.23900,35.591470,-92.460440,city
62211,STUBS GAS AND OIL,"I-76, EXIT 66",Wiggins,CO,800,3.55900,1,3.55900,3.55900,40.230540,-104.072730,city
62238,Circle K #2726278,SR-207,Hastings,FL,75,3.56900,1,3.56900,3.56900,29.718020,-81.508130,city
62283,Circle K #2745099,US-23 & US-341/SR-27,Hazlehurst,GA,195,3.52900,1,3.52900,3.52900,31.869630,-82.594300,city
62316,BP,US-20,Delaware,IA,335,3.29900,1,3.29900,3.29900,42.475270,-91.345420,city
62355,MINIT MART #600630,"I-39, EXIT 14",El Paso,IL,368,3.63900,2,3.59900,3.67900,40.739200,-89.016460,city
62370,7-ELEVEN #34712,I-90 Exit 24,Belvidere,IL,290,3.73900,1,3.73900,3.73900,42.263910,-88.844270,city
62399,Rebel Plus #882,"I-80, EXIT 101",Bristol,IN,465,3.57567,1,3.57567,3.57567,41.721440,-85.817490,city
62462,HAWESWAY TRUCKSTOP,US-60,Owensboro,KY,487,3.59900,1,3.59900,3.59900,37.774220,-87.113330,city
62467,SUPER QUIK #9,"I-64, EXIT 181",Ashland,KY,255,3.66900,1,3.66900,3.66900,38.478410,-82.637940,city
62480,CM GALLIANO,US-167,Cut Off,LA,725,3.49900,1,3.49900,3.49900,29.542720,-90.338140,city
62487,Fred's Food Mart,US-61,Saint Francisville,LA,600,3.79900,1,3.79900,3.79900,30.779900,-91.376500,city
62500,CASH MAGIC VINTON,"I-10, EXIT 4 & SR-109",Vinton,LA,690,3.28400,1,3.28400,3.28400,30.190760,-93.581270,city
62547,MARATHON,SR-32W,Gaylord,MI,287,3.79900,1,3.79900,3.79900,45.027510,-84.674750,city
62550,Sunoco,"I-275, EXIT 11",New Boston,MI,325,3.41900,2,3.39900,3.43900,42.162540,-83.402990,city
62559,EXPRESS FOOD DEPOT,"I-94, EXIT 266",Smiths Creek,MI,325,3.66900,3,3.62900,3.71900,42.913920,-82.603810,city
62560,ONE9 #23,"I-96, EXIT 67",Ionia,MI,406,3.46900,2,3.43900,3.49900,42.987250,-85.071120,city
62701,PILOT TRAVEL CENTERS #408,"I-68, EXIT 22",Grantsville,MD,14,4.25900,1,4.25900,4.25900,39.695080,-79.151140,city
62710,TOWN PUMP FOOD STORE #922,"I-90, EXIT 370 &SR-10",Big Timber,MT,780,3.47900,1,3.47900,3.47900,45.834940,-109.955460,city
62753,PETRO SERVE USA,US-10,West Fargo,ND,341,3.02900,1,3.02900,3.02900,46.874970,-96.900360,city
62768,PUMP & PANTRY #34,US-20 & SR-27,Gordon,NE,475,3.44900,1,3.44900,3.44900,42.804720,-102.203220,city
62774,MR MIKES MINI MART,SR-9,Northwood,NH,34,3.59900,1,3.59900,3.59900,43.194250,-71.150900,city
62790,7-ELEVEN #40084,US-46/US-1/US-9,Palisades Park,NJ,115,3.09900,1,3.09900,3.09900,40.848160,-73.997640,city
62800,A ONE TRUCK STOP,US-9,South Amboy,NJ,79,3.49900,1,3.49900,3.49900,40.477880,-74.290700,city
62817,LOVES TRAVEL STOP #364,I-75 EXIT 33,Charleston,TN,285,3.58900,1,3.58900,3.58900,35.287300,-84.758270,city
62824,FLYING J TRAVEL PLAZA #1005,"I-80, EXIT 48",Fernley,NV,966,3.91567,1,3.91567,3.91567,39.607970,-119.251830,city
62841,SPEEDWAY #9912,"I-81, EXIT 10",Mc Graw,NY,32,4.30900,1,4.30900,4.30900,42.596180,-76.093260,city
62844,CIRCLE K #4707612,"I-81, EXIT 14",Tully,NY,220,4.04900,2,3.79900,4.29900,42.798120,-76.109370,city
62850,GANSEVOORT MINI MART,"I-87, EXIT 17",Gansevoort,NY,12,3.76900,2,3.75900,3.77900,43.196180,-73.651780,city
62887,SPEEDWAY #9367,"I-275, EXIT 42",Cincinnati,OH,300,3.12567,1,3.12567,3.12567,39.127110,-84.514390,city
62911,DAVIS TRAVEL CENTER #108,"I-85, EXIT 39",Warfield,VA,180,3.09900,1,3.09900,3.09900,36.895700,-77.825830,city
62918,CIRCLE K #4705567,ST 91,Twinsburg,OH,305,3.63233,1,3.63233,3.63233,41.312560,-81.440110,city
62991,ONVO TRAVEL PLAZA,"I-84, EXIT 17",Lake Ariel,PA,200,3.58567,1,3.58567,3.58567,41.453970,-75.382680,city
62996,MARTIN GENERAL STORE,US-22,Alexandria,PA,14,3.53900,1,3.53900,3.53900,40.556460,-78.097780,city
63013,TA WEST GREENWICH,"I-95, EXIT 5B",West Greenwich,RI,175,3.76567,1,3.76567,3.76567,41.637000,-71.660040,city
63018,CIRCLE K #2723354,"I-526, EXIT 18A & US-78",Charleston,SC,42,3.29900,1,3.29900,3.29900,32.776320,-79.932750,city
63126,PWI #120,"I-10, EXIT 593",Schertz,TX,740,2.92567,1,2.92567,2.92567,29.552170,-98.269730,city
63193,Shell,US-29,Warrenton,VA,60,3.25733,1,3.25733,3.25733,38.713450,-77.795270,city
63211,OMAK MART,US-97 & SR-215,Omak,WA,970,4.14900,1,4.14900,4.14900,48.410990,-119.527550,city
63246,Petro Stopping Center #368,"I-94, EXIT 333",Sturtevant,WI,444,3.88900,1,3.88900,3.88900,42.698070,-87.894520,city
63313,MARION TRAVEL CENTER,I-55 EXIT 14,Marion,AR,435,3.19900,1,3.19900,3.19900,35.214530,-90.196480,city
63330,CIRCLE K #2723678,SR-53,Rome,GA,18,3.06233,1,3.06233,3.06233,34.257040,-85.164670,city
63336,ROAD RANGER #118,"I-72 & I-55, EXIT 100-A",Springfield,IL,318,3.35400,2,3.29900,3.40900,39.801720,-89.643710,city
63349,FLYING J TRAVEL PLAZA #662,"I-24, EXIT 86",Oak Grove,KY,415,3.15233,1,3.15233,3.15233,37.344210,-86.754710,city
63351,76 FUEL CENTER,"I-75, EXIT 76",Berea,KY,410,2.99900,1,2.99900,2.99900,37.568690,-84.296320,city
63353,LOVES TRAVEL STOP #367,"I-74, EXIT 149",Le Roy,IL,280,3.50400,4,3.38900,3.58900,40.351980,-88.764240,city
63376,Circle K #2746246,US-169 & SR-41,Shakopee,MN,448,3.59900,1,3.59900,3.59900,44.798020,-93.526900,city
63379,Petro Stopping Center #460,"I-70, EXIT 28",Oak Grove,MO,400,3.21233,1,3.21233,3.21233,39.005010,-94.129390,city
63388,CIRCLE K #2723471,"I-95, EXIT 121",Wilson,NC,205,3.19900,1,3.19900,3.19900,35.721270,-77.915540,city
63391,FLYING J TRAVEL PLAZA #687,"I-80, EXIT 179",North Platte,NE,475,3.44900,1,3.44900,3.44900,41.123890,-100.765420,city
63409,FLYING J TRAVEL PLAZA #693,"I-90, EXIT 48A; PEMBROKE, NY",Corfu,NY,38,3.88900,1,3.88900,3.88900,42.960060,-78.405580,city
63428,FLYING J TRAVEL PLAZA #702,"I-40, EXIT 264B",Checotah,OK,560,3.69900,1,3.69900,3.69900,35.470100,-95.523040,city
63442,Flying J Travel Plaza #720,"I-40, EXIT 182",Fairview,TN,460,3.18567,1,3.18567,3.18567,35.982010,-87.121400,city
63455,FLYING J TRAVEL PLAZA #752,"I-81, EXIT 323",Clear Brook,VA,60,3.65900,1,3.65900,3.65900,39.256490,-78.096110,city
63456,SHELL,"I-85, EXIT 61",Petersburg,VA,180,3.20067,1,3.20067,3.20067,37.227930,-77.401930,city
63495,DECAUTER SHELL TRUCK STOP,"I-35, EXIT 369",Decatur,TX,637,2.91567,1,2.91567,2.91567,33.234280,-97.586140,city
63498,PILOT #6955,I-40/I-85 EXIT 150,Haw River,NC,65,3.95900,1,3.95900,3.95900,36.091530,-79.364190,city
63500,SPEEDWAY #8723,"I-75, EXIT 144B",Bridgeport,MI,342,3.33900,4,3.24900,3.46900,43.359470,-83.881640,city
63501,LOVES TRAVEL STOP #407,I-81 EXIT 52B OR I-76 EXIT 226,Carlisle,PA,70,4.09900,1,4.09900,4.09900,40.201480,-77.188870,city
63502,FLYING J TRAVEL PLAZA #704,I-35 & 122ND ST,Edmond,OK,483,3.30567,1,3.30567,3.30567,35.652830,-97.478100,city
63506,KWIK TRIP #342,"I-39, EXIT 159",Stevens Point,WI,395,3.55900,1,3.55900,3.55900,44.523580,-89.574560,city
63509,PILOT TRAVEL CENTER #4557,"I-85, EXIT 166",Carnesville,GA,16,3.20567,2,3.17233,3.23900,34.369830,-83.235160,city
63510,PILOT #4584,"I-95, EXIT 181",Latta,SC,63,3.34900,1,3.34900,3.34900,34.337100,-79.431160,city
63511,PILOT #4576,"I-95, EXIT 82",Saint George,SC,42,3.51900,1,3.51900,3.51900,33.186000,-80.575650,city
63512,SPEEDWAY #7929,"I-40, EXIT 208",Colfax,NC,65,2.85400,1,2.85400,2.85400,36.112640,-80.014480,city
63516,SHEETZ #701,"I-81, EXIT 273",Mount Jackson,VA,60,2.87400,1,2.87400,2.87400,38.745950,-78.642240,city
63517,TA LINCOLN TRAVEL CENTER,"I-20, EXIT 168 & SR-77",Lincoln,AL,615,3.08400,1,3.08400,3.08400,33.613160,-86.118310,city
63519,PILOT TRAVEL CENTERS #243,"I-64, EXIT 45 & SR-25",Nitro,WV,44,3.62567,1,3.62567,3.62567,38.414810,-81.844020,city
63522,Pilot Travel Centers #411,"I-40, EXIT 238 & US-231",Lebanon,TN,460,3.24567,1,3.24567,3.24567,36.208110,-86.291100,city
63523,PILOT TRAVEL CENTERS #441,"I-65, EXIT 334",Decatur,AL,615,3.85900,2,3.85900,3.85900,34.605930,-86.983340,city
63524,PILOT TRAVEL CENTERS #416,"I-75/SR-401, EXIT 101",Cordele,GA,10,3.30900,2,3.28567,3.33233,31.963510,-83.782390,city
63530,BIG EASY TRAVEL PLAZA,"I-10, EXIT 239-B",New Orleans,LA,725,3.79900,1,3.79900,3.79900,29.954650,-90.075070,city
63532,FUELSMART,SR-165,Muskogee,OK,560,3.25233,1,3.25233,3.25233,35.747880,-95.369690,city
63533,FLYING J TRAVEL PLAZA #638,"I-84, EXIT 29",Caldwell,ID,785,3.78733,1,3.78733,3.78733,43.662940,-116.687360,city
63538,SUAMICO CITGO,"US-41/US-141, EXIT 176 & CR-B",Suamico,WI,360,3.26900,1,3.26900,3.26900,44.631940,-88.039270,city
63540,GAS N GO,"I-75, EXIT 149",Byron,GA,85,3.17233,1,3.17233,3.17233,32.653760,-83.759630,city
63545,LOVES TRAVEL STOP #397,"I-85, EXIT 104",Blacksburg,SC,210,3.41900,1,3.41900,3.41900,35.121240,-81.515920,city
63546,CITGO QUIK MART,SR/15 & SR-68,Tennille,GA,85,3.46567,1,3.46567,3.46567,32.935990,-82.811530,city
63563,PILOT TRAVEL CENTERS #209,"I-10, EXIT 140",Van Horn,TX,640,3.65900,1,3.65900,3.65900,31.040290,-104.830730,city
63564,PILOT TRAVEL CENTERS #213,"I-70, EXIT 94 (WILSON ROAD)",Columbus,OH,315,3.50900,1,3.50900,3.50900,39.961180,-82.998790,city
63565,LOVES TRAVEL STOP #296,"I-8, EXIT 115 & SR-85",Gila Bend,AZ,930,3.88900,1,3.88900,3.88900,32.947820,-112.716830,city
63566,PORT ALLEN TRUCKSTOP,"I-10, EXIT 151 & SR-415",Port Allen,LA,600,3.25900,1,3.25900,3.25900,30.452140,-91.210110,city
63568,FLYING J TRAVEL PLAZA #658,"I-35, EXIT 127",Emporia,KS,336,3.25233,1,3.25233,3.25233,38.403900,-96.181660,city
63569,PILOT TRAVEL CENTERS #893,"I-80, EXIT 40 (US-59)",Avoca,IA,319,3.65900,2,3.65900,3.65900,41.476660,-95.338050,city
63570,PILOT TRAVEL CENTERS #287,"I-71, EXIT 204 & SR-83",Burbank,OH,305,3.69900,1,3.69900,3.69900,40.988670,-81.994870,city
63571,Palace Truckstop,"I-10, EXIT 246 & I-510, EXIT 2C",New Orleans,LA,725,3.29900,1,3.29900,3.29900,29.954650,-90.075070,city
63572,PILOT TRAVEL CENTERS #211,"I-40, EXIT 9 & SR-95",Lake Havasu City,AZ,910,3.92400,2,3.84900,3.99900,34.483900,-114.322450,city
63574,PILOT TRAVEL CENTERS #232,"I-84, EXIT 376A",Ontario,OR,982,3.69900,1,3.69900,3.69900,44.026550,-116.962940,city
63575,OKEMAH TRAVEL CENTER,"I-40, EXIT 221 (ST 27)",Okemah,OK,483,2.87900,1,2.87900,2.87900,35.432590,-96.305010,city
63577,PILOT TRAVEL CENTERS #236,"I-80, EXIT 122",Minooka,IL,290,3.79900,2,3.79900,3.79900,41.455310,-88.261730,city
63579,301 PLAZA,US-301 & SR-299,Middletown,DE,243,3.23900,1,3.23900,3.23900,39.449560,-75.716320,city
63580,FLYING J TRAVEL PLAZA #637,"I-380, EXIT 68",Evansdale,IA,565,3.77900,1,3.77900,3.77900,42.469150,-92.281020,city
63581,CASEYS #4453,"I-75, EXIT 120",Lexington,KY,410,3.22400,1,3.22400,3.22400,37.988690,-84.477720,city
63582,T BONE TRUCK STOP,US-30,Columbus,NE,313,3.09900,1,3.09900,3.09900,41.429730,-97.368380,city
63583,CUBBYS #110,"I-80, EXIT 353",Columbus,NE,313,3.17900,1,3.17900,3.17900,41.429730,-97.368380,city
63584,PILOT TRAVEL CENTERS #417,"I-20, EXIT 19",Temple,GA,18,3.41900,2,3.38900,3.44900,33.737050,-85.032440,city
63586,LOVES TRAVEL STOP #295,US-412 & US-69,Chouteau,OK,560,3.29067,1,3.29067,3.29067,36.185930,-95.343020,city
63587,24/7 TRAVEL PLAZA,"I-135, EXIT 92",Salina,KS,523,2.97400,1,2.97400,2.97400,38.840280,-97.611420,city
63588,KWIK TRIP #686,"I-94, EXIT 333/US-41 & SR-20",Sturtevant,WI,444,3.76900,1,3.76900,3.76900,42.698070,-87.894520,city
63594,PILOT TRAVEL CENTERS #49,"I-24, EXIT 89",Oak Grove,KY,415,3.15233,1,3.15233,3.15233,37.344210,-86.754710,city
63595,SPEEDWAY #5236,"I-75, EXIT 122",Lima,OH,411,3.25567,1,3.25567,3.25567,40.742550,-84.105230,city
63596,PILOT TRAVEL CENTERS #442,"I-55, EXIT 19",Hayti,MO,275,3.25567,1,3.25567,3.25567,36.233680,-89.749530,city
63597,PILOT TRAVEL CENTERS #163,"I-10, EXIT 24",Lordsburg,NM,640,3.43900,1,3.43900,3.43900,32.350360,-108.708660,city
63598,PILOT TRAVEL CENTERS #164,"I-90/I-94, EXIT 69 & SR-82",Mauston,WI,420,3.29900,1,3.29900,3.29900,43.797190,-90.077350,city
63599,PWI #978,"I-215, EXIT 21",Salt Lake City,UT,835,3.35900,1,3.35900,3.35900,40.760780,-111.891050,city
63600,PILOT TRAVEL CENTERS #77,"I-55 /I-20, EXIT 45",Jackson,MS,760,3.14900,1,3.14900,3.14900,32.298760,-90.184810,city
63601,PILOT TRAVEL CENTERS #206,"I-20, EXIT 406",Weatherford,TX,630,3.20900,1,3.20900,3.20900,32.759300,-97.797250,city
63602,LOVES TRAVEL STOP #285,I-40 EXIT 277,Santa Rosa,NM,580,3.47400,1,3.47400,3.47400,34.938670,-104.682490,city
63603,LOVES TRAVEL STOPS #290,US-59/US-69/S LOOP 287 & FM-841,Lufkin,TX,610,3.64900,2,3.64900,3.64900,31.338240,-94.729100,city
63604,7-ELEVEN #40363,US-17/SR-15 & SR-100,Palatka,FL,75,3.36400,1,3.36400,3.36400,29.648580,-81.637580,city
63605,FLYING J TRAVEL PLAZA #663,"I-64, EXIT 43 & SR-395",Waddy,KY,415,3.75900,1,3.75900,3.75900,38.137020,-85.074400,city
63606,FLYING J TRAVEL PLAZA #652,"I-65/US-52, EXIT 139 & SR-39",Lebanon,IN,375,3.64067,1,3.64067,3.64067,40.048370,-86.469170,city
63607,ROAD RANGER #209,"I-90/94,  EXIT 48",Oakdale,WI,420,3.23400,1,3.23400,3.23400,43.959690,-90.381800,city
63608,ROAD RANGER #206,US-20,Winnebago,IL,520,3.26900,3,3.21900,3.29900,42.266130,-89.241220,city
63609,ROAD RANGER #203,US-20 & SR-2,Rockford,IL,520,3.26900,3,3.21900,3.29900,42.271130,-89.094000,city
63612,FLYING J TRAVEL PLAZA #622,"I-95/SR-9, EXIT 131 & SR-68 & SR-713",Fort Pierce,FL,95,3.49900,1,3.49900,3.49900,27.446710,-80.325610,city
63613,FLYING J TRAVEL PLAZA #690,"I-10/US-70, EXIT 24",Lordsburg,NM,640,3.43900,1,3.43900,3.43900,32.350360,-108.708660,city
63614,PILOT TRAVEL CENTERS #446,"I-69, EXIT 234",Daleville,IN,457,3.58150,2,3.51400,3.64900,40.121150,-85.558030,city
63615,One9 #1413,"I-81, EXIT 101",Dublin,VA,185,3.24233,1,3.24233,3.24233,37.105680,-80.685340,city
63616,SPEEDWAY #8876,"US-23, EXIT 50",Whitmore Lake,MI,342,3.62400,2,3.49900,3.74900,42.439700,-83.745300,city
63619,PILOT TRAVEL CENTERS #428,"I-20, EXIT 112",West Monroe,LA,760,3.20567,1,3.20567,3.20567,32.518480,-92.147640,city
63620,LOVES TRAVEL STOP #420,"I-20, EXIT 47",Flowood,MS,620,3.14900,1,3.14900,3.14900,32.309590,-90.138980,city
63621,FUEL CITY FRIENDLYS,"I-35E, EXIT 435",Dallas,TX,630,2.96567,1,2.96567,2.96567,32.783060,-96.806670,city
63623,PILOT TRAVEL CENTERS #90,"I-95/SR-9, EXIT 129 & SR-91, EXIT 152 & SR-70",Fort Pierce,FL,95,3.48900,2,3.45900,3.51900,27.446710,-80.325610,city
63624,FROG CITY TRAVEL PLAZA,"I-10, EXIT 87",Rayne,LA,690,3.36567,1,3.36567,3.36567,30.234930,-92.268460,city
63625,FLYING J TRAVEL PLAZA #688,"I-295, DEEP WATER STREET",Penns Grove,NJ,243,3.98900,1,3.98900,3.98900,39.729560,-75.467970,city
63627,PILOT TRAVEL CENTERS #174,I-78 & SR-15,New Albany,MS,435,3.85900,1,3.85900,3.85900,34.494270,-89.007840,city
63628,PILOT TRAVEL CENTERS #75,"I-65, EXIT 19 & US-43/SR-13",Satsuma,AL,715,3.19700,2,3.19500,3.19900,30.853240,-88.056110,city
63629,SPEEDWAY #4523,"I-94, EXIT 88",Osseo,WI,448,3.54567,1,3.54567,3.54567,44.572180,-91.227380,city
63630,TA DENVER EAST TRAVEL CENTER,"I-70 & I-270, EXIT 278",Commerce City,CO,800,3.37567,1,3.37567,3.37567,39.808320,-104.933870,city
63635,SAPP BROS TRAVEL CENTER,"I-70, EXIT 295",Junction City,KS,523,3.70900,1,3.70900,3.70900,39.028610,-96.831400,city
63636,PILOT TRAVEL CENTERS #279,"I-19, EXIT 12 & SR-289",Rio Rico,AZ,980,3.63650,2,3.61400,3.65900,31.471480,-110.976480,city
63637,PILOT TRAVEL CENTERS #454,"I-70, EXIT 79",London,OH,315,3.50900,1,3.50900,3.50900,39.886450,-83.448250,city
63639,PILOT TRAVEL CENTERS #444,"I-70, EXIT 23",Brazil,IN,375,3.93900,2,3.93900,3.93900,39.523650,-87.125020,city
63640,SUPER EXPRESS STOP,"I-64, EXIT 113",Mount Sterling,KY,410,3.85900,1,3.85900,3.85900,38.056470,-83.943260,city
63641,FLYING J TRAVEL PLAZA #625,"I-4/SR-400, EXIT 10 & SR-579",Seffner,FL,225,3.44233,1,3.44233,3.44233,27.983630,-82.275650,city
63642,COLTS QUICK DRAW,"I-40, EXIT 125 & US-65/SR-25",Greenbrier,AR,695,3.30733,1,3.30733,3.30733,35.233970,-92.387650,city
63648,CIRCLE K #2723333,"I-75, EXIT 216",Mcdonough,GA,67,3.20900,1,3.20900,3.20900,33.447340,-84.146860,city
63649,ONE TRIP,US-84,Homerville,GA,10,3.44233,1,3.44233,3.44233,31.036600,-82.747080,city
63651,CIRCLE K #2723346,US-29/S8,Athens,GA,16,3.39900,1,3.39900,3.39900,33.960950,-83.377940,city
63652,CASEYS #3292,"I-380, EXIT 43 & US-20",Independence,IA,380,3.59900,1,3.59900,3.59900,42.468600,-91.889340,city
63653,FLYING J TRAVEL PLAZA #760,US-30 & SR-232,Cokeville,WY,835,3.89900,1,3.89900,3.89900,42.082440,-110.955190,city
63661,FLYING J TRAVEL PLAZA #677,"US-78, EXIT 6",Olive Branch,MS,435,3.28567,1,3.28567,3.28567,34.961760,-89.829530,city
63662,PILOT TRAVEL CENTERS #267,"I-75, EXIT 146",Byron,GA,85,3.37567,2,3.36567,3.38567,32.653760,-83.759630,city
63667,CIRCLE K #2723875,SR-41/SR-45,Jamestown,SC,42,2.97400,1,2.97400,2.97400,33.286000,-79.692570,city
63668,PILOT #4579,"I-26, EXIT 139",Saint Matthews,SC,135,3.50900,1,3.50900,3.50900,33.664880,-80.777870,city
63669,One9 #1248,"I-45, EXIT 271",Wilmer,TX,630,2.75567,1,2.75567,2.75567,32.589020,-96.685270,city
63671,WESTERN TRAVEL TERMINAL,US-26 & US-85,Torrington,WY,795,3.39900,1,3.39900,3.39900,42.062460,-104.184390,city
63676,CORNER EXPRESS,ST 55,Wellston,MI,456,3.49900,1,3.49900,3.49900,44.216950,-85.957850,city
63680,ALLTOWN MARKETS-FLYING J #896,I-93 EXIT 11 & SR 3A,Bow,NH,39,4.09900,1,4.09900,4.09900,43.132030,-71.549240,city
63685,RIVER HEIGHTS GROCERY,US-64/SR-69/SR-15,Crump,TN,435,3.09900,1,3.09900,3.09900,35.221750,-88.318090,city
63690,LOVES TRAVEL STOP #277,"I-30, EXIT 46",Prescott,AR,635,3.47567,1,3.47567,3.47567,33.802610,-93.381010,city
63691,JIMMIES AUTO TRUCK PLAZA,"I-10, EXIT 262",Lee,FL,20,3.84733,1,3.84733,3.84733,30.419960,-83.301130,city
63694,PILOT TRAVEL CENTERS #261,"I-55, EXIT 186",Winona,MS,576,3.49900,1,3.49900,3.49900,33.482070,-89.728140,city
63695,FLYING J TRAVEL PLAZA #634,"I-20/SR-402, EXIT 19 & SR-113",Temple,GA,18,3.41900,1,3.41900,3.41900,33.737050,-85.032440,city
63697,MILLER MART #40,"I-64, EXIT 255B",Newport News,VA,130,3.30567,1,3.30567,3.30567,36.980380,-76.429750,city
63699,DEWITT TRAVEL MART,"US-30, EXIT 313",De Witt,IA,270,3.59900,1,3.59900,3.59900,41.823360,-90.538190,city
63700,WIXOM FUEL STOP,"I-96, EXIT 159",Wixom,MI,325,3.99900,1,3.99900,3.99900,42.524760,-83.536330,city
63701,FLYING J TRAVEL PLAZA #742,"I-80, EXIT 98/99",Tooele,UT,835,3.75900,1,3.75900,3.75900,40.530780,-112.298280,city
63702,QUICK FUEL #2501,"I-264, EXIT 14",Louisville,KY,415,3.08233,1,3.08233,3.08233,38.254240,-85.759410,city
63703,QUICK FUEL #2303,"I-71, EXIT 104/FRANK RD EXIT",Columbus,OH,315,3.56567,1,3.56567,3.56567,39.961180,-82.998790,city
63704,QUICK FUEL #2301,"I-275, EXIT 44",Cincinnati,OH,300,3.23900,1,3.23900,3.23900,39.127110,-84.514390,city
63706,QUICK FUEL #1003,"I-41/US-45, EXIT 45 & CR-EE",Milwaukee,WI,444,3.42567,1,3.42567,3.42567,43.038900,-87.906470,city
63715,FLYING J TRAVEL PLAZA #772,"I-215, EXIT 28",North Salt Lake,UT,835,3.73233,1,3.73233,3.73233,40.848560,-111.906880,city
63716,EXPRESS LANE #34,"I-39, EXIT 115",Rockford,IL,520,3.64900,2,3.54900,3.74900,42.271130,-89.094000,city
63718,ROAD RANGER #210,"I-39/US-51, EXIT 99 & SR-38",Rochelle,IL,520,3.69900,1,3.69900,3.69900,41.923920,-89.068710,city
63720,FLYING J TRAVEL PLAZA #611,"I-10, EXIT 137",Phoenix,AZ,930,3.58900,1,3.58900,3.58900,33.448380,-112.074040,city
63721,ROAD RUNNER TRAVEL CENTER,I-69E/US-77 & CR-892,Robstown,TX,625,3.34900,1,3.34900,3.34900,27.790300,-97.668880,city
63722,LOVES TRAVEL STOP #240,"I-10, EXIT 151 & SR-415",Port Allen,LA,600,3.23233,1,3.23233,3.23233,30.452140,-91.210110,city
63724,LOVES TRAVEL STOP #244,"I-40, EXIT 87 & US-70/US-412",Jackson,TN,435,3.49733,1,3.49733,3.49733,35.614520,-88.813950,city
63725,TA CARTERSVILLE TRAVEL CENTER,"I-75, EXIT 296",Cartersville,GA,18,3.59900,1,3.59900,3.59900,34.165330,-84.802310,city
63726,FLYING J TRAVEL PLAZA #706,"I-44 & I-244, EXIT 236",Tulsa,OK,560,3.36567,1,3.36567,3.36567,36.153980,-95.992770,city
63727,LOVES TRAVEL STOP #403,"I-81, EXIT 3",Binghamton,NY,32,3.70900,4,3.67900,3.74900,42.098690,-75.917970,city
63728,PILOT TRAVEL CENTERS #43,"I-80, EXIT 284",Walcott,IA,270,3.87233,2,3.85900,3.88567,41.584750,-90.772090,city
63729,PILOT TRAVEL CENTERS #147,"I-80, EXIT 410",West Wendover,NV,835,3.70900,1,3.70900,3.70900,40.739100,-114.073350,city
63730,PILOT TRAVEL CENTERS #309,"I-77, EXIT 25",Caldwell,OH,430,3.65233,1,3.65233,3.65233,39.747850,-81.516510,city
63731,LOVES TRAVEL STOP #243,"I-10, EXIT 43 & SR-383",Iowa,LA,690,3.58733,1,3.58733,3.58733,30.236870,-93.013760,city
63732,LOVES TRAVEL STOP #265,"I-10, EXIT 200",Eloy,AZ,930,3.43400,1,3.43400,3.43400,32.755900,-111.554840,city
63734,CIRCLE K #2723472,US-70 & SR-58,Kinston,NC,63,3.31900,1,3.31900,3.31900,35.262660,-77.581640,city
63736,PLATEAU TRUCK AND AUTO CENTER,"I-10, EXIT 159",Van Horn,TX,640,3.09900,1,3.09900,3.09900,31.040290,-104.830730,city
63737,I 10 DUSON TRUCK STOP,"I-10, AUSTRIA ROAD",Duson,LA,730,3.41067,1,3.41067,3.41067,30.235760,-92.185400,city
63738,U STOP 33,US-77,Beatrice,NE,413,3.39900,1,3.39900,3.39900,40.268060,-96.746970,city
63740,CIRCLE K #2723478,US-29,Blairs,VA,185,3.43900,1,3.43900,3.43900,36.679860,-79.373080,city
63741,SHELL,"I-295, EXIT 15",Chester,VA,180,3.20233,1,3.20233,3.20233,37.356820,-77.441650,city
63743,PILOT TRAVEL CENTERS #370,"I-81, EXIT 175",Pittston,PA,200,4.17567,1,4.17567,4.17567,41.325910,-75.789360,city
63744,PILOT TRAVEL CENTERS #439,"I-24, EXIT 86",Oak Grove,KY,415,3.15233,1,3.15233,3.15233,37.344210,-86.754710,city
63745,PILOT TRAVEL CENTERS #447,"I-64, EXIT 25",Haubstadt,IN,340,3.95900,2,3.95900,3.95900,38.205040,-87.574190,city
63746,PILOT TRAVEL CENTERS #453,"I-85, EXIT 90",Gaffney,SC,210,3.42900,1,3.42900,3.42900,35.071790,-81.649820,city
63747,PILOT TRAVEL CENTERS #440,"I-71, EXIT 28",Pendleton,KY,415,3.75900,1,3.75900,3.75900,38.462290,-85.303570,city
63751,PETRO STOPPING CENTER #328,"I-20 & I-55, EXIT 45",Jackson,MS,620,3.10900,1,3.10900,3.10900,32.298760,-90.184810,city
63752,MR FUEL #732,"I-80, EXIT 226",Girard,OH,573,3.23900,1,3.23900,3.23900,41.153950,-80.701470,city
63753,PILOT TRAVEL CENTER #4558,"I-75, EXIT 318",Calhoun,GA,285,3.29567,2,3.28567,3.30567,34.502590,-84.951050,city
63754,U SAVE TRAVEL PLAZA,US-19 & SR-129,Mount Nebo,WV,44,3.59900,1,3.59900,3.59900,38.200110,-80.851210,city
63755,PILOT TRAVEL CENTERS #196,"I-40, EXIT 325 & US-64",Roland,OK,645,3.73900,1,3.73900,3.73900,35.421200,-94.514660,city
63756,PILOT TRAVEL CENTERS #144,"I-20, EXIT 200",Augusta,GA,135,3.85900,2,3.85900,3.85900,33.470970,-81.974840,city
63759,BUFFALO RANCH,US/69/US-60 & US-59,Afton,OK,560,3.09900,1,3.09900,3.09900,36.693690,-94.963020,city
63760,CASH MAGIC CITGO HOUMA,I-57,Houma,LA,725,3.56567,1,3.56567,3.56567,29.595770,-90.719530,city
63761,7Fleet #46589,"I-94/US-52, EXIT 205 & SR-241",Saint Michael,MN,448,3.30900,1,3.30900,3.30900,45.209960,-93.664960,city
63762,MINIT MART #600643,"I-57, EXIT 322",Manteno,IL,290,3.31567,3,3.24900,3.39900,41.250590,-87.831430,city
63763,Flying J Travel Plaza #644,"I-80, EXIT 77 & SR-351",La Salle,IL,290,3.43900,4,3.29900,3.59900,41.333370,-89.091750,city
63764,LOVES TRAVEL STOP #288,"I-45, EXIT 198 & US-84",Fairfield,TX,765,3.42900,1,3.42900,3.42900,31.724610,-96.165250,city
63766,PILOT TRAVEL CENTERS #26,"US-23, EXIT 5 & US-223",Ottawa Lake,MI,325,3.62150,4,3.57900,3.65900,41.773620,-83.727320,city
63767,HOP-IN FOOD STORES,I-27 & FM-1729,New Deal,TX,700,2.92567,1,2.92567,2.92567,33.737310,-101.836560,city
63768,PILOT TRAVEL CENTERS #443,"I-70, EXIT 49",Higginsville,MO,400,3.23567,1,3.23567,3.23567,39.072510,-93.717160,city
63770,FLYING J TRAVEL PLAZA #694,"I-90, EXIT 223",Austinburg,OH,305,3.85900,1,3.85900,3.85900,41.772000,-80.854530,city
63771,FLYING J TRAVEL PLAZA #572,"I-35, EXIT 144",Williams,IA,433,3.69900,2,3.69900,3.69900,42.488310,-93.544930,city
63773,QUIKTRIP #179,ST 152,Liberty,MO,400,2.99900,1,2.99900,2.99900,39.246110,-94.419120,city
63774,PILOT TRAVEL CENTERS #150,"I-70, EXIT 24 &SR-63",Hagerstown,MD,22,3.95900,1,3.95900,3.95900,39.641760,-77.719990,city
63775,FLYING J TRAVEL PLAZA #646,"I-90/39, EXIT 1 & US-51 & SR-75",South Beloit,IL,290,3.79900,2,3.79900,3.79900,42.493070,-89.036780,city
63776,KWIK TRIP #334,US-169/SR-60,Mankato,MN,425,3.54900,1,3.54900,3.54900,44.159060,-94.009150,city
63777,KWIK TRIP #403,"I-35, EXIT 45",Owatonna,MN,425,3.49900,1,3.49900,3.49900,44.083850,-93.226040,city
63778,KWIK TRIP #662,SR-55/SR-149,Saint Paul,MN,451,3.62900,1,3.62900,3.62900,44.944410,-93.093270,city
63781,Pilot Travel Centers #8,US-23 & PITTSBURG RD,Circleville,OH,315,3.79900,1,3.79900,3.79900,39.600620,-82.946010,city
63782,FUEL EXPRESSO #11,"I-35, EXIT 155",Lebo,KS,400,3.17233,1,3.17233,3.17233,38.416680,-95.853040,city
63787,LOVES TRAVEL STOP #402,"I-10, EXIT 44",Biloxi,MS,715,3.44900,1,3.44900,3.44900,30.396030,-88.885310,city
63789,PILOT TRAVEL CENTERS #448,"I-65, EXIT 240",Hebron,IN,365,3.47650,2,3.35400,3.59900,41.318650,-87.200310,city
63790,PILOT TRAVEL CENTERS #412,"I-81, EXIT 4",White Pine,TN,405,3.69900,1,3.69900,3.69900,36.107590,-83.286830,city
63791,PILOT TRAVEL CENTERS #432,"I-35, EXIT 328",Waco,TX,765,3.22067,1,3.22067,3.22067,31.549330,-97.146670,city
63792,PILOT TRAVEL CENTERS #424,"I-75, EXIT 358",Ocala,FL,140,3.38567,2,3.35900,3.41233,29.187200,-82.140090,city
63793,HUTCH'S #113,US-183 & US-270/SR-15,Woodward,OK,483,2.99900,1,2.99900,2.99900,36.433650,-99.390390,city
63794,PILOT TRAVEL CENTERS #157,"I-30, EXIT 122",Sulphur Springs,TX,723,3.30900,1,3.30900,3.30900,33.138450,-95.601070,city
63795,LOVES COUNTRY STORE #022,US-412,Clayton,NM,585,3.41400,1,3.41400,3.41400,36.451690,-103.184100,city
63796,PETRO STOPPING CENTER #329,"I-40/I-85, EXIT 157",Mebane,NC,65,3.99900,1,3.99900,3.99900,36.095970,-79.266960,city
63798,PETRO GLADE SPRING #372,"I-81, EXIT 29",Glade Spring,VA,405,3.58733,1,3.58733,3.58733,36.791220,-81.771230,city
63799,LOVES TRAVEL STOP #204,US-69 BUS & US-69,Eufaula,OK,560,3.68900,1,3.68900,3.68900,35.287220,-95.582500,city
63800,PILOT TRAVEL CENTERS #255,"I-95, EXIT 40",Milford,CT,73,4.29900,2,4.29900,4.29900,41.222320,-73.056500,city
63801,PILOT #1126,"I-435, EXIT 55 & SR-210",Kansas City,MO,400,3.38233,1,3.38233,3.38233,39.099730,-94.578570,city
63802,CARTERS TRAVEL CENTER,"I-40, EXIT 201N",Flagstaff,AZ,930,3.68900,1,3.68900,3.68900,35.198070,-111.651270,city
63803,KOUNTRY XPRESS,"I-40, EXIT 20",Mulberry,AR,645,3.27233,1,3.27233,3.27233,35.500640,-94.051590,city
63805,TEX-BEST #519,US-281 & US-281 BUS & CR-1930,Alice,TX,625,2.89900,1,2.89900,2.89900,27.752250,-98.069720,city
63812,PETRO STOPPING CENTER #330,"I-65, EXIT 86",Glendale,KY,415,3.59900,1,3.59900,3.59900,37.601730,-85.905520,city
63813,TA SAN ANTONIO TRAVELCENTER,"I-10 & FOSTER RD, EXIT 583",San Antonio,TX,740,3.20733,1,3.20733,3.20733,29.424120,-98.493630,city
63828,CIRCLE K #2723654,US-431,Boaz,AL,587,3.51900,1,3.51900,3.51900,34.200650,-86.166370,city
63829,CALERA CHEVRON,SR-25,Calera,AL,615,3.19900,1,3.19900,3.19900,33.102900,-86.753600,city
63836,Double Bees #109,"I-40, EXIT 183",Carlisle,AR,695,3.13900,1,3.13900,3.13900,34.783150,-91.746520,city
63841,MAGNOLIA TRAVEL CENTER,US-82 & US-371,Magnolia,AR,635,3.59900,1,3.59900,3.59900,33.267070,-93.239330,city
63846,71 EXPRESS,US-71,Mansfield,AR,645,3.33233,1,3.33233,3.33233,35.059540,-94.252710,city
63848,CIRCLE K #2706345,"I-30, EXIT 2",Texarkana,AR,723,3.47900,1,3.47900,3.47900,33.441790,-94.037690,city
63850,PILOT TRAVEL CENTERS #180,"I-40, EXIT 185",Bellemont,AZ,930,3.62400,2,3.60900,3.63900,35.238070,-111.833500,city
63854,E-Z MART #4437,US-71,Boles,AR,645,3.29900,1,3.29900,3.29900,34.779550,-94.049100,city
63855,LOVES TRAVEL STOP #460,"I-10, EXIT 302",Benson,AZ,980,3.27900,1,3.27900,3.27900,31.967860,-110.294520,city
63856,PILOT TRAVEL CENTER #1175,"I-17, EXIT 262 & SR-69",Mayer,AZ,930,3.69525,2,3.69150,3.69900,34.397810,-112.236270,city
63870,CIRCLE K #2744074,"I-270/US-36, EXIT 4",Commerce City,CO,800,3.45567,1,3.45567,3.45567,39.808320,-104.933870,city
63871,Alta Convenience Store #6317,"I-70, EXIT 19",Fruita,CO,810,3.39900,1,3.39900,3.39900,39.158870,-108.728990,city
63876,Mobil,"FL TURNPIKE,  EXIT 244",Kissimmee,FL,225,3.44900,1,3.44900,3.44900,28.304680,-81.416670,city
63887,QUIKTRIP #757,"I-79/SR-401, EXIT 306 & SR-140",Adairsville,GA,193,2.88733,1,2.88733,2.88733,34.368700,-84.934110,city
63893,QUICK FUEL #2204,"I-285, EXIT 58/SR-407 & I-75, EXIT 237/SR-401",Atlanta,GA,18,3.27567,1,3.27567,3.27567,33.749000,-84.387980,city
63894,CIRCLE K #2723653,"I-75, EXIT 124",Cartersville,GA,193,3.22400,1,3.22400,3.22400,34.165330,-84.802310,city
63895,KWIK SERV #17,"I-75, EXIT 136",Chatsworth,GA,193,3.49900,1,3.49900,3.49900,34.765910,-84.769940,city
63904,SUNOCO,"I-95, EXIT 19",Savannah,GA,195,3.63233,1,3.63233,3.63233,32.083540,-81.099830,city
63907,QUIKTRIP #737,"I-85, EXIT 137",Jefferson,GA,16,3.11900,1,3.11900,3.11900,34.117050,-83.572390,city
63909,GAS2GO,"I-95, EXIT 6",Kingsland,GA,75,3.10900,1,3.10900,3.10900,30.799960,-81.689830,city
63910,OGMULGEE CHEVRON #419,"I-16, EXIT 6",Macon,GA,85,3.39900,1,3.39900,3.39900,32.840690,-83.632400,city
63912,PILOT TRAVEL CENTER #4562,"I-95, EXIT 1",Kingsland,GA,75,3.56567,2,3.55900,3.57233,30.799960,-81.689830,city
63914,CIRCLE M #12,US-23/SR-365 & SR-52,Lula,GA,18,3.53900,1,3.53900,3.53900,34.387600,-83.666290,city
63915,HIGHWAY 80 CHEVRON,"I-185, EXIT 7",Midland,GA,50,3.39900,1,3.39900,3.39900,32.574860,-84.827150,city
63922,THOMASVILLE TRAVEL CENTER,US-84 & SR-3,Thomasville,GA,20,3.18067,1,3.18067,3.18067,30.836580,-83.978780,city
63925,PILOT TRAVEL CENTER #4561,"I-75, EXIT 11",Valdosta,GA,20,3.32233,2,3.28567,3.35900,30.833340,-83.280320,city
63931,LOVES TRAVEL STOP #371,"I-95, EXIT 190",Dillon,SC,46,3.33067,1,3.33067,3.33067,34.416550,-79.371160,city
63937,CUBBYS #305,"I-29, EXIT 10 & SR-2",Percival,IA,319,3.69400,1,3.69400,3.69400,40.748890,-95.813610,city
63938,CUBBYS #301,US-34 & SR-48,Red Oak,IA,319,3.39900,1,3.39900,3.39900,41.009720,-95.225550,city
63942,Discount Zone,"I-10, EXIT CLEARVIEW",New Orleans,LA,725,3.27900,1,3.27900,3.27900,29.954650,-90.075070,city
63946,MINIT MART #600644,"I-80, EXIT 134",Joliet,IL,399,3.59900,1,3.59900,3.59900,41.525190,-88.083400,city
63955,ROAD RANGER #266,"I-72, EXIT 82 & CR-10",New Berlin,IL,280,3.48567,3,3.43900,3.53900,39.725330,-89.910660,city
63957,SUNMART FOOD STORE,SR-37,Bloomington,IN,375,3.49900,1,3.49900,3.49900,39.165330,-86.526390,city
63959,SPEEDWAY #1429,SR-59 & SR-56,Warrenville,IL,293,3.54900,2,3.49900,3.59900,41.817810,-88.173400,city
63960,BUTLER ONE STOP,"I-69, EXIT 329",Butler,IN,370,3.51900,1,3.51900,3.51900,41.429770,-84.871350,city
63962,7-ELEVEN #40505,"I-80, EXIT 90",Elkhart,IN,465,4.11567,1,4.11567,4.11567,41.681990,-85.976670,city
63964,LOVES TRAVEL STOPS #242,"I-35 & FISHER RD, EXIT 144",Von Ormy,TX,740,3.20800,2,3.16700,3.24900,29.289130,-98.644460,city
63965,GOOD TO GO #11,"I-65, EXIT 158",Frankfort,IN,375,3.54900,1,3.54900,3.54900,40.279480,-86.510840,city
63966,PHILS ONE STOP,"I-69, EXIT 309B",Fort Wayne,IN,370,3.67567,1,3.67567,3.67567,41.130600,-85.128860,city
63972,7-ELEVEN #40506,"I-80/I-90, MM 125 WB",Howe,IN,465,3.89900,1,3.89900,3.89900,41.721440,-85.420540,city
63977,CAREFREE FOOD MART,"I-64, EXIT 92",Leavenworth,IN,415,3.49900,1,3.49900,3.49900,38.199790,-86.344140,city
63978,Gallops,"I-80, EXIT 107",Middlebury,IN,370,3.54900,1,3.54900,3.54900,41.675330,-85.706100,city
63979,Jaks Oil,US-90,Broussard,LA,730,3.04900,1,3.04900,3.04900,30.147150,-91.961230,city
63988,Petes #47,US-400/SR-47,Fredonia,KS,307,3.29900,1,3.29900,3.29900,37.533940,-95.826650,city
63990,TREX MART #4,"I-229/US-59, EXIT 4B & US-36",Wathena,KS,400,2.99900,1,2.99900,2.99900,39.759160,-94.949690,city
63992,SANDRAS QUICK STOP,US-169 & US-59,Garnett,KS,485,3.31900,1,3.31900,3.31900,38.280580,-95.241920,city
63994,U STOP #38,I-70 EXIT 298,Junction City,KS,553,3.35567,1,3.35567,3.35567,39.028610,-96.831400,city
63997,LEON GROCERY,US-400,Leon,KS,336,3.39900,1,3.39900,3.39900,37.690300,-96.782250,city
64001,PETES #53,US-400 & SR-99 & CR-939,Severy,KS,336,3.24900,1,3.24900,3.24900,37.622250,-96.228050,city
64002,SPEEDWAY #9567,"I-65, EXIT 105",Lebanon Junction,KY,415,3.16567,1,3.16567,3.16567,37.834510,-85.731900,city
64003,HUCKS Food & Fuel #305 dba Pilot Dealer #1288,SR-9001 & WKY PKWY SERVICE AREA,Beaver Dam,KY,460,3.61400,2,3.59900,3.62900,37.401990,-86.875830,city
64016,SHELL,US-231 & SR-1468,Morgantown,KY,487,3.79900,1,3.79900,3.79900,37.225600,-86.683600,city
64020,LEEBOS # 9,"I-49, EXIT 90",Alexandria,LA,730,3.21567,1,3.21567,3.21567,31.311290,-92.445140,city
64021,CM AMITE,SR-16,Amite,LA,600,3.39900,1,3.39900,3.39900,30.726570,-90.508980,city
64028,DELCAMBRE FUEL DEPOT,SR-14 & SR-89,Delcambre,LA,730,2.99900,1,2.99900,2.99900,29.948260,-91.988730,city
64029,SUNSHINE SUPER STOP TRUCKS,"I-10, EXIT 182",Convent,LA,600,3.39900,1,3.39900,3.39900,30.020760,-90.829820,city
64030,STATE OIL,SR-23,Belle Chasse,LA,725,3.43233,1,3.43233,3.43233,29.854930,-89.990630,city
64034,BOONES CHEVRON,SR-317,Franklin,LA,623,3.89900,1,3.89900,3.89900,29.796040,-91.501500,city
64036,CM PROSPECT STATION,SR-3087 & SR-660,Houma,LA,725,3.59900,1,3.59900,3.59900,29.595770,-90.719530,city
64040,PILOT #1051,"I-10, EXIT 43 & SR-383",Iowa,LA,690,3.59900,1,3.59900,3.59900,30.236870,-93.013760,city
64042,LA PLACE TRAVEL CENTER,"I-10, EXIT 209 & I-55, EXIT 1",La Place,LA,725,3.25900,1,3.25900,3.25900,30.066980,-90.481470,city
64043,COUNTRY AUTO TRUCK STOP,"I-49, EXIT 177 & SR-509",Mansfield,LA,766,3.25900,1,3.25900,3.25900,32.037660,-93.700180,city
64044,DISCOUNT ZONE,"I-510, EXIT 240",New Orleans,LA,725,3.14900,1,3.14900,3.14900,29.954650,-90.075070,city
64045,SILVERS TRAVEL PLAZA - Port Allen,US-190/SR-1,Port Allen,LA,730,3.33233,1,3.33233,3.33233,30.452140,-91.210110,city
64047,LUCKY LOUIES TRUCK STOP,US-190,Port Allen,LA,600,3.06567,1,3.06567,3.06567,30.452140,-91.210110,city
64048,Pilot #1439,"I-10, Exit 151",Port Allen,LA,600,3.21567,1,3.21567,3.21567,30.452140,-91.210110,city
64049,Cash Magic CITGO LAROSE,SR-308,Larose,LA,725,3.39900,1,3.39900,3.39900,29.572440,-90.381750,city
64050,WESTWOOD TRUCK PLAZA,US-90 BUS,Marrero,LA,725,3.27900,1,3.27900,3.27900,29.899370,-90.100350,city
64058,DELTA TOWN TRUCK STOP,"I-10, EXIT 4",Vinton,LA,690,2.79900,1,2.79900,2.79900,30.190760,-93.581270,city
64059,CM SPRINGHILL,"I-20, EXIT 44",Springhill,LA,745,3.39900,1,3.39900,3.39900,33.005970,-93.466840,city
64060,CM VIVIAN,SR-1 & SR-2,Vivian,LA,745,3.26567,1,3.26567,3.26567,32.871530,-93.987400,city
64062,XTRA MART #10098,SR-146A,Uxbridge,MA,175,3.64900,1,3.64900,3.64900,42.077320,-71.629510,city
64063,Mobil,US-20 & SR-56,North Oxford,MA,175,3.58233,1,3.58233,3.58233,42.150090,-71.868410,city
64069,301 BP,US-301/SR-5,Brandywine,MD,22,3.25900,1,3.25900,3.25900,38.696780,-76.847750,city
64072,EZ MART #110,US-127 & US-127 BUS/SR-46,Alma,MI,260,3.64900,1,3.64900,3.64900,43.378920,-84.659730,city
64082,SPEEDWAY #8797,SR-13,Lennon,MI,342,3.37900,1,3.37900,3.37900,42.984450,-83.930020,city
64083,BIG DADDYS TRUCKSTOP,US-223 & US-23,Ottawa Lake,MI,325,3.49900,1,3.49900,3.49900,41.773620,-83.727320,city
64084,RPF OIL #92 PARMA TRAVEL CENTER,"I-94, EXIT 128",Parma,MI,431,3.49900,1,3.49900,3.49900,42.258370,-84.599690,city
64085,MADCO TRUCK PLAZA,"I-94, EXIT 200",Romulus,MI,325,3.47900,3,3.39900,3.53900,42.222260,-83.396600,city
64087,SAHARA PETRO,"I-696, EXIT 22",Warren,MI,325,3.74900,2,3.69900,3.79900,42.490440,-83.013040,city
64091,Circle K 2746398,US-10 & SR-27,Little Falls,MN,448,3.39900,1,3.39900,3.39900,45.976350,-94.362500,city
64092,ONE9 #4555,"I-20/I-59, EXIT 77",Cottondale,AL,615,2.93233,1,2.93233,2.93233,31.205180,-85.381880,city
64097,KWIK TRIP #937,US-12,Willmar,MN,451,3.34067,1,3.34067,3.34067,45.121910,-95.043340,city
64098,BLUE LINE TRAVEL CENTER,"I-90, EXIT 45",Worthington,MN,432,3.16567,1,3.16567,3.16567,43.619960,-95.596400,city
64101,D DIAMOND TRAVEL PLAZA,"I-44, EXIT 82",Fair Grove,MO,535,3.13233,1,3.13233,3.13233,37.383930,-93.151300,city
64106,RAPID ROBERTS #122,SR-43,Joplin,MO,277,2.89900,1,2.89900,2.89900,37.084230,-94.513280,city
64112,RAPID ROBERTS #123,"I-44, EXIT 80",Springfield,MO,535,2.89900,1,2.89900,2.89900,37.215330,-93.298240,city
64116,GRAND LEDGE,"I-96, EXIT 86",Grand Ledge,MI,344,3.78900,1,3.78900,3.78900,42.753370,-84.746380,city
64120,HOLIDAY STATIONSTORE #2746185,US-2,Wakefield,MI,545,3.27900,3,3.13900,3.47900,46.475230,-89.939890,city
64122,FLYING J TRAVEL PLAZA #691,"I-40, EXIT 333",Tucumcari,NM,585,3.89900,1,3.89900,3.89900,35.171910,-103.726860,city
64124,Shell,"I-94 & I-75, EXIT 171",Saint Cloud,MN,448,3.36233,1,3.36233,3.36233,45.560800,-94.162490,city
64126,CASEYS #3471,US-2 & CR-87,Cohasset,MN,333,3.44900,1,3.44900,3.44900,47.263560,-93.620220,city
64132,45 TRUCKSTOP,US-45,Corinth,MS,435,3.08900,1,3.08900,3.08900,34.934250,-88.522270,city
64139,4 MILE TRUCKSTOP,US-98 & HOLT RD,Lucedale,MS,715,3.39900,1,3.39900,3.39900,30.925190,-88.590020,city
64153,SPEEDWAY #6972,US-70,Durham,NC,177,3.79900,1,3.79900,3.79900,35.994030,-78.898620,city
64155,SPEEDWAY #8228,"I-85, EXIT 191 & SR-56",Creedmoor,NC,205,3.99900,1,3.99900,3.99900,36.122370,-78.686110,city
64156,SPEEDWAY #6985,"I-40, EXIT 312 & SR-42",Garner,NC,177,3.49900,1,3.49900,3.49900,35.711260,-78.614170,city
64163,FILL GOOD BP #15,US-74,Monroe,NC,46,3.39900,1,3.39900,3.39900,34.985430,-80.549510,city
64167,NORTH LONDONDERRY SUNOCO,"I-93, EXIT 5",Londonderry,NH,125,3.93900,1,3.93900,3.93900,42.865090,-71.373950,city
64170,LUCKY 7,"I-95, EXIT 61",Wade,NC,205,2.99900,1,2.99900,2.99900,35.162940,-78.736130,city
64171,CIRCLE K #2723130,"I-40, EXIT 364",Warsaw,NC,245,2.87567,1,2.87567,2.87567,34.999330,-78.091100,city
64172,CUBBYS #108,"I-80, EXIT 420 & SR-63",Greenwood,NE,319,3.39900,1,3.39900,3.39900,40.962780,-96.441120,city
64173,SAPP BROS TRAVEL CENTER,"I-80, EXIT 405",Lincoln,NE,413,3.36567,1,3.36567,3.36567,40.800000,-96.666960,city
64181,SUNOCO- JOYCE KILMER PLAZA #7012,"NJTP,EXIT 8A",East Brunswick,NJ,115,3.89900,1,3.89900,3.89900,40.427880,-74.415980,city
64182,SUNOCO- VINCE LOMBARDI SERVICE AREA #7017,"NJ TURNPIKE, EXIT 18",Ridgefield,NJ,115,3.89900,1,3.89900,3.89900,40.834270,-74.008750,city
64183,SUNOCO- THOMAS EDISON PLAZA #7013,"NJTP, EXIT 11",Woodbridge,NJ,79,3.89900,1,3.89900,3.89900,40.557600,-74.284590,city
64187,SPEEDWAY #9117,"I-25, EXIT 339",Las Vegas,NM,580,3.18567,1,3.18567,3.18567,35.593930,-105.223900,city
64189,CIRCLE K #2708931,"I-10, EXIT 155",Tucumcari,NM,585,3.25900,1,3.25900,3.25900,35.171910,-103.726860,city
64195,DANDY MINI MART #14,"I-86, EXIT 62",Nichols,NY,32,3.43900,1,3.43900,3.43900,42.021740,-76.366880,city
64201,POCO SHOP #2,"I-95, EXIT 31",Saint Pauls,NC,205,3.79900,1,3.79900,3.79900,34.806550,-78.971140,city
64206,SUNOCO WOODROW WILSON PLAZA #7010,"NJTP, EXIT 7",Trenton,NJ,150,3.89900,1,3.89900,3.89900,40.217050,-74.742940,city
64210,FUEL 1,"I-287, EXIT 4",South Plainfield,NJ,79,4.79900,1,4.79900,4.79900,40.579270,-74.411540,city
64211,PILOT #490/WESTERN PETROLEUM,US-180,Carlsbad,NM,593,3.72900,1,3.72900,3.72900,32.420670,-104.228840,city
64215,STRIPES 7FLEET #42588,US-380 & SR-206,Tatum,NM,700,3.66233,1,3.66233,3.66233,33.257060,-103.317730,city
64216,DANDY MINI MART #31,SR-13 & SR-224,Cayuta,NY,190,4.39900,1,4.39900,4.39900,42.281740,-76.696890,city
64218,PILOT TRAVEL CENTERS #494,"I-88, EXIT 25",Schenectady,NY,12,3.99900,1,3.99900,3.99900,42.814240,-73.939570,city
64221,BELL STORES #49,"I-76E, EXIT 25B",Akron,OH,249,3.49900,1,3.49900,3.49900,41.081440,-81.519010,city
64223,7-ELEVEN #40295,"I-80, EXIT 170",Broadview Heights,OH,249,3.52733,1,3.52733,3.52733,41.313940,-81.685130,city
64224,7-ELEVEN #40296,SR-176,Broadview Heights,OH,249,3.53233,1,3.53233,3.53233,41.313940,-81.685130,city
64227,GO MART FOOD STORE #116,US-50 & SR-7,Coolville,OH,430,3.35733,1,3.35733,3.35733,39.221740,-81.797360,city
64229,SPEEDWAY #9385,"I-70, EXIT 129",Hebron,OH,315,3.36900,1,3.36900,3.36900,39.961730,-82.491270,city
64230,Certified Oil #400423,I-70 EXIT 126,Hebron,OH,315,3.39567,1,3.39567,3.39567,39.961730,-82.491270,city
64231,7-ELEVEN #40293,"OHIO TURNPIKE EB MILEPOST 139/I-80, EXIT 139",Amherst,OH,249,3.53233,1,3.53233,3.53233,41.397820,-82.222380,city
64233,74 FUEL STOP,"I-74, EXIT 3",Harrison,OH,300,3.85900,1,3.85900,3.85900,39.262000,-84.819950,city
64235,PENNZMART FUEL EXPRESS,ST 100,Tiffin,OH,411,3.43150,1,3.43150,3.43150,41.114500,-83.177970,city
64236,KFC TRAVELMART,SR-199,Upper Sandusky,OH,411,3.24900,1,3.24900,3.24900,40.827280,-83.281310,city
64243,Caseys #4519,US-62,Altus,OK,483,3.00567,1,3.00567,3.00567,34.638130,-99.333980,city
64244,CHOCTAW NATION DURANT WEST #632,US-69/US-75,Calera,OK,253,3.08900,1,3.08900,3.08900,33.934540,-96.428600,city
64256,CHEROKEE TRAVEL PLAZA,"I-40, EXIT 325",Roland,OK,645,3.79900,1,3.79900,3.79900,35.421200,-94.514660,city
64261,Phillips 66,US-75/SR-56,Okmulgee,OK,560,2.98900,1,2.98900,2.98900,35.623440,-95.960550,city
64264,CASEYS #4594,US-81 & US-70,Waurika,OK,253,3.07733,1,3.07733,3.07733,34.167040,-97.997540,city
64265,ASAP GENERAL STORE #101,"I-40, EXIT 84 & US-54",Weatherford,OK,483,3.13233,1,3.13233,3.13233,35.526160,-98.707570,city
64270,PENN JERSEY DIESEL & TRAILER,"I-95, EXIT 37",Bensalem,PA,160,4.19900,1,4.19900,4.19900,40.104550,-74.951280,city
64274,RUTTERS #53,"I-83, EXIT 32 & SR-382",Etters,PA,70,3.99900,1,3.99900,3.99900,40.152410,-76.818900,city
64275,7-ELEVEN #40279,I-276 & US-202 (KING OF PRUSSIA SERVICE PLAZA WB),King Of Prussia,PA,160,3.88400,1,3.88400,3.88400,40.089270,-75.396020,city
64282,ONVO TRAVEL PLAZA - HICKORY RUN,"I-80, EXIT 274",White Haven,PA,200,3.58567,1,3.58567,3.58567,41.060640,-75.774080,city
64285,PILOT #4566,"I-85, EXIT 106",Blacksburg,SC,46,3.42900,1,3.42900,3.42900,35.121240,-81.515920,city
64287,CIRCLE K #2703099,"I-20, EXIT 33",Batesburg,SC,135,3.08567,1,3.08567,3.08567,33.907920,-81.547330,city
64288,PILOT #4581,"I-20, EXIT 116",Bishopville,SC,135,3.43233,1,3.43233,3.43233,34.218210,-80.248410,city
64294,HOT SPOT #6004,"I-26, EXIT 28",Enoree,SC,210,3.09900,1,3.09900,3.09900,34.656520,-81.965100,city
64298,CORNER MART #354,"I-26, EXIT 72",Newberry,SC,30,3.29900,1,3.29900,3.29900,34.274580,-81.618720,city
64299,CIRCLE K #2720881,US-17 & SR-165,Ravenel,SC,42,3.43900,1,3.43900,3.43900,32.763230,-80.250100,city
64300,CIRCLE K #2723416,"I-26, EXIT 28",Roebuck,SC,210,3.08233,1,3.08233,3.08233,34.879570,-81.966210,city
64301,HILLVIEW TRUCK STOP,"I-20, EXIT 39",Leesville,SC,135,3.05900,1,3.05900,3.05900,33.916530,-81.513440,city
64307,CIRCLE K #2723876,US-17 & SR-64,Round O,SC,42,3.37233,1,3.37233,3.37233,32.937120,-80.540940,city
64309,CIRCLE K #2723272,"I-26, EXIT 119",West Columbia,SC,135,3.54567,1,3.54567,3.54567,33.993490,-81.073980,city
64310,Palmetto Roads #308,"I-95, EXIT 77",Saint George,SC,42,3.00900,1,3.00900,3.00900,33.186000,-80.575650,city
64313,CUBBYS #403,"I-29, EXIT 79",Sioux Falls,SD,530,3.06567,1,3.06567,3.06567,43.543690,-96.727960,city
64314,JAKES CORNER,US-81 & SR-34,Winfred,SD,530,3.04900,1,3.04900,3.04900,43.997200,-97.362290,city
64336,LOVES TRAVEL STOPS #345,I-90/I-94 EXIT 48,Tomah,WI,450,3.29900,2,3.28900,3.30900,43.978580,-90.504020,city
64337,GRAVES TRUCK STOP,"I-20, EXIT 59",Carthage,TX,618,2.99900,1,2.99900,2.99900,32.157380,-94.337420,city
64343,Allsup's Marketplace #2411,US-67,Hawley,TX,575,2.88900,1,2.88900,2.88900,32.612060,-99.814260,city
64347,PILOT TRAVEL CENTERS #256,"US-58 & US-29, SE QUAD",Danville,VA,65,4.00900,1,4.00900,4.00900,36.585970,-79.395020,city
64350,STRIPES #40811,"I-37, EXIT 55",George West,TX,625,3.01567,1,3.01567,3.01567,28.332500,-98.117510,city
64352,CHEVRON #383461,"I-10, EXIT 259",Fort Stockton,TX,710,3.02900,1,3.02900,3.02900,30.894040,-102.879320,city
64355,CEFCO #34,US-281 & SR-38,Hamilton,TX,765,3.02900,1,3.02900,3.02900,31.703770,-98.123920,city
64360,CIRCLE K #2706983,"I-37, EXIT 36 & SR-359",Mathis,TX,625,3.01900,1,3.01900,3.01900,28.094460,-97.828050,city
64374,CEFCO #2001,US-287 & FM-369,Iowa Park,TX,770,2.86400,1,2.86400,2.86400,33.951480,-98.668670,city
64382,KOSSE COUNTRY STORE,SR-7 & SR-14,Kosse,TX,765,3.11567,1,3.11567,3.11567,31.307680,-96.631920,city
64390,TXB #71 DBA KWIK CHEK FOOD STORES,"I-20, EXIT 136",Midland,TX,710,3.07900,1,3.07900,3.07900,31.997350,-102.077910,city
64393,TEX-BEST #505,"I-35, EXIT 183",New Braunfels,TX,740,2.80567,1,2.80567,2.80567,29.703000,-98.124450,city
64399,LOVES TRAVEL STOPS #247,US-287 & SR-256,Memphis,TX,585,3.78900,2,3.78900,3.78900,34.724780,-100.534010,city
64406,Main Street Market,SR-84 & FM-73,Prairie Hill,TX,765,2.89900,1,2.89900,2.89900,31.655170,-96.788880,city
64407,CIRCLE K #2741527,US-281,Premont,TX,625,2.99900,1,2.99900,2.99900,27.360590,-98.123620,city
64408,QUIKTRIP #4058,"I-37, EXIT 125 & SR-1604",San Antonio,TX,740,2.96567,1,2.96567,2.96567,29.424120,-98.493630,city
64409,LONE STAR TRAVEL CENTER,"I-35, EXIT 147",San Antonio,TX,740,3.05900,1,3.05900,3.05900,29.424120,-98.493630,city
64420,Valero,US-59 & AT ST-87,Timpson,TX,766,3.05900,1,3.05900,3.05900,31.903780,-94.395200,city
64421,TXB #17 DBA KWIK CHEK FOOD STORES,SR-121,Trenton,TX,630,3.29900,1,3.29900,3.29900,33.430670,-96.338590,city
64422,Chevron,"I-10, EXIT 858",Vidor,TX,610,2.74900,1,2.74900,2.74900,30.131600,-94.015450,city
64423,PILOT #568,"I-35, EXIT 140",Von Ormy,TX,740,3.21067,1,3.21067,3.21067,29.289130,-98.644460,city
64430,GOLDEN SPIKE TRAVEL PLAZA,"I-15, EXIT 382",Tremonton,UT,835,3.59900,1,3.59900,3.59900,41.711870,-112.165510,city
64431,RJS  FUEL STOP,"I-15, EXIT 40",Tremonton,UT,835,3.45900,1,3.45900,3.45900,41.711870,-112.165510,city
64435,SPEEDWAY #4632,US-360/US-58 & SR-1224,Danville,VA,65,4.05900,1,4.05900,4.05900,36.585970,-79.395020,city
64436,MS 58 PLAZA,"I-95, EXIT 11",Emporia,VA,180,3.18233,1,3.18233,3.18233,36.685980,-77.542480,city
64438,PILOT TRAVEL CENTER #4622,US-58,South Boston,VA,65,4.00900,1,4.00900,4.00900,36.698750,-78.901400,city
64441,MILLER MART #55,US-460 & US-58/US-13,Suffolk,VA,130,3.09233,1,3.09233,3.09233,36.728360,-76.584960,city
64442,PILOT TRUCK STOP #583,"I-5, EXIT 262",Ferndale,WA,850,4.57900,2,4.55900,4.59900,48.846500,-122.591010,city
64445,KWIK TRIP #413,SR-93 & SR-95,Arcadia,WI,295,3.31567,1,3.31567,3.31567,44.252740,-91.501540,city
64446,SPEEDWAY #4293,"I-90 & I-43, EXIT 185A",Beloit,WI,448,3.79900,1,3.79900,3.79900,42.508350,-89.031780,city
64447,KWIK TRIP #621,"SR-29/SR-55, EXIT 234 & SR-47/SR-117",Bonduel,WI,582,3.45733,1,3.45733,3.45733,44.740270,-88.444820,city
64451,ROYAL FARMS #79,ST 13,New Church,VA,194,3.33900,1,3.33900,3.33900,37.979010,-75.531040,city
64455,SPEEDWAY #4648,SR-254,Waynesboro,VA,180,3.95900,1,3.95900,3.95900,38.068470,-78.889470,city
64463,KWIK TRIP #202,"I-39/US-51, EXIT 151 & SR-54",Plover,WI,395,3.26567,1,3.26567,3.26567,44.456360,-89.544010,city
64474,SIGNAL FOOD STORE #108,US-60,Mountain View,MO,535,3.03233,1,3.03233,3.03233,36.995330,-91.703760,city
64477,PILOT #1063,"I-40, EXIT 81",Marion,NC,210,3.75900,1,3.75900,3.75900,35.684010,-82.009270,city
64478,PILOT TRAVEL CENTERS #141,"I-80, EXIT 6",Evanston,WY,835,3.69900,1,3.69900,3.69900,41.268280,-110.963240,city
64479,YESWAY #1148,"US-30, EXIT 186",Marshalltown,IA,320,3.24567,1,3.24567,3.24567,42.049430,-92.907980,city
64480,TA Garden City,US-83 & US-400,Garden City,KS,525,3.73067,1,3.73067,3.73067,37.971690,-100.872660,city
64481,LOVES TRAVEL STOP #282,"I-44, EXIT 4 & SR-43",Joplin,MO,277,3.39733,1,3.39733,3.39733,37.084230,-94.513280,city
64482,LOVES TRAVEL STOP #208,"I-55, EXIT 119 & SR-22",Canton,MS,655,3.48900,1,3.48900,3.48900,32.612640,-90.036750,city
64484,LOVES TRAVEL STOP #206,"I-10, EXIT 44 & SR-59",Loxley,AL,715,3.33900,1,3.33900,3.33900,30.618250,-87.753050,city
64485,PILOT TRAVEL CENTERS #433,"I-20, EXIT 470",Dallas,TX,630,3.18233,1,3.18233,3.18233,32.783060,-96.806670,city
64486,GREENWAY STORE #614,"I-85/SR-403, EXIT 61 & SR-74",Fairburn,GA,18,3.19900,1,3.19900,3.19900,33.567060,-84.581040,city
64487,PILOT TRAVEL CENTERS #165,"I-57 & I-70, EXIT 162",Effingham,IL,510,3.38900,5,3.29900,3.49900,39.120040,-88.543380,city
64488,PILOT TRAVEL CENTERS #274,"I-10, EXIT 109",Breaux Bridge,LA,600,3.14233,1,3.14233,3.14233,30.273530,-91.899280,city
64490,QUICK FUEL #2201,"I-85, EXIT 36",Atlanta,GA,18,3.35233,1,3.35233,3.35233,33.749000,-84.387980,city
64491,QUICK FUEL #1803,I-80/I-294 & SR-1,South Holland,IL,290,3.85567,3,3.82900,3.88900,41.600870,-87.606990,city
64492,QUICK FUEL #2103,"I-70, EXIT 89",Indianapolis,IN,375,3.30900,1,3.30900,3.30900,39.768380,-86.158040,city
64493,QUICK FUEL #2801,"I-435, EXIT 1-A AT MILE 1",Lenexa,KS,400,3.36900,1,3.36900,3.36900,38.953620,-94.733570,city
64494,QUICK FUEL #1704,I-75 EXIT 42 AT MILE 42,Lincoln Park,MI,325,3.64400,2,3.61900,3.66900,42.250590,-83.178540,city
64495,QUICK FUEL #1702,"I-96, EXIT 173",Livonia,MI,325,3.79900,1,3.79900,3.79900,42.368370,-83.352710,city
64496,QUICK FUEL #1703,"I-94, EXIT 199-A",Romulus,MI,325,3.54567,3,3.51900,3.56900,42.222260,-83.396600,city
64498,QUICK FUEL #1705,SR-53,Warren,MI,325,3.79567,3,3.74900,3.84900,42.490440,-83.013040,city
64499,QUICK FUEL #2401,"I-71, EXIT 234",Bridgeton,MO,540,3.09400,1,3.09400,3.09400,38.767000,-90.411510,city
64500,QUICK FUEL #2402,"I-435, EXIT 57",Kansas City,MO,400,3.29233,1,3.29233,3.29233,39.099730,-94.578570,city
64501,QUICK FUEL #2602,"I-85, EXIT 40",Charlotte,NC,46,3.39567,1,3.39567,3.39567,35.227090,-80.843130,city
64502,QUICK FUEL #2305,"I-270, EXIT 10",Columbus,OH,315,3.63067,1,3.63067,3.63067,39.961180,-82.998790,city
64503,QUICK FUEL #2304,"I-75, EXIT 210",Toledo,OH,550,3.60067,1,3.60067,3.60067,41.663940,-83.555210,city
64508,QUICK FUEL #1150,US-51 & SR-30,Madison,WI,420,3.57567,1,3.57567,3.57567,43.073050,-89.401230,city
64509,QUICK FUEL #1002,"I-94, EXIT 319",Milwaukee,WI,444,3.74067,1,3.74067,3.74067,43.038900,-87.906470,city
64511,QUICK FUEL #1010,SR-100,Milwaukee,WI,444,3.77900,1,3.77900,3.77900,43.038900,-87.906470,city
64512,QUICK FUEL #1001,"I-94, EXIT 301",New Berlin,WI,444,3.49900,1,3.49900,3.49900,42.976400,-88.108420,city
64514,PILOT TRAVEL CENTERS #435,"I-10, EXIT 0",Anthony,TX,640,3.45900,1,3.45900,3.45900,31.999270,-106.605550,city
64517,KWIK TRIP #696,"I-94, EXIT 19 & US-63",Baldwin,WI,451,3.57400,1,3.57400,3.57400,44.966630,-92.374360,city
64519,BLUE RIDGE TRAVEL PLAZA,"I-81 SOUTHBOUND, EXIT 155",Mountain Top,PA,200,3.64900,1,3.64900,3.64900,41.169530,-75.877420,city
64520,LOVES TRAVEL STOP #222,"I-70/US-35, EXIT 149B & US/35/SR-38",Richmond,IN,375,3.94900,1,3.94900,3.94900,39.828940,-84.890240,city
64521,CHOCTAW TRAVEL PLAZA #635,US-259/SR-3,Broken Bow,OK,560,2.99900,1,2.99900,2.99900,34.029280,-94.739100,city
64523,SKY CITY TRAVEL CENTER,"I-40, EXIT 102 NORTH",Pueblo Of Acoma,NM,580,3.28067,1,3.28067,3.28067,,,unknown
64525,PILOT TRAVEL CENTERS #3,"I-80, EXIT 223",Youngstown,OH,573,3.45233,1,3.45233,3.45233,41.099780,-80.649520,city
64526,PILOT TRAVEL CENTERS #53,"I-40, EXIT 143",Hurricane Mills,TN,460,3.17567,1,3.17567,3.17567,35.971170,-87.781970,city
64527,PILOT TRAVEL CENTERS #50,"I-71, EXIT 28",Pendleton,KY,415,3.75900,1,3.75900,3.75900,38.462290,-85.303570,city
64528,Raceway #7007,SR-74 & SR-180,Shelby,NC,46,3.24900,1,3.24900,3.24900,35.292350,-81.535650,city
64529,PILOT TRAVEL CENTERS #436,"I-40, EXIT 75",Amarillo,TX,585,3.26567,1,3.26567,3.26567,35.222000,-101.831300,city
64530,PILOT TRAVEL CENTERS #420,"I-20, EXIT 114",Madison,GA,16,3.85900,2,3.85900,3.85900,33.595680,-83.467940,city
64532,PILOT TRAVEL CENTER #4560,"I-75, EXIT 201",Jackson,GA,67,3.38567,2,3.37567,3.39567,33.294570,-83.966020,city
64533,SHELL,US-287/US-81 & CR-718,Haslet,TX,637,2.89067,1,2.89067,2.89067,32.974850,-97.347800,city
64534,CIRCLE K #4707045,"I-95, EXIT 32",Biddeford,ME,170,3.95733,1,3.95733,3.95733,43.492580,-70.453380,city
64535,FLYING J TRAVEL PLAZA #628,"I-85, EXIT 160",Carnesville,GA,16,3.20567,1,3.20567,3.20567,34.369830,-83.235160,city
64536,FLYING J TRAVEL PLAZA #640,"I-84, EXIT 173",Jerome,ID,785,3.90233,1,3.90233,3.90233,42.724070,-114.518650,city
64537,FLYING J TRAVEL PLAZA #739,"I-35, EXIT 330B",Waco,TX,765,3.22067,1,3.22067,3.22067,31.549330,-97.146670,city
64538,PILOT TRAVEL CENTERS #445,"I-94, EXIT 22 & US-20",Chesterton,IN,365,3.81400,2,3.79900,3.82900,41.610590,-87.064200,city
64545,HOBO PANTRY #24,US-231 & SR-10,Brundidge,AL,720,3.59900,1,3.59900,3.59900,31.720160,-85.816060,city
64546,GRUB MART #13,"I-59, EXIT 205 & US-411/SR-25/SR-68",Centre,AL,587,3.34900,1,3.34900,3.34900,34.152040,-85.678850,city
64554,FACKLER TEXACO TRUCK STOP,US-72 & CR-42,Fackler,AL,615,3.19900,1,3.19900,3.19900,34.792580,-85.909980,city
64558,MR FUEL #1203,"I-20, EXIT 129",Meridian,MS,705,2.81233,1,2.81233,2.81233,32.364310,-88.703660,city
64569,LOVES TRAVEL STOP #624,"I-65, EXIT 8B",Mobile,AL,715,3.20567,1,3.20567,3.20567,30.694360,-88.043050,city
64571,PETRO STOPPING CENTER #331,"I-15, EXIT 54",Las Vegas,NV,910,3.73400,1,3.73400,3.73400,36.174970,-115.137220,city
64572,CIRCLE K #2723730,US-43/SR-13/SR-69,Northport,AL,615,3.39900,1,3.39900,3.39900,33.229010,-87.577230,city
64578,MARATHON,US-431/SR-1,Phenix City,AL,50,3.24900,1,3.24900,3.24900,32.470980,-85.000770,city
64581,SNEAD SHELL,US-278 & SR-75,Altoona,AL,587,3.10900,1,3.10900,3.10900,34.026210,-86.326090,city
64592,LOVES TRAVEL STOP #368,"I-65, EXIT 208 & CR-28",Clanton,AL,720,3.33733,1,3.33733,3.33733,32.838740,-86.629430,city
64595,PILOT TRAVEL CENTERS #425,"I-10, EXIT 192",Midway,FL,20,3.79900,2,3.79900,3.79900,30.406480,-87.005530,city
64599,PONY EXPRESS TRAVEL PLAZA #6,"US-167/US-67, EXIT16 & SR-5",Cabot,AR,695,3.49900,1,3.49900,3.49900,34.974530,-92.016530,city
64600,Caseys #4552,"I-40, EXIT 57",Clarksville,AR,645,3.24400,1,3.24400,3.24400,35.471470,-93.466570,city
64610,KINGS RIVER COUNTRY STORE,US-412,Huntsville,AR,735,3.26567,1,3.26567,3.26567,36.086190,-93.741300,city
64617,SHELL,"I-55, EXIT 48",Osceola,AR,435,2.99900,1,2.99900,2.99900,35.705080,-89.969530,city
64647,HOOKS,I-16 EXIT 16,East Dublin,GA,85,3.39900,1,3.39900,3.39900,32.548220,-82.871810,city
64648,QUICK FUEL #2203,"I-20, EXIT 14",Atlanta,GA,18,3.31900,1,3.31900,3.31900,33.749000,-84.387980,city
64651,QUICK FUEL #2101,I-465,Indianapolis,IN,375,3.86900,1,3.86900,3.86900,39.768380,-86.158040,city
64654,Fast Stop,"I-10, EXIT 177",Saint Gabriel,LA,600,3.69900,1,3.69900,3.69900,30.257700,-91.099270,city
64655,ONE9 #7937,"I-85/I-40, EXIT 132",Mc Leansville,NC,65,3.39900,1,3.39900,3.39900,36.107360,-79.658640,city
64656,QUICK FUEL #2601,SR-27,Charlotte,NC,46,3.51233,1,3.51233,3.51233,35.227090,-80.843130,city
64660,QUICK FUEL #1005,SR-59 & SR-164,Waukesha,WI,444,3.62300,1,3.62300,3.62300,43.011680,-88.231480,city
64662,QUICK FUEL #1011,"I-94, EXIT 100",Milwaukee,WI,444,3.52067,1,3.52067,3.52067,43.038900,-87.906470,city
64664,CIRCLE K #4701424,"I-74, EXIT 102",Morton,IL,280,3.65233,3,3.59900,3.69900,40.612820,-89.459260,city
64671,FLYING J TRAVEL PLAZA #756,"I-94, EXIT 116 & CR-A",Black River Falls,WI,450,3.38233,1,3.38233,3.38233,44.294680,-90.851530,city
64672,FLYING J TRAVEL PLAZA #655,"I-70, EXIT 123 & SR-3",Spiceland,IN,375,3.95900,1,3.95900,3.95900,39.838380,-85.438860,city
64673,WESTVILLE TRUCKSTOP,US-6/US-421,Westville,IN,365,3.58567,1,3.58567,3.58567,41.541430,-86.900580,city
64674,ZANCO SHELL,"I-395, EXIT 87",Plainfield,CT,175,4.39900,1,4.39900,4.39900,41.676490,-71.915070,city
64675,Petro Mart #45,"I-70/US-40, EXIT 148 & US-54",Kingdom City,MO,392,2.93900,1,2.93900,2.93900,38.952820,-91.939070,city
64676,PILOT TRAVEL CENTERS #460,"I-40, EXIT 140",Oklahoma City,OK,483,3.30900,1,3.30900,3.30900,35.467560,-97.516430,city
64677,MOUNT VERNON FUEL CENTER,"I-75, EXIT 59 & US-25",Mount Vernon,KY,410,2.99900,1,2.99900,2.99900,38.025630,-84.495220,city
64678,AINSWORTH FOUR CORNERS,US-218/SR-27 & SR-92,Ainsworth,IA,380,3.10900,1,3.10900,3.10900,41.288910,-91.552380,city
64679,PILOT TRAVEL CENTERS #118,I-30 EXIT 121,Benton,AR,695,3.22900,2,3.19900,3.25900,34.564540,-92.586830,city
64681,PILOT TRAVEL CENTERS #458,"I-10, EXIT 208",Eloy,AZ,930,3.45900,2,3.43900,3.47900,32.755900,-111.554840,city
64682,FLYING J TRAVEL PLAZA #705,"I-40, EXIT 20 & US-283",Sayre,OK,483,3.18233,1,3.18233,3.18233,35.291160,-99.640100,city
64683,QUIKTRIP #777,"I-20, EXIT 49",Atlanta,GA,18,2.97233,1,2.97233,2.97233,33.749000,-84.387980,city
64684,MR FUEL #721,"I-465, EXIT 4 & SR 37",Indianapolis,IN,375,3.31900,1,3.31900,3.31900,39.768380,-86.158040,city
64687,PILOT TRAVEL CENTERS #421,"I-75, EXIT 326",Dalton,GA,285,3.29567,2,3.28567,3.30567,34.769800,-84.970220,city
64706,CIRCLE K #2721571,"I-65, EXIT 69",Brewton,AL,715,3.39900,1,3.39900,3.39900,31.105180,-87.072190,city
64712,SUNSTOP #650,US-431 & SR-210,Dothan,AL,20,3.41233,1,3.41233,3.41233,31.223230,-85.390490,city
64713,GOOD TO GO,"I-65, EXIT 200",Enterprise,AL,20,3.59900,1,3.59900,3.59900,31.315170,-85.855220,city
64715,CIRCLE K #2709067,US-31/SR-6,Prattville,AL,720,3.49900,1,3.49900,3.49900,32.464020,-86.459700,city
64718,CUZZS,US-43/SR-13,Thomasville,AL,720,3.53233,1,3.53233,3.53233,31.913490,-87.735840,city
64719,CIRCLE K #2706697,"I-85, EXIT 77",Valley,AL,720,3.39900,1,3.39900,3.39900,32.818740,-85.179390,city
64721,FLASH MARKET #17049,"I-40/US-63, EXIT 216 & US-49/SR-17",Brinkley,AR,695,3.17900,1,3.17900,3.17900,34.887870,-91.194570,city
64723,CASHS #4470,US-65,Dumas,AR,655,3.20900,1,3.20900,3.20900,33.887050,-91.491790,city
64724,TOBOS TRAVEL CENTER,"I-540, EXIT 58",Fayetteville,AR,735,3.34900,1,3.34900,3.34900,36.062580,-94.157430,city
64755,PILOT TRAVEL CENTERS #44,"I-70, EXIT 101",Boonville,MO,310,3.51900,1,3.51900,3.51900,38.973640,-92.743240,city
64764,CORNER MARKET #62,SR-13/SR-789 & SR-64,Meeker,CO,800,3.72900,1,3.72900,3.72900,40.037470,-107.913130,city
64765,CENEX,"I-76, EXIT 125",Sterling,CO,800,3.41567,1,3.41567,3.41567,40.625540,-103.207710,city
64773,Sun Gas,US-301,Middletown,DE,243,2.99900,1,2.99900,2.99900,39.449560,-75.716320,city
64775,SHORE STOP #287,US-13,New Castle,DE,243,3.29900,2,3.28900,3.30900,39.659480,-75.563590,city
64777,4 POINTS MARKET,US-441/SR-7 & SR-804,Boynton Beach,FL,95,3.22900,1,3.22900,3.22900,26.525350,-80.066430,city
64778,SUNSTOP #347,US-27,Branford,FL,75,3.69900,1,3.69900,3.69900,29.959120,-82.928180,city
64779,SPEEDWAY #6530,US-50,Brooksville,FL,225,3.38233,1,3.38233,3.38233,28.555540,-82.389910,city
64789,KROME EXXON,SR-997 & SR-994,Miami,FL,95,3.39900,1,3.39900,3.39900,25.774270,-80.193660,city
64793,CIRCLE K #2721297,US-301,Middleburg,FL,75,3.39900,1,3.39900,3.39900,30.068850,-81.860380,city
64795,QUICK FUEL #5101,"I-4, EXIT 79",Orlando,FL,140,3.36233,1,3.36233,3.36233,28.538340,-81.379240,city
64798,RIVIERA TRUCKSTOP,SR-710,West Palm Beach,FL,95,3.77900,1,3.77900,3.77900,26.715340,-80.053370,city
64803,MARATHON,"I-4, EXIT 3",Tampa,FL,225,3.42233,1,3.42233,3.42233,27.947520,-82.458430,city
64804,SPEEDLANE,US-301 &SR-574,Tampa,FL,225,3.44900,1,3.44900,3.44900,27.947520,-82.458430,city
64811,SUNSTOP #819,US-19,Americus,GA,15,3.69900,1,3.69900,3.69900,32.072390,-84.232690,city
64815,BUENA VISTA GAS N GO,SR-26 & SR-41,Buena Vista,GA,10,3.29900,1,3.29900,3.29900,32.319040,-84.517140,city
64819,CIRCLE K #4174,"I-285/SR-407, EXIT 53 & US-23/SR-42",Conley,GA,18,3.99900,1,3.99900,3.99900,33.644830,-84.325760,city
64820,Mr Pips,US-84/SR-38,Donalsonville,GA,20,3.19900,1,3.19900,3.19900,31.040460,-84.879090,city
64825,EXIT 10 AUTO AND TRUCK STOP,"I-185/SR-411, EXIT 19 & SR-315",Fortson,GA,50,3.39900,1,3.39900,3.39900,32.607080,-84.937150,city
64831,CIRCLE K #2745072,US-341,Lumber City,GA,195,3.52900,1,3.52900,3.52900,31.929350,-82.679580,city
64833,QWICKSERV,US-319 BUS & SR-133/SR-35/SR-33,Moultrie,GA,20,3.59900,1,3.59900,3.59900,31.179910,-83.789060,city
64834,SUSIE Q #90,US-319 & SR-33,Moultrie,GA,10,3.79900,1,3.79900,3.79900,31.179910,-83.789060,city
64840,BP,US-278/SR-6 & SR-101,Rockmart,GA,18,3.59900,1,3.59900,3.59900,34.002600,-85.041610,city
64842,Circle K #2745128,US-301 & US-25,Statesboro,GA,195,3.19900,1,3.19900,3.19900,32.448790,-81.783170,city
64843,A TO Z TRUCKSTOP,US-301/US-25/SR-73,Statesboro,GA,195,3.59900,1,3.59900,3.59900,32.448790,-81.783170,city
64850,SHAKE RAG EXPRESS,US-1 & US-78,Wadley,GA,135,3.41567,1,3.41567,3.41567,32.866820,-82.404020,city
64856,KUM & GO #1056,"I-35, EXIT 56",Bevington,IA,320,3.09900,1,3.09900,3.09900,41.360550,-93.790780,city
64857,CHARITON FOOD SHOP,US-34,Chariton,IA,320,3.36900,1,3.36900,3.36900,41.013890,-93.306600,city
64859,QUICK FUEL #2901,"I-35/I-80, EXIT 136",Des Moines,IA,320,3.13733,1,3.13733,3.13733,41.600540,-93.609110,city
64860,BP TRUCK PLAZA,US-61/US-151,Dubuque,IA,335,3.48900,1,3.48900,3.48900,42.500560,-90.664570,city
64862,218 FUEL EXPRESS,US-218 & US-18,Floyd,IA,433,3.48900,1,3.48900,3.48900,43.127750,-92.736300,city
64863,FT MADISON FAST BREAK,US-61,Fort Madison,IA,345,3.39900,1,3.39900,3.39900,40.629760,-91.315150,city
64868,MEDIAPOLIS FAST BREAK,US-61,Mediapolis,IA,345,3.34900,1,3.34900,3.34900,41.008090,-91.164040,city
64871,STEWART ROAD FAST BREAK,CR-X61,Muscatine,IA,270,3.29900,1,3.29900,3.29900,41.424470,-91.043210,city
64873,CUBBYS #2301,"I-29, EXIT 112",Onawa,IA,319,3.14900,1,3.14900,3.14900,42.026650,-96.097240,city
64874,OSCEOLA TRAVEL PLAZA,"I-25, EXIT 33 & US-34",Osceola,IA,320,3.31233,1,3.31233,3.31233,41.033890,-93.765500,city
64875,CASEYS #2598,"SR-163, EXIT 42",Pella,IA,320,3.19900,1,3.19900,3.19900,41.408050,-92.916310,city
64876,PILOT TRAVEL CENTER #238,"I-29, EXIT 10",Percival,IA,319,3.79900,2,3.79900,3.79900,40.748890,-95.813610,city
64877,CASEYS #3900,"US-218, EXIT 80 & SR-22",Riverside,IA,380,3.17067,1,3.17067,3.17067,41.479740,-91.581280,city
64880,CASEYS #2487,US-71/SR-9,Spirit Lake,IA,440,3.38233,1,3.38233,3.38233,43.422180,-95.102220,city
64881,SPARKYS ONE STOP #16,US-71 & SR-3,Storm Lake,IA,527,3.23233,1,3.23233,3.23233,42.641090,-95.209720,city
64883,KUM & GO #1046,"I-80, EXIT 46 & CR-M47",Walnut,IA,486,3.10900,1,3.10900,3.10900,41.477490,-95.221940,city
64884,SAPP BROS TRAVEL CENTER,US-61 & SR-78,Sioux City,IA,527,3.64900,1,3.64900,3.64900,42.499990,-96.400310,city
64886,WEVER JUNCTION,US-61 & CR-X50,Wever,IA,345,3.39900,1,3.39900,3.39900,40.710600,-91.230980,city
64887,COUNCIL FOOD AND FUEL,US-95,Council,ID,785,3.58900,1,3.58900,3.58900,44.729890,-116.438200,city
64888,NOMNOM #21,US-95 & SR-13,Grangeville,ID,970,3.90733,1,3.90733,3.90733,45.926550,-116.122370,city
64892,JACKSONS FOOD STORE #3,US-95,Wilder,ID,785,3.57900,1,3.57900,3.57900,43.676550,-116.911820,city
64894,CIRCLE K #4701251,"I-55, EXIT 160B & SR-9",Bloomington,IL,280,3.49900,3,3.39900,3.59900,40.484200,-88.993690,city
64902,DOWNS TRAVEL MART,"I-74, EXIT 142",Downs,IL,368,3.49900,1,3.49900,3.49900,40.396980,-88.870630,city
64907,FREEDOM OIL #77,"I-74, EXIT 112 & SR-117",Goodfield,IL,368,3.65900,1,3.65900,3.65900,40.629760,-89.274810,city
64913,Circle K #4701331,US-136 & US-67,Macomb,IL,345,3.49900,1,3.49900,3.49900,40.459210,-90.671800,city
64914,Martinsville Food and Fuel,"I-70, EXIT 136",Martinsville,IL,510,3.48900,1,3.48900,3.48900,39.335590,-87.881980,city
64920,KWIK STAR #1530,"I-88/SR-110, EXIT 76 & SR-251",Rochelle,IL,520,3.49900,1,3.49900,3.49900,41.923920,-89.068710,city
64928,SPEEDWAY #1432,"I-294, EXIT 22",Willow Springs,IL,293,3.85900,1,3.85900,3.85900,41.740870,-87.860330,city
64929,KARTAR TRUCK STOP,"I-74, EXIT 32 & SR-17",Woodhull,IL,270,3.59900,1,3.59900,3.59900,41.178930,-90.315960,city
64930,THORNDALE SHELL,"I-290, EXIT 5",Wood Dale,IL,290,3.45900,1,3.45900,3.45900,41.963360,-87.978960,city
64933,MCCLURE OIL #66,US-33/US-27,Decatur,IN,370,3.69900,1,3.69900,3.69900,40.830600,-84.929130,city
64938,FAMILY EXPRESS #41 (DISCOUNT AVAILABLE),US-52,Lafayette,IN,375,3.43233,1,3.43233,3.43233,40.416700,-86.875290,city
64939,FAMILY EXPRESS #27 (DISCOUNT AVAILABLE),US-421,Medaryville,IN,365,3.64900,1,3.64900,3.64900,41.080600,-86.891960,city
64946,MORNING STAR AUTO TRUCK PLAZA,"I-69, EXIT 334 & US-6",Waterloo,IN,370,3.69900,1,3.69900,3.69900,41.431990,-85.019970,city
64949,PETES #36,US- 54 & US-169,Iola,KS,400,3.20567,1,3.20567,3.20567,37.924480,-95.399980,city
64950,CASEYS #2957,US-73 & US-36,Hiawatha,KS,400,3.15067,1,3.15067,3.15067,39.852500,-95.535820,city
64952,AMPRIDE,US-160,Johnson,KS,525,3.39900,1,3.39900,3.39900,37.570570,-101.751000,city
64961,SAC AND FOX TRUCK STOP,US-75,Powhattan,KS,553,2.98400,1,2.98400,2.98400,39.761670,-95.629980,city
64963,FLINT HILLS ONE STOP,US-50,Strong City,KS,553,2.91900,1,2.91900,2.91900,38.397240,-96.536950,city
64964,U PUMP IT,US-83 & US-56,Sublette,KS,525,3.67900,1,3.67900,3.67900,37.481690,-100.843770,city
64969,ALLSTAR FOOD MART,SR-55,Campbellsville,KY,415,3.15900,1,3.15900,3.15900,37.343400,-85.341910,city
64980,DOUBLE KWIK MARKET #1044,SR-15/SR-7/SR-160,Isom,KY,255,3.74900,1,3.74900,3.74900,37.187880,-82.898770,city
64982,FAS MART #5260,SR-9 & US-68/US-62/SR-10,Maysville,KY,312,3.36400,1,3.36400,3.36400,38.641190,-83.744370,city
64984,DOUBLE KWIK MARKET #1062,"I-75, EXIT 104",Nicholasville,KY,410,3.49900,1,3.49900,3.49900,37.880630,-84.573000,city
64990,LAKE COUNTRY OUTDOORS,SR-127,Russell Springs,KY,410,3.19900,1,3.19900,3.19900,37.056180,-85.088570,city
64994,E Z STOP,SR-555 & SR-9002,Willisburg,KY,410,3.37900,1,3.37900,3.37900,37.809790,-85.126350,city
64996,AVONDALE TRUCK STOP,SR-90,Westwego,LA,725,3.44900,1,3.44900,3.44900,29.906040,-90.142300,city
64998,CM BAYOU VISTA,US-90,Morgan City,LA,725,3.39900,1,3.39900,3.39900,29.699370,-91.206770,city
64999,I 220 TRAVEL PLAZA,"I-270, EXIT 17A & US-80/US-79",Bossier City,LA,766,2.99233,1,2.99233,2.99233,32.515990,-93.732120,city
65000,SILVERS TRAVEL CENTER,"I-10, EXIT 109",Breaux Bridge,LA,690,3.36900,1,3.36900,3.36900,30.273530,-91.899280,city
65002,FOOD N FUN #11,US-90 & SR-92-1,Broussard,LA,600,3.30233,1,3.30233,3.30233,30.147150,-91.961230,city
65005,USA TRAVEL CENTER,"I-20, EXIT 103/US-80",Calhoun,LA,719,3.21567,1,3.21567,3.21567,32.512650,-92.358470,city
65006,GOLDMINE TRUCKSTOP,US-190,Eunice,LA,730,3.19900,1,3.19900,3.19900,30.494370,-92.417630,city
65007,GOLDEN GROVE TRUCK PLAZA,SR-641 & SR-3125,Gramercy,LA,725,3.41900,1,3.41900,3.41900,30.047420,-90.689810,city
65008,BIG WHEELS TRAVEL CENTER,"US-90, EXIT 204 & SR-316",Gray,LA,725,3.49900,1,3.49900,3.49900,29.697710,-90.786480,city
65011,PLANTATION TRUCK PLAZA,SR-311 & SR-664,Houma,LA,725,3.11567,1,3.11567,3.11567,29.595770,-90.719530,city
65017,Y NOT STOP MANSURA,SR-1,Mansura,LA,730,3.39900,1,3.39900,3.39900,31.057970,-92.049010,city
65019,Hwy 31 Truck Stop,SR 31,Saint Martinville,LA,730,3.32900,1,3.32900,3.32900,30.125200,-91.833450,city
65021,OPELOUSAS 190 TRUCK STOP,US-190,Opelousas,LA,600,2.87067,1,2.87067,2.87067,30.533530,-92.081510,city
65022,CM RACELAND,SR-1,Raceland,LA,725,3.29900,1,3.29900,3.29900,29.727430,-90.598980,city
65023,SHOP RITE #85,"I-10, EXIT 87 AT MILE 87",Rayne,LA,600,3.14900,1,3.14900,3.14900,30.234930,-92.268460,city
65025,ELSIE AUTO AND TRUCK PLAZA,SR-1,Shreveport,LA,766,2.94900,1,2.94900,2.94900,32.525150,-93.750180,city
65026,TA ST Rose #06480,US-61,Saint Rose,LA,725,3.22567,1,3.22567,3.22567,29.946870,-90.323130,city
65027,STARKS TRUCK STOP,SR-12,Starks,LA,690,3.59900,1,3.59900,3.59900,30.315480,-93.661830,city
65030,CASH MAGIC THIBODAUX,SR-1,Thibodaux,LA,725,3.39900,1,3.39900,3.39900,29.795760,-90.822870,city
65033,PILOT TRAVEL CENTERS #457,"I-75, EXIT 135",Beaverdam,OH,411,3.33067,1,3.33067,3.33067,40.833390,-83.976610,city
65036,WAVERLY TRUCKSTOP,"I-20, EXIT 157 & SR-577",Delhi,LA,719,2.96400,1,2.96400,2.96400,32.457640,-91.493170,city
65037,CIRCLE K #2707783,"I-20, EXIT 114 & SR-617",West Monroe,LA,719,2.95733,1,2.95733,2.95733,32.518480,-92.147640,city
65048,Irving,SR-2,Westminster,MA,34,3.74900,1,3.74900,3.74900,42.545920,-71.910630,city
65059,ROYAL FARMS #111,"I-95, EXIT 57",Baltimore,MD,22,3.20900,1,3.20900,3.20900,39.290380,-76.612190,city
65062,AC & T BIG POOL,"I-70, EXIT 12 & SR-56",Big Pool,MD,70,3.65900,1,3.65900,3.65900,39.623710,-78.015830,city
65064,A C AND T SHARPSBURG PIKE,"I-70, EXIT 29A & SR-65",Hagerstown,MD,70,3.79900,1,3.79900,3.79900,39.641760,-77.719990,city
65066,HURLOCK CITGO,SR-392 & SR-331,Hurlock,MD,194,3.25900,1,3.25900,3.25900,38.624280,-75.854380,city
65067,SUNOCO,US-301,Newburg,MD,60,3.37900,1,3.37900,3.37900,38.377350,-76.953310,city
65069,CIRCLE K #4707056,"I-95, EXIT 75",Auburn,ME,170,3.89900,1,3.89900,3.89900,44.097850,-70.231170,city
65074,CIRCLE K #4707004,"I-95, EXIT 244 & SR-157",Medway,ME,170,3.50233,1,3.50233,3.50233,45.608940,-68.530860,city
65075,CIRCLE K #4707017,"I-95, EXIT 48",Portland,ME,170,3.74233,1,3.74233,3.74233,43.657370,-70.258900,city
65083,SUNOCO,"I-75, EXIT 34B",Riverview,MI,325,3.63900,1,3.63900,3.63900,42.174210,-83.179370,city
65084,BEACON & BRIDGE #19,US-131 & SR-115,Cadillac,MI,260,3.25900,3,3.23900,3.27900,44.251950,-85.401160,city
65086,FRED MOORE BP,"I-94, EXIT 257",Casco,MI,325,4.09900,1,4.09900,4.09900,42.752530,-82.671580,city
65088,Circle K #2746528,US-41/SR-28 & SR-95,Champion,MI,360,3.81900,1,3.81900,3.81900,46.513820,-87.963470,city
65091,WYOMING FUEL PLAZA,"I-94, EXIT 210A",Dearborn,MI,325,3.59900,1,3.59900,3.59900,42.322260,-83.176310,city
65092,BP,"I-94 & US-12, EXIT 210",Dearborn,MI,325,3.65900,4,3.19900,4.09900,42.322260,-83.176310,city
65094,MARATHON,"I-75 & SR-32, EXIT 282",Gaylord,MI,287,3.81400,2,3.79900,3.82900,45.027510,-84.674750,city
65108,PICKLEMANS ONE STOP-ZEPHYR,ST 28,Newberry,MI,360,3.69900,1,3.69900,3.69900,46.355000,-85.509560,city
65113,NORTHWIND TRAVEL CENTER,"US-131, EXIT 153 & US-10",Reed City,MI,456,3.54900,2,3.49900,3.59900,43.875020,-85.510050,city
65121,BP TRAVEL CENTER AND TRUCK PLAZA,"I-275, EXIT 20",Belleville,MI,325,4.19900,1,4.19900,4.19900,42.204760,-83.485210,city
65127,PITSTOP MOBIL MART,"I-196, EXIT 72",Wyoming,MI,456,3.67400,2,3.54900,3.79900,42.913360,-85.705310,city
65129,HOLIDAY STATIONSTORE #2746345,"I-94, EXIT 103/US-52 & SR-29",Alexandria,MN,250,3.49900,1,3.49900,3.49900,45.885240,-95.377540,city
65132,PETES PLACE SOUTH,US-71 & US-2,Bemidji,MN,355,3.41567,1,3.41567,3.41567,47.473560,-94.880280,city
65135,CIRCLE K #3819,SR-7,Clara City,MN,432,3.33233,1,3.33233,3.33233,44.954960,-95.366400,city
65136,HOLIDAY STATIONSTORE #2746422,"I-35, EXIT 253B",Duluth,MN,334,3.49900,1,3.49900,3.49900,46.783270,-92.106580,city
65141,KWIK TRIP #619,US-14 & ST-57,Kasson,MN,515,3.54900,1,3.54900,3.54900,44.029960,-92.750740,city
65142,HOLIDAY STATIONSTORE #2746376,"I-35W, EXIT 36 & CR-23",Circle Pines,MN,448,3.54900,1,3.54900,3.54900,45.148580,-93.151610,city
65153,7Fleet #46516,"I-75, EXIT 164",Waite Park,MN,250,3.45900,1,3.45900,3.45900,45.557190,-94.224160,city
65162,Petro Mart #15,I-270 EXIT 33,Saint Louis,MO,540,2.90400,1,2.90400,2.90400,38.627270,-90.197890,city
65165,AMERIMART # 11,US-61,Jackson,MO,275,3.29900,1,3.29900,3.29900,37.382270,-89.666210,city
65171,SIGNAL FOOD STORE #110,US-60 & SR-5,Mansfield,MO,535,3.02567,1,3.02567,3.02567,37.106720,-92.580720,city
65177,KUM & GO #0497,US-60/SR-413 & CR-M,Republic,MO,535,3.07900,1,3.07900,3.07900,37.120050,-93.480190,city
65178,WILD BILLS TRAVEL CENTER,US-65 & SR-14,Ridgedale,MO,535,3.19900,1,3.19900,3.19900,36.503950,-93.223790,city
65180,TREX MART #11,"I-29, EXIT 65 & US-59",Savannah,MO,400,2.99900,1,2.99900,2.99900,39.941660,-94.830250,city
65188,GAS MART,"US-78, EXIT 14 & SR-309",Byhalia,MS,435,2.97233,1,2.97233,2.97233,34.872320,-89.690640,city
65192,CIRCLE K #2723396,US-49,Collins,MS,620,3.87900,1,3.87900,3.87900,31.645440,-89.555350,city
65194,CIRCLE K #2723401,US-98 BYP/SR-44 & SR-13,Columbia,MS,620,3.33233,1,3.33233,3.33233,31.251840,-89.837580,city
65197,SINGH PETRO,US-11,Ellisville,MS,620,3.05900,1,3.05900,3.05900,31.604050,-89.195610,city
65198,CIRCLE K #2723437,US-49,Florence,MS,760,2.89567,1,2.89567,2.89567,32.153480,-90.131200,city
65204,SHELL GAS MART,US-82,Mathiston,MS,576,3.36567,1,3.36567,3.36567,33.540120,-89.124230,city
65212,Taters #2,US-98 & SR-29,New Augusta,MS,620,3.31567,1,3.31567,3.31567,31.202630,-89.036680,city
65213,CIRCLE K #2723390,US-98,New Augusta,MS,620,3.19900,1,3.19900,3.19900,31.202630,-89.036680,city
65214,NEWTON CROSSING,"I-20, EXIT 109 & SR-15",Newton,MS,705,3.24900,1,3.24900,3.24900,32.321260,-89.163390,city
65216,STUCKEYS EXPRESS,US-43S,Pelahatchie,MS,760,3.19900,1,3.19900,3.19900,32.312920,-89.798410,city
65221,CEFCO #544,"I-55/US-51, EXIT 81",Terry,MS,760,2.89900,1,2.89900,2.89900,32.096260,-90.294260,city
65223,SHELL EXPRESS MART,SR-7 & SR-315,Water Valley,MS,435,3.06567,1,3.06567,3.06567,34.151500,-89.631470,city
65225,CIRCLE K #2723402,US-49,Wiggins,MS,620,3.50900,1,3.50900,3.50900,30.858240,-89.135330,city
65234,COUNTRY MART,US-13/SR-11,Bethel,NC,205,3.00733,1,3.00733,3.00733,35.807100,-77.378860,city
65241,CIRCLE K #2723474,US-70,Goldsboro,NC,205,3.54067,1,3.54067,3.54067,35.384880,-77.992770,city
65246,DOBBS PLACE,"I-95, EXIT 17",Lumberton,NC,245,3.15900,1,3.15900,3.15900,34.618340,-79.010450,city
65250,CIRCLE K #2723473,US-70,Morehead City,NC,245,3.64900,1,3.64900,3.64900,34.722940,-76.726040,city
65251,SPEEDWAY #8277,US-17 & SR-43,New Bern,NC,245,3.26567,1,3.26567,3.26567,35.108490,-77.044110,city
65252,SPEEDWAY #6964,SR-125 & SR-11/SR-42,Oak City,NC,205,3.19733,1,3.19733,3.19733,35.963770,-77.308020,city
65267,CIRCLE K #2720939,"I-795/US-264, EXIT 43A & US-301",Wilson,NC,205,3.04900,1,3.04900,3.04900,35.721270,-77.915540,city
65268,SPEEDWAY #6931,"I-40, EXIT 195 & SR-109",Winston Salem,NC,65,3.60900,1,3.60900,3.60900,36.099860,-80.244220,city
65270,INTERSTATE CENEX,"I-94, EXIT 1 & SR-16",Beach,ND,273,3.49900,1,3.49900,3.49900,46.918070,-104.004370,city
65273,SIMONSON TRAVEL CENTER,"I-29, EXIT 141 & US-2",Grand Forks,ND,341,3.53900,1,3.53900,3.53900,47.925260,-97.032850,city
65274,CENEX C STORE,US-2 & SR-3,Rugby,ND,452,3.39900,1,3.39900,3.39900,48.368890,-99.996250,city
65282,HEBRON SINCLAIR,US-81,Hebron,NE,413,3.28400,1,3.28400,3.28400,40.166390,-97.585880,city
65283,CUBBYS #2107,US-20/SR-15,Laurel,NE,470,3.13900,1,3.13900,3.13900,42.429440,-97.089770,city
65284,Caseys #4526,"I-80, EXIT 237",Lexington,NE,330,3.05733,1,3.05733,3.05733,40.780840,-99.741500,city
65287,AM ENERGY,"I-80, EXIT 248",Overton,NE,330,2.89900,1,2.89900,2.89900,40.738620,-99.537610,city
65289,SHOEMAKERS SOUTH,US-77,Roca,NE,413,3.34900,1,3.34900,3.34900,40.657500,-96.658070,city
65290,ESSENTIAL FUEL #3,ST 71,Scottsbluff,NE,475,3.59900,1,3.59900,3.59900,41.866630,-103.667170,city
65292,CUBBYS #117,SR-2 & SR-50,Syracuse,NE,319,3.31900,1,3.31900,3.31900,40.657220,-96.186400,city
65293,TRAILS WEST SINCLAIR,US-34 & SR-25,Trenton,NE,475,3.49900,1,3.49900,3.49900,40.175550,-101.012940,city
65294,PRIME STOP,ST 35,Wayne,NE,470,3.24400,1,3.24400,3.24400,42.230560,-97.017820,city
65296,CIRCLE K #4707214,"I-93, EXIT 12S & I-89 & SR-3A",Bow,NH,170,4.19900,1,4.19900,4.19900,43.132030,-71.549240,city
65299,EPPING FUELING CENTER,SR-27 & SR-125,Epping,NH,125,4.02900,1,4.02900,4.02900,43.033420,-71.074230,city
65308,SUNOCO,SR-17,East Rutherford,NJ,115,3.19233,1,3.19233,3.19233,40.833990,-74.097090,city
65310,Edison Fuel Stop,US-1,Edison,NJ,115,3.15900,1,3.15900,3.15900,40.518720,-74.412100,city
65314,Union 76,"I-55, EXIT 50A",Richwood,NJ,150,3.39900,1,3.39900,3.39900,39.722610,-75.165460,city
65315,SUNOCO- RICHARD STOCKTON PLAZA #7009,NJ TURNPIKE MILE POST 58.7,Trenton,NJ,115,3.89900,1,3.89900,3.89900,40.217050,-74.742940,city
65319,PHILLIPS 66,US-30,Clementon,NJ,150,3.19900,1,3.19900,3.19900,39.811500,-74.982940,city
65320,PILOT #891,"I-80, EXIT 27B",Ledgewood,NJ,105,4.09900,1,4.09900,4.09900,40.881210,-74.655990,city
65328,THIND TRAVEL PLAZA,SR-20,North Bergen,NJ,115,3.25900,1,3.25900,3.25900,40.804270,-74.012080,city
65329,UTE MOUNTAIN TRAVEL CENTER,US-160 & US-491,Towaoc,CO,810,3.45733,1,3.45733,3.45733,37.204440,-108.729540,city
65332,BETTY ROSS TRUCK STOP /BP,US-130 & SR-73,Pennsauken,NJ,150,3.32900,1,3.32900,3.32900,39.956220,-75.057950,city
65334,SUNOCO,US 22 WEST,Phillipsburg,NJ,115,3.32900,1,3.32900,3.32900,40.693710,-75.190180,city
65335,CONOCO,US-22,Phillipsburg,NJ,90,3.35900,1,3.35900,3.35900,40.693710,-75.190180,city
65338,SWIFT FUEL STOP,"I-78, EXIT 13",Newark,NJ,115,3.87900,1,3.87900,3.87900,40.735660,-74.172370,city
65339,US GAS & DIESEL,US-46,Ridgefield,NJ,115,3.22900,1,3.22900,3.22900,40.834270,-74.008750,city
65343,ENRITE,"I-287, EXIT 4",South Plainfield,NJ,115,3.99900,1,3.99900,3.99900,40.579270,-74.411540,city
65345,SOUTH BRUNSWICK VALERO,US-130,North Brunswick,NJ,115,3.16567,1,3.16567,3.16567,40.454000,-74.482000,city
65350,Phillips 66,"I-295, EXIT 1",Vineland,NJ,150,3.35900,1,3.35900,3.35900,39.486230,-75.025730,city
65351,RIGGINS TRUCK PLAZA,"I-55, EXIT 26",Vineland,NJ,150,3.26900,1,3.26900,3.26900,39.486230,-75.025730,city
65353,SUNOCO- GROVER CLEVELAND TRAVEL PLAZA #7014,"NORTH NJ TNPK, EXIT 11",Woodbridge,NJ,115,3.89900,1,3.89900,3.89900,40.557600,-74.284590,city
65359,ROAD RUNNER TRAVEL CENTER,"I-25, EXIT 156",Lemitar,NM,580,3.29900,1,3.29900,3.29900,34.159790,-106.910310,city
65360,Roswell #60,US-285,Roswell,NM,593,3.36567,1,3.36567,3.36567,33.394370,-104.524910,city
65361,BLACK MESA TRAVEL CENTER,"I-25, EXIT 252",Algodones,NM,580,3.26900,1,3.26900,3.26900,35.380590,-106.479190,city
65365,CHEVRON #381125,US-95,Hawthorne,NV,966,4.07900,1,4.07900,4.07900,38.524640,-118.624580,city
65373,CHAMPLAIN PETERBILT FUEL MART,"I-87, EXIT 43",Champlain,NY,39,3.79900,1,3.79900,3.79900,44.986430,-73.446530,city
65377,PETROL 9 W,US-9W,Glenmont,NY,12,3.69900,1,3.69900,3.69900,42.604800,-73.769570,city
65379,MIRABITO #74,"SR-79 N/I-88E, EXIT 6",Harpursville,NY,12,4.65900,1,4.65900,4.65900,42.178410,-75.624630,city
65381,NATIVE PRIDE,"I-90, EXIT 58 & US-20",Irving,NY,38,2.94900,2,2.89900,2.99900,42.567560,-79.112820,city
65383,M AND M ALLEGANY JUNCTION,"I-86/SR-17, EXIT 23 & US-219/US-219 BUS",Limestone,NY,38,3.12900,1,3.12900,3.12900,42.027290,-78.629470,city
65386,MIRABITO #73,"I-88, EXIT 12",Otego,NY,12,3.99900,1,3.99900,3.99900,42.397300,-75.173500,city
65387,MAPLEFIELDS,SR-22 & SR-442,Peru,NY,235,3.79900,1,3.79900,3.79900,44.578380,-73.526800,city
65392,CIRCLE K #4707622,"I-90, EXIT 41",Seneca Falls,NY,220,3.99900,1,3.99900,3.99900,42.910620,-76.796620,city
65395,BELLSTORES #132,US-30 & SR-60,Ashland,OH,249,3.49900,1,3.49900,3.49900,40.868670,-82.318220,city
65398,QUICK FUEL #2306,"I-480, EXIT 12",Brookpark,OH,305,3.66900,1,3.66900,3.66900,41.398380,-81.804580,city
65400,NORTHSIDE FUEL STOP,US-30 & SR-19,Bucyrus,OH,411,3.50733,1,3.50733,3.50733,40.808390,-82.975460,city
65406,MOBIL,"I-90/SR-2, EXIT 182B",Cleveland,OH,305,3.76567,1,3.76567,3.76567,41.499500,-81.695410,city
65411,CLARKS PUMP N SHOP #10,SR- 32,Jackson,OH,315,3.69900,1,3.69900,3.69900,39.052020,-82.636550,city
65415,SPEEDWAY #9314,US-20 & SR-21,Massillon,OH,249,3.48233,1,3.48233,3.48233,40.796720,-81.521510,city
65423,BARNEYS CONVENIENCE MART #15,"I-75, EXIT 195 & I-90, EXIT 64 & SR-795",Rossford,OH,550,3.59900,1,3.59900,3.59900,41.609770,-83.564380,city
65426,CIRCLE K #4705357,US-23 & SR-316,Ashville,OH,315,3.08900,1,3.08900,3.08900,39.715620,-82.952960,city
65431,QUICK MART AND MORE,US-22 & SR-43,Steubenville,OH,573,3.63900,1,3.63900,3.63900,40.369790,-80.633960,city
65441,HUTCH'S #103,SR-6 & SR-66,Elk City,OK,483,2.96900,1,2.96900,2.96900,35.411990,-99.404260,city
65444,TXB #24 dba Kwik Chek Food Stores,US-70,Hugo,OK,253,2.96900,1,2.96900,2.96900,34.010660,-95.509680,city
65445,QWIK CHEQUE,US-70 & SR-37,Idabel,OK,253,3.19900,1,3.19900,3.19900,33.895660,-94.826330,city
65451,Petes #15,US-169 & SR-88,Oologah,OK,560,3.15900,1,3.15900,3.15900,36.447040,-95.708320,city
65457,THACKERSVILLE TRAVEL PLAZA,"I-35, EXIT 1",Thackerville,OK,253,2.93233,1,2.93233,2.93233,33.793440,-97.143070,city
65490,PILOT TRAVEL CENTERS #422,"I-85, EXIT 41 & US-29",Newnan,GA,18,3.69900,2,3.69900,3.69900,33.380670,-84.799660,city
65494,FLYING J TRAVEL PLAZA #633,"I-20, EXIT 138",Union Point,GA,135,3.85900,1,3.85900,3.85900,33.615680,-83.074600,city
65513,GETGO #3602,"I-76, EXIT 146 & I-99, EXIT 1 & US-220",Bedford,PA,14,4.09233,1,4.09233,4.09233,40.018690,-78.503910,city
65514,ONVO TRAVEL PLAZA,"I-78, EXIT 13 & SR- 501",Bethel,PA,70,3.34733,1,3.34733,3.34733,40.474540,-76.291340,city
65518,KWIK FILL #239,ST 51,Crescent,PA,165,3.79900,1,3.79900,3.79900,,,unknown
65521,RUTTERS #17,US-15 & SR-234,East Berlin,PA,70,4.29400,1,4.29400,4.29400,39.937600,-76.978590,city
65522,TURKEY HILL #950324,US-322 & SR-23/SR-897,East Earl,PA,208,3.78567,1,3.78567,3.78567,40.110100,-76.032720,city
65523,SAC SHOP #512,US-30,Everett,PA,14,4.09900,1,4.09900,4.09900,40.011470,-78.373350,city
65524,SAC SHOP #514,I-76/I-70 & US-30,Everett,PA,14,4.09900,1,4.09900,4.09900,40.011470,-78.373350,city
65525,SHELL,"I-95, EXIT 46A & US-1",Fairless Hills,PA,160,3.89900,1,3.89900,3.89900,40.179550,-74.855160,city
65527,SUNOCO SERVICE STATION,"I-81, EXIT 5",Greencastle,PA,70,3.89900,1,3.89900,3.89900,39.790370,-77.727770,city
65530,7-ELEVEN #40284,"I-76, EXIT 19/247",Hershey,PA,70,3.96733,1,3.96733,3.96733,40.285920,-76.650250,city
65532,PILOT TRAVEL CENTERS #1,"I-80,  EXIT 173",Mill Hall,PA,14,4.01567,1,4.01567,4.01567,41.107290,-77.484430,city
65533,LIBERTY EXXON,US-15 & SR-414,Liberty,PA,138,3.69900,1,3.69900,3.69900,40.325350,-79.856160,city
65537,SHEETZ #048,US-22,Nanty Glo,PA,14,3.51733,1,3.51733,3.51733,40.472290,-78.833360,city
65538,WELMART,"SR-28, EXIT 16",Natrona Heights,PA,165,4.19233,1,4.19233,4.19233,40.623400,-79.729770,city
65549,T&C MINI MART,SR-33 & SR-191,Stockertown,PA,90,3.69900,1,3.69900,3.69900,40.753990,-75.262120,city
65552,A PLUS MINI MARKET,US-1 & SR-132,Feasterville Trevose,PA,160,3.89900,1,3.89900,3.89900,40.152420,-74.986550,city
65556,RUTTERS #60,US-30 & SR-116,York,PA,70,4.24900,1,4.24900,4.24900,39.962600,-76.727740,city
65572,CIRCLE K #2705377,"I-20, EXIT 22 & US-1",Aiken,SC,135,3.12900,1,3.12900,3.12900,33.560420,-81.719550,city
65573,SPEEDWAY/7fleet #4587,US-501,Aynor,SC,205,3.12400,1,3.12400,3.12400,33.999890,-79.199490,city
65578,CIRCLE K #2723355,US-52,North Charleston,SC,42,3.39900,1,3.39900,3.39900,32.854620,-79.974810,city
65587,HOT SPOT #2022,US-25/US-76,Honea Path,SC,30,2.90900,1,2.90900,2.90900,34.446500,-82.391510,city
65588,SPEEDWAY #2836,US-17,Johns Island,SC,42,3.06900,1,3.06900,3.06900,32.769000,-80.102000,city
65593,CIRCLE K #2723441,"I-82, EXIT 73 & SR-773",Prosperity,SC,210,3.11567,1,3.11567,3.11567,34.209310,-81.533160,city
65594,PILOT #4567,I-77 EXIT 77,Rock Hill,SC,46,3.14900,1,3.14900,3.14900,34.924870,-81.025080,city
65598,LEES QUICK STOP,US-52 & SR-45,Saint Stephen,SC,42,3.41567,1,3.41567,3.41567,33.404330,-79.921740,city
65603,JET TRUCK PLAZA,"I-29, EXIT 47",Beresford,SD,530,3.15900,1,3.15900,3.15900,43.080540,-96.773660,city
65604,SHELL,"I-29, EXIT 132",Huron,SD,455,3.35900,1,3.35900,3.35900,44.363320,-98.214260,city
65608,ZIP TRIP #81,"I-29, EXIT 62 & US-18",Lennox,SD,530,3.20400,1,3.20400,3.20400,43.354150,-96.892000,city
65614,281 TRAVEL CENTER,US-281,Wolsey,SD,571,3.08900,1,3.08900,3.08900,44.407760,-98.474820,city
65622,QUICK STOP #34,US-11/SR-1,Bristol,TN,405,3.29900,1,3.29900,3.29900,36.595110,-82.188740,city
65624,Sudden Service #61,SR-149 & SR-46,Cumberland City,TN,460,3.56400,1,3.56400,3.56400,36.393390,-87.636410,city
65625,Chevron,US-64,Fayetteville,TN,460,3.75400,1,3.75400,3.75400,35.152030,-86.570550,city
65629,CASEYS GOODSTOP #4036,"I-40, EXIT 355",Kingston,TN,405,3.16400,1,3.16400,3.16400,35.880910,-84.508540,city
65639,SPEEDWAY #7138,"I-24, EXIT 70 & SR-102",Smyrna,TN,460,3.04900,1,3.04900,3.04900,35.982840,-86.518600,city
65641,ALLSUPS CONVENIENCE STORE #2331,I-20 & FM 600,Abilene,TX,575,2.87567,1,2.87567,2.87567,32.448740,-99.733140,city
65652,CIRCLE K #2706343,"I-20, EXIT 428",Fort Worth,TX,630,2.96900,1,2.96900,2.96900,32.725410,-97.320850,city
65659,ALLSUPS CONVENIENCE STORE #2169,US-287,Chillicothe,TX,770,2.89567,1,2.89567,2.89567,34.256470,-99.516760,city
65666,FUEL CITY #2,"I-30, EXIT 45B/I-35E",Dallas,TX,630,2.96567,1,2.96567,2.96567,32.783060,-96.806670,city
65667,ALLSUPS CONVENIENCE STORE #2103,US-287/US-81,Decatur,TX,630,2.89900,1,2.89900,2.89900,33.234280,-97.586140,city
65671,SUPER STOP #22,SR-87 & SR-12,Orange,TX,610,3.43900,1,3.43900,3.43900,30.092990,-93.736550,city
65673,PILOT #894,US-57 & US-277,Eagle Pass,TX,693,3.89900,1,3.89900,3.89900,28.709140,-100.499520,city
65674,VALLEY MART #09,US-277,Eagle Pass,TX,740,3.19900,1,3.19900,3.19900,28.709140,-100.499520,city
65678,ONE9 #1300,US-287 & SR-34,Ennis,TX,630,2.86900,1,2.86900,2.86900,32.329310,-96.625270,city
65683,ALLSUPS CONVENIENCE STORE #2225,US-60,Friona,TX,585,2.99900,1,2.99900,2.99900,34.641730,-102.724100,city
65686,CEFCO #2004,"I-35 , EXIT 499",Vernon,TX,770,2.86067,1,2.86067,2.86067,34.155360,-99.266280,city
65690,CIRCLE G TRUCK STOP,US-183 & SR-97,Gonzales,TX,595,2.79900,1,2.79900,2.79900,29.501630,-97.452490,city
65691,CIRCLE K #2704037,US-90/SR-97 & US-183,Gonzales,TX,595,2.90400,1,2.90400,2.90400,29.501630,-97.452490,city
65721,Paradise RV & Truck Park,US-287/US-81,Alvord,TX,770,2.81567,1,2.81567,2.81567,33.358450,-97.694750,city
65724,STRIPES 7FLEET #42427,US-385 & SR-191,Odessa,TX,710,3.28900,1,3.28900,3.28900,31.845680,-102.367640,city
65728,RIVER MART,US-281/SR-241,Pharr,TX,639,3.34900,1,3.34900,3.34900,26.194800,-98.183620,city
65738,CIRCLE K #2741499,SR-35 & FM-1069,Rockport,TX,625,2.80567,1,2.80567,2.80567,28.020770,-97.056010,city
65755,CIRCLE K #2723373,US-11 & SR-622,Atkins,VA,185,3.34900,1,3.34900,3.34900,36.867340,-81.423440,city
65759,XPRESS STOP,US-522 & SR-694,Cross Junction,VA,60,3.33233,1,3.33233,3.33233,39.320380,-78.293340,city
65761,NEW DIXIE MART #15,US-58 & SR-671,Franklin,VA,180,3.09900,1,3.09900,3.09900,36.677650,-76.922460,city
65762,7-ELEVEN #34516,"I-66, EXIT 6",Front Royal,VA,60,3.52567,1,3.52567,3.52567,38.918170,-78.194440,city
65764,LEESBURG CITGO,US-15,Leesburg,VA,60,3.49900,1,3.49900,3.49900,39.115660,-77.563600,city
65765,FOSTERS CONVENIENCE STORE,US-29 & SR-685,Rustburg,VA,185,3.59900,1,3.59900,3.59900,37.276810,-79.100850,city
65767,STATELINE FOOD MART #69,US-23,Pound,VA,44,3.59900,1,3.59900,3.59900,37.123710,-82.601270,city
65770,JOLLEY #136,"I-89, EXIT 21",Alburgh,VT,39,3.53900,1,3.53900,3.53900,44.975040,-73.300130,city
65771,CITGO,"I-91, EXIT 3 & US-5",Brattleboro,VT,12,3.67233,1,3.67233,3.67233,42.850920,-72.557870,city
65789,BEAR CREEK CITGO,US-45 & SR-76/SR-22,Bear Creek,WI,360,3.43900,1,3.43900,3.43900,44.531370,-88.726490,city
65791,EDGAR TRAVEL CENTER,SR-29 & CR-H,Edgar,WI,395,3.55900,1,3.55900,3.55900,44.927190,-89.963460,city
65793,KWIK TRIP #921,SR-13 & SR-21,Friendship,WI,420,3.27400,1,3.27400,3.27400,43.970530,-89.816790,city
65794,BP,"I-43, EXIT 180",Green Bay,WI,360,3.34900,1,3.34900,3.34900,44.519160,-88.019830,city
65796,ADDISON STATION,"I-41/US-41, EXIT 68 & CR-K",Hartford,WI,444,3.14900,1,3.14900,3.14900,43.317780,-88.378990,city
65800,BP,US-45,Kewaskum,WI,444,3.21900,1,3.21900,3.21900,43.520830,-88.228990,city
65804,KWIK TRIP #628,US-45,Larsen,WI,582,3.43233,1,3.43233,3.43233,44.191650,-88.624000,city
65805,HI WAY HOP BP,"I-42/US-41, EXIT 85 & SR-67",Lomira,WI,444,3.09900,1,3.09900,3.09900,43.591380,-88.443710,city
65806,SHELL,US-41 & SR-67,Lomira,WI,444,3.38900,1,3.38900,3.38900,43.591380,-88.443710,city
65809,KWIK TRIP #399,SR-21 & SR-80,Necedah,WI,395,3.24900,1,3.24900,3.24900,44.026080,-90.074020,city
65810,HIGHWAY HARRY'S,I-90/I-94 EXIT 61 & SR-80,New Lisbon,WI,420,3.17233,1,3.17233,3.17233,43.879140,-90.165410,city
65812,PLAINFIELD PLAZA,SR-73 & I-39,Plainfield,WI,395,3.29067,1,3.29067,3.29067,44.213860,-89.492340,city
65813,KWIK TRIP #683,"I-39, EXIT 92 & US-51",Portage,WI,420,3.24900,1,3.24900,3.24900,43.539150,-89.462620,city
65814,Kracheys BP Truck Stop,US-18 & SR-35,Prairie Du Chien,WI,420,3.57400,1,3.57400,3.57400,43.051650,-91.141240,city
65817,TREGO TRAVEL CENTER,US-53 & CR-E,Trego,WI,545,3.58233,1,3.58233,3.58233,45.899670,-91.821010,city
65818,KWIK TRIP #1048,"I-90, EXIT 12",West Salem,WI,515,3.31733,1,3.31733,3.31733,43.899130,-91.081250,city
65820,KWIK TRIP #673,"I-90 & SR-19, EXIT 131",Windsor,WI,420,3.25400,1,3.25400,3.25400,43.218330,-89.341510,city
65822,RSTORE #4499,US-45 & SR-29,Wittenberg,WI,395,3.15567,1,3.15567,3.15567,44.827200,-89.169560,city
65824,CHANEYS SERVICE STATION,US-30 & SR-2,Chester,WV,165,3.79900,1,3.79900,3.79900,40.613120,-80.562850,city
65828,PAR MAR FOOD STORE #52,US-50 & CR-50/16,West Union,WV,430,4.09900,1,4.09900,4.09900,39.296470,-80.777050,city
65831,Hat Six Travel Center,"I-25/US-87, EXIT 182 & SR-253/SR-256",Evansville,WY,790,3.99900,1,3.99900,3.99900,42.859970,-106.268360,city
65835,SOUTHSIDE TRAVEL CENTER,US-20/SR-789,Thermopolis,WY,790,3.79900,1,3.79900,3.79900,43.646070,-108.212040,city
65836,PILOT TRAVEL CENTERS #434,"I-35W, EXIT 65",Fort Worth,TX,630,3.26400,1,3.26400,3.26400,32.725410,-97.320850,city
65837,PILOT TRAVEL CENTERS #455,"I-71, EXIT 140",Marengo,OH,315,3.71900,1,3.71900,3.71900,40.400890,-82.810730,city
65842,AM PM TRAVEL CENTER,US-1/SR-4,Blythe,GA,135,3.59900,1,3.59900,3.59900,33.292640,-82.201510,city
65847,ROAD RANGER #132,"I-57, EXIT 240",Champaign,IL,280,3.47900,4,3.40900,3.54900,40.116420,-88.243380,city
65848,Mobil,I-475,Flint,MI,342,3.19900,1,3.19900,3.19900,43.012530,-83.687460,city
65849,PS FOOD MART #1034,"I-94, EXIT 110 & US-27",Marshall,MI,431,3.48400,4,3.42900,3.54900,42.272260,-84.963310,city
65857,PILOT TRAVEL CENTERS #199,"I-20, EXIT 33",Haughton,LA,745,3.14567,1,3.14567,3.14567,32.532650,-93.504060,city
65858,SPEEDWAY #6661,"I-94, EXIT 40  & US-20 & US-35",La Porte,IN,465,3.59900,1,3.59900,3.59900,41.607740,-86.713890,city
65859,SPEEDWAY #6662,US-20 & SR-15,Bristol,IN,465,3.54900,1,3.54900,3.54900,41.721440,-85.817490,city
65860,LOVES TRAVEL STOPS #283,"E I-30 & FM 549, EXIT 70",Rockwall,TX,630,3.07900,2,3.04900,3.10900,32.931230,-96.459710,city
65862,PILOT TRAVEL CENTERS #396,"I-81, EXIT 213",Staunton,VA,185,3.65900,1,3.65900,3.65900,38.149910,-79.073200,city
65863,VALERO,SR-31,Clinton,NJ,115,3.35900,1,3.35900,3.35900,40.636770,-74.909890,city
65866,FLYING J TRAVEL PLAZA #710,"I-81, EXIT 219",New Milford,PA,200,4.17567,1,4.17567,4.17567,41.872580,-75.727130,city
65868,7-ELEVEN #36073,"I-77, EXIT 54 & US-21",Statesville,NC,46,2.87900,1,2.87900,2.87900,35.782640,-80.887300,city
65873,PILOT TRAVEL CENTER #4619,"I-81 & I-77, EXIT 77",Wytheville,VA,185,3.55067,1,3.55067,3.55067,36.948450,-81.084810,city
65880,MR FUEL DBA ONE9 #1245,"I-55, EXIT 52 & SR-16",Litchfield,IL,574,3.24700,5,3.19900,3.29900,39.175330,-89.654260,city
65883,FLYING J TRAVEL PLAZA #647,"I-64, EXIT 25 & US-41",Haubstadt,IN,340,3.95900,1,3.95900,3.95900,38.205040,-87.574190,city
65885,LOVES TRAVEL STOP #299,"US-75, EXIT 48 & SR-455",Anna,TX,630,3.19733,1,3.19733,3.19733,33.349000,-96.548600,city
65909,7-Eleven/7FLEET #40496,"I-81, EXIT 47 & SR-12",Watertown,NY,220,4.14900,1,4.14900,4.14900,43.974780,-75.910760,city
65912,ATOKA FUEL,US-75/US-69/SR-3,Atoka,OK,569,3.17900,1,3.17900,3.17900,34.385930,-96.128330,city
65914,CASEYS #2732,US-30 & US-284/SR-2,Grand Island,NE,330,3.14900,1,3.14900,3.14900,40.925010,-98.342010,city
65915,Marathon,"I-94/US-52, EXIT 346 & CR-17",West Fargo,ND,341,3.02900,1,3.02900,3.02900,46.874970,-96.900360,city
65917,CUMBERLAND CORNER MART,SR-90 & US-127,Albany,KY,410,3.57400,1,3.57400,3.57400,36.690900,-85.134680,city
65919,QUICK FUEL #5001,US-78/SR-4,Memphis,TN,435,3.02567,1,3.02567,3.02567,35.149530,-90.048980,city
65935,MAIN ST JUNCTION,SR-14 & SR-15,Louisville,MS,705,3.09900,1,3.09900,3.09900,33.123740,-89.055060,city
65962,CIRCLE K #2705937,US-301/SR-35 & SR-50,Dade City,FL,225,3.33233,1,3.33233,3.33233,28.364720,-82.195920,city
65969,PILOT  #1105,SR-29 & SR-182,Bunkie,LA,730,3.21233,1,3.21233,3.21233,30.953250,-92.182630,city
65974,BEACON & BRIDGE #13,"US-127, EXIT 117",Ithaca,MI,342,3.64900,1,3.64900,3.64900,43.291700,-84.607500,city
65978,KWIK TRIP #623,US-61,Minnesota City,MN,515,3.39900,1,3.39900,3.39900,44.093850,-91.749600,city
65983,SPEEDWAY #6967,"US-17, EXIT 227 & SR-32",Edenton,NC,130,3.28700,1,3.28700,3.28700,36.057940,-76.607720,city
65989,DANCING EAGLE,"I-40, EXIT 108",Casa Blanca,NM,580,3.35900,1,3.35900,3.35900,35.045600,-107.471440,city
66014,BIG D TRAVEL CENTER,SR-12 & SR-183,Irving,TX,630,2.95567,1,2.95567,2.95567,32.814020,-96.948890,city
66015,LOVES TRAVEL STOP #298,"I-35, EXIT 39 & SR-44",Encinal,TX,693,3.58900,1,3.58900,3.58900,28.041120,-99.354480,city
66016,FLYING J TRAVEL PLAZA #660,"I-64, EXIT 185 & SR-180",Catlettsburg,KY,255,3.76567,1,3.76567,3.76567,38.404800,-82.600440,city
66017,FLYING J TRAVEL PLAZA #626,"I-95/SR-9, EXIT 305 & SR-206",Saint Augustine,FL,75,3.44900,1,3.44900,3.44900,29.894690,-81.314520,city
66020,LOVES TRAVEL STOP #221,I-70 EXIT 160,Zanesville,OH,315,3.48233,1,3.48233,3.48233,39.940350,-82.013190,city
66021,LOVES TRAVEL STOP #238,"I-65, EXIT 116 & SR-480",Shepherdsville,KY,415,3.59900,1,3.59900,3.59900,37.988400,-85.715790,city
66022,PILOT TRAVEL CENTERS #459,"I-10, EXIT 133",Avondale,AZ,930,3.59300,2,3.58700,3.59900,33.435600,-112.349600,city
66023,SAPP BROS TRAVEL CENTER,"I-29, EXIT 10 & SR-2",Percival,IA,486,3.78900,1,3.78900,3.78900,40.748890,-95.813610,city
66024,LOVES TRAVEL STOPS #239,"I-81/US-11, EXIT 84 & SR-619",Max Meadows,VA,185,3.56700,2,3.54500,3.58900,36.970400,-80.949530,city
66025,SPACE AGE TRAVEL CENTER,"I-84, EXIT 183 & SR-207",Hermiston,OR,935,3.33233,1,3.33233,3.33233,45.840410,-119.289460,city
66026,FLYING J TRAVEL PLAZA #643,"I-70 & I-57, EXIT 160",Effingham,IL,510,3.38233,3,3.29900,3.49900,39.120040,-88.543380,city
66029,Roady's Lucky Deuces,"I-10, EXIT 92 & SR-95",Duson,LA,600,3.03567,1,3.03567,3.03567,30.235760,-92.185400,city
66030,Colfax Travel Center,"I-80, EXIT 159 & SR-117",Colfax,IA,320,3.14900,1,3.14900,3.14900,41.677770,-93.245200,city
66031,WILCO FAST BREAK,US-61/US-24,Palmyra,MO,494,3.11900,1,3.11900,3.11900,39.794210,-91.523210,city
66034,FAS MART #5134,"I-72, EXIT 144 S",Decatur,IL,280,3.47900,2,3.45900,3.49900,39.840310,-88.954800,city
66035,ROAD RANGER #136,"I-90, EXIT 147",Cottage Grove,WI,420,3.54400,1,3.54400,3.54400,43.076110,-89.199560,city
66036,FLYING J TRAVEL PLAZA #602,"I-65, EXIT 264",Birmingham,AL,615,3.55900,1,3.55900,3.55900,33.520660,-86.802490,city
66037,TA PRESCOTT TRAVEL CENTER,"I-30, EXIT 44",Prescott,AR,635,3.50233,1,3.50233,3.50233,33.802610,-93.381010,city
66038,FLYING J TRAVEL PLAZA #1043,"I-15, EXIT 113",Idaho Falls,ID,825,3.74900,2,3.69900,3.79900,43.466580,-112.034140,city
66039,LOVES TRAVEL STOP #237,"I-20, EXIT 171 & US-65",Tallulah,LA,760,3.25900,1,3.25900,3.25900,32.408480,-91.186780,city
66040,LOVES TRAVEL STOP #272,"I-40 & DW (RANCH RD), EXIT 59",Kingman,AZ,910,3.85567,1,3.85567,3.85567,35.189440,-114.053010,city
66041,PILOT TRAVEL CENTERS #195,"I-84, EXIT 104 & US-97",Wasco,OR,935,3.86567,1,3.86567,3.86567,45.591790,-120.698110,city
66042,FLYING J TRAVEL PLAZA #707,"I-80, EXIT 78",Brookville,PA,14,4.03400,1,4.03400,4.03400,41.161170,-79.083090,city
66043,LOVES TRAVEL STOPS #216,US-67 & US-287,Midlothian,TX,630,3.21500,2,3.19900,3.23100,32.482360,-96.994450,city
66044,TA TAMPA TRAVEL CENTER,"I-4, EXIT 10",Seffner,FL,225,3.39567,1,3.39567,3.39567,27.983630,-82.275650,city
66045,FLYING J TRAVEL PLAZA #698,"I-71, EXIT 69",Jeffersonville,OH,315,3.39900,1,3.39900,3.39900,39.653670,-83.563810,city
66046,PETRO STOPPING CENTER #345,I-69 EXIT357,Fremont,IN,550,3.89900,1,3.89900,3.89900,41.730880,-84.932740,city
66050,PILOT TRAVEL CENTERS #130,"I-77, EXIT 145",Richfield,OH,305,3.79900,1,3.79900,3.79900,41.239780,-81.638180,city
66051,Caseys #4419,I-165 EXIT 5,Bowling Green,KY,460,3.02567,1,3.02567,3.02567,36.990320,-86.443600,city
66054,LOVES TRAVEL STOP #220,"I-25/US-87, EXIT 7 & SR-212",Cheyenne,WY,795,3.70900,1,3.70900,3.70900,41.139980,-104.820250,city
66055,WINDMILL BP,"US-20, EXIT 208 & SR-14",Holland,IA,320,3.59900,1,3.59900,3.59900,42.398870,-92.800480,city
66056,PILOT TRAVEL CENTERS #114,"I-40, EXIT 320",Crossville,TN,405,3.24567,1,3.24567,3.24567,35.948960,-85.026900,city
66057,ROAD RANGER #205,"I-90, EXIT 1",South Beloit,IL,290,3.46900,1,3.46900,3.46900,42.493070,-89.036780,city
66059,TIME OUT TRAVEL CENTER,"I-40, EXIT 432-B",Newport,TN,405,2.96567,1,2.96567,2.96567,35.967040,-83.187660,city
66061,FLYING J TRAVEL PLAZA #709,"I-80, EXIT 173",Mill Hall,PA,14,4.01567,1,4.01567,4.01567,41.107290,-77.484430,city
66062,FLYING J TRAVEL PLAZA #716,"I-29, EXIT 83",Sioux Falls,SD,530,3.89900,1,3.89900,3.89900,43.543690,-96.727960,city
66065,LOVES TRAVEL STOP #321,"SR 770 & I-75 , EXIT 29",Corbin,KY,410,3.59900,1,3.59900,3.59900,36.948700,-84.096880,city
66068,HOLIDAY STATIONSTORE #2746262,I-175 EXIT 394,Sault Sainte Marie,MI,287,3.79900,1,3.79900,3.79900,46.495300,-84.345320,city
66069,128 NEWTON GAS,"I-95, EXIT 20A/SR-128 & SR-9",Newton Lower Falls,MA,34,4.29900,1,4.29900,4.29900,42.329260,-71.253670,city
66070,TAURO,"SR-78, EXIT 3",Phillipsburg,NJ,90,3.34233,1,3.34233,3.34233,40.693710,-75.190180,city
66072,GENES GO TRUCK STOP,"I-10/US-83, EXIT 456 & US-377",Junction,TX,740,3.28900,1,3.28900,3.28900,30.489360,-99.772010,city
66073,EXXON,"I-24 & HUSBAND ROAD, EXIT 11",Paducah,KY,460,3.15733,1,3.15733,3.15733,37.083390,-88.600050,city
66074,HEARTLAND XPRESS,US-67 & SR-M,Poplar Bluff,MO,275,3.19900,1,3.19900,3.19900,36.757000,-90.392890,city
66075,CORNER MART #349,"I-26, EXIT 54 & SR-72",Clinton,SC,210,3.09900,1,3.09900,3.09900,34.472630,-81.880660,city
66078,Amoco,I-40 EXIT 447,Hartford,TN,405,3.09900,1,3.09900,3.09900,35.816760,-83.143210,city
66083,KANGAROO CROSSING,SR-35,Kosciusko,MS,705,3.19900,1,3.19900,3.19900,33.058000,-89.589560,city
66090,ROAD RANGER #267,US-281,Pharr,TX,639,3.56400,1,3.56400,3.56400,26.194800,-98.183620,city
66091,KEYSVILLE SAV U TIME,US-360,Keysville,VA,180,3.39900,1,3.39900,3.39900,37.040430,-78.483330,city
66093,KWIK TRIP #414,"I-90, EXIT 209A & US-63/SR-30",Stewartville,MN,515,3.55733,1,3.55733,3.55733,43.855520,-92.488510,city
66099,NEW JERSEY TRUCK STOP DIESEL ONLY,"I-95, EXIT 15E & US-9/US-1",Kearny,NJ,79,3.75900,1,3.75900,3.75900,40.768430,-74.145420,city
66100,CIRCLE K #2723692,"I-26, EXIT 213",North Charleston,SC,42,3.39900,1,3.39900,3.39900,32.854620,-79.974810,city
66103,TERRIBLE HERBST #243,I-95 & SR-164,Searchlight,NV,910,3.83233,1,3.83233,3.83233,35.465270,-114.919700,city
66106,FLYING J TRAVEL PLAZA #509,"I-15, EXIT 112",Beaver,UT,910,3.68900,1,3.68900,3.68900,38.276910,-112.641050,city
66109,QUARTERS TRAVEL PLAZA,"I-49, EXIT 23 & US-167 /SR-744",Opelousas,LA,730,3.18400,1,3.18400,3.18400,30.533530,-92.081510,city
66110,LOVES TRAVEL STOP #479,"I-29, EXIT143",Sioux City,IA,527,3.64233,1,3.64233,3.64233,42.499990,-96.400310,city
66111,CROSSROADS EXPRESS,US-36 & US-83,Oberlin,KS,475,3.08900,1,3.08900,3.08900,39.818340,-100.528200,city
66113,7-ELEVEN #39467,"I-95, EXIT 16E",Jersey City,NJ,115,3.25900,1,3.25900,3.25900,40.728160,-74.077640,city
66114,LOVES TRAVEL STOP #235,"I-29 & US-169, EXIT 44",Saint Joseph,MO,400,3.33233,1,3.33233,3.33233,39.768610,-94.846630,city
66115,FLYING J TRAVEL PLAZA #697,"I-80, EXIT 234B",Hubbard,OH,573,3.45900,1,3.45900,3.45900,41.156450,-80.569240,city
66116,ONVO TRAVEL PLAZA - HARFORD,"I-81, EXIT 217 & SR-547",Harford,PA,200,3.58900,1,3.58900,3.58900,41.782300,-75.701580,city
66117,ONVO TRAVEL PLAZA PINE GROVE,"I-81, EXIT 32",Pine Grove,PA,70,3.53900,1,3.53900,3.53900,40.548420,-76.384680,city
66119,FLYING J TRAVEL PLAZA #645,"I-270 & SR-11, EXIT 6",Granite City,IL,540,3.61900,5,3.55900,3.69900,38.701440,-90.148720,city
66120,LOVES TRAVEL STOP #306,"I-40/SR-66, EXIT 412",Dandridge,TN,405,3.68900,1,3.68900,3.68900,36.015370,-83.414890,city
66121,ROAD RANGER #226,"I-65, EXIT 99",Greenwood,IN,375,3.60067,1,3.60067,3.60067,39.613660,-86.106650,city
66122,ROAD RANGER #139,"I-57, EXIT 212",Tuscola,IL,280,3.22900,1,3.22900,3.22900,39.799200,-88.283100,city
66123,ROAD RANGER #225,"I-80, EXIT 56",Princeton,IL,290,3.37567,3,3.28900,3.44900,41.368090,-89.464810,city
66125,LOVES TRAVEL STOP #249,"I-55, EXIT 109",Williamsville,IL,318,3.42567,3,3.38900,3.48900,39.954220,-89.548710,city
66126,LOVES TRAVEL STOP #209,"I-20, EXIT 3 & US-80 & SR-169",Greenwood,LA,745,3.13400,1,3.13400,3.13400,32.442930,-93.972960,city
66131,SPEEDWAY #3446,"I-95, EXIT 10 & SR-440",Edison,NJ,115,3.58567,1,3.58567,3.58567,40.518720,-74.412100,city
66133,LOVES TRAVEL STOPS #228,"I-4, EXIT 44",Polk City,FL,225,3.42500,2,3.38900,3.46100,28.182510,-81.823970,city
66134,CIRCLE K #2721591,"I-10, EXIT 10 & US-29/SR-95",Pensacola,FL,155,3.22233,1,3.22233,3.22233,30.421310,-87.216910,city
66135,CIRCLE K #2721592,"I-10, EXIT 5 & US-90 ALT",Pensacola,FL,155,3.22233,1,3.22233,3.22233,30.421310,-87.216910,city
66136,CHOCTAW TRAVEL PLAZA #638,US-270 & US-59 & US-112,Poteau,OK,645,3.29900,1,3.29900,3.29900,35.053710,-94.623560,city
66137,CIRCLE K #2721594,"I-10, EXIT 263",Slidell,LA,725,3.17067,1,3.17067,3.17067,30.275190,-89.781170,city
66138,LOVES TRAVEL STOP #307,"I-75, EXIT 201",Jackson,GA,18,3.38567,1,3.38567,3.38567,33.294570,-83.966020,city
66139,LOVES TRAVEL STOPS #305,"I-81, EXIT 291 & SR-651",Toms Brook,VA,60,3.64900,2,3.64900,3.64900,38.946500,-78.439170,city
66141,QUICK FUEL #5102,"SR-826, EXIT NW 58TH ST",Miami,FL,95,3.38900,1,3.38900,3.38900,25.774270,-80.193660,city
66142,QUICK FUEL #5106,SR-589 & SR-580,Tampa,FL,225,3.49233,1,3.49233,3.49233,27.947520,-82.458430,city
66149,QUICK FUEL #5105,"I-75, EXIT W BRANDON BLVD",Tampa,FL,225,3.50067,1,3.50067,3.50067,27.947520,-82.458430,city
66152,Flying J Travel Plaza #656,"I-65, EXIT 95 & CR-500",Whiteland,IN,375,3.95900,1,3.95900,3.95900,39.550050,-86.079710,city
66155,7-ELEVEN #36575,"I-35, EXIT 248",Pflugerville,TX,595,2.89900,1,2.89900,2.89900,30.439370,-97.620000,city
66156,7-ELEVEN #36567,SR-6 & SR-21,Bryan,TX,670,3.14400,1,3.14400,3.14400,30.674360,-96.369960,city
66172,Timewise Food Store #163,"I-35, EXIT 8",Laredo,TX,693,2.93567,1,2.93567,2.93567,27.506410,-99.507540,city
66173,TIMEWISE FOOD STORE #160,"I-10, EXIT 661",Flatonia,TX,740,3.19900,1,3.19900,3.19900,29.687730,-97.108600,city
66174,TIMEWISE FOOD STORE #162,"I-10, EXIT 456",Junction,TX,740,3.09900,1,3.09900,3.09900,30.489360,-99.772010,city
66176,PILOT #6996,"I-40, EXIT 364",Warsaw,NC,245,3.47233,1,3.47233,3.47233,34.999330,-78.091100,city
66177,PILOT #6978,"I-74/I-73/US-220, EXIT 44 & SR-211",Candor,NC,65,3.99900,1,3.99900,3.99900,35.295140,-79.745320,city
66178,LOVES TRAVEL STOP #284,I-69C/US-281 & FM-2812,Edinburg,TX,639,3.11067,1,3.11067,3.11067,26.301740,-98.163340,city
66179,LOVES TRAVEL STOP #246,I-80 EXIT 46,Fernley,NV,966,3.91567,1,3.91567,3.91567,39.607970,-119.251830,city
66182,CIRCLE K #2706708,"I-185, EXIT 10",Midland,GA,50,3.33900,1,3.33900,3.33900,32.574860,-84.827150,city
66183,CHEVRON CURB STORE,SR-35 & SR-21,Forest,MS,705,3.56900,1,3.56900,3.56900,32.364590,-89.474230,city
66184,HENRIETTA TRUCK STOP,"I-390, EXIT 12 & I-90, EXIT 46",Henrietta,NY,190,3.89900,1,3.89900,3.89900,43.059230,-77.612220,city
66185,TIGERMART OF BUFFALO,"I-45, EXIT 178 & US-79",Buffalo,TX,670,3.59900,1,3.59900,3.59900,31.463790,-96.058020,city
66186,STRIPES #40813,US-281 & SR-285,Falfurrias,TX,625,3.08733,1,3.08733,3.08733,27.226990,-98.144170,city
66195,MOBIL,"I-495, EXIT 26 & SR-62",Berlin,MA,34,3.69900,1,3.69900,3.69900,42.381200,-71.637010,city
66196,EXXON TIGER MART,"I-35, EXIT 386",Italy,TX,630,3.12233,1,3.12233,3.12233,32.184040,-96.884720,city
66198,CIRCLE K #2703117,"I-20, EXIT 11",Graniteville,SC,135,3.15900,1,3.15900,3.15900,33.563750,-81.807890,city
66221,ROAD RANGER #236,"I-43, EXIT 38",East Troy,WI,420,3.08233,1,3.08233,3.08233,42.785290,-88.405100,city
66223,7-ELEVEN #36548,SR-83,Laredo,TX,693,2.99900,1,2.99900,2.99900,27.506410,-99.507540,city
66224,ROAD RANGER #235,"I-90, EXIT 36",Hampshire,IL,290,3.36900,1,3.36900,3.36900,42.097800,-88.530360,city
66225,ROAD RANGER #140,"I-39, EXIT 72",Mendota,IL,520,3.33650,4,3.26900,3.43900,41.547250,-89.117590,city
66227,Pilot Travel Centers #482,"I-57, EXIT 95",Mount Vernon,IL,574,3.45400,4,3.35900,3.59900,38.317270,-88.903120,city
66229,LOVES TRAVEL STOP #308,"I-40, EXIT 86 & SR-226",Marion,NC,210,3.73900,1,3.73900,3.73900,35.684010,-82.009270,city
66230,PETRO COLBY TRUCKSTOP,"I-70, EXIT 53 & SR-25",Colby,KS,525,3.59900,1,3.59900,3.59900,39.395840,-101.052380,city
66235,LOVES TRAVEL STOP #291,"I-75, EXIT 95 & SR-627",Richmond,KY,410,3.59900,1,3.59900,3.59900,37.747860,-84.294650,city
66236,LOVES TRAVEL STOP #309,"I-80, EXIT 332 & SR-14",Aurora,NE,330,3.28900,1,3.28900,3.28900,40.867230,-98.004220,city
66237,ROUTE 66 TRAVEL CENTER,"I-40, EXIT 140",Albuquerque,NM,580,3.35900,1,3.35900,3.35900,35.084490,-106.651140,city
66238,BETTY BEAVERS TRUCKSTOP,"I- 90, EXIT 29",Canajoharie,NY,12,3.59900,1,3.59900,3.59900,42.905630,-74.571810,city
66239,Hola,US-27/SR-80/SR-25,South Bay,FL,95,3.41900,1,3.41900,3.41900,26.663960,-80.716170,city
66241,PUMP & PANTRY #29,US-30,Central City,NE,330,3.33733,1,3.33733,3.33733,41.115850,-98.001720,city
66242,PUMP & PANTRY #23,"US-34, EXIT 4TH AVE",Holdrege,NE,330,3.44900,1,3.44900,3.44900,40.440290,-99.369820,city
66243,CIRCLE K #4707000,SR-9,Baileyville,ME,170,3.89900,1,3.89900,3.89900,45.157020,-67.404720,city
66244,STRIPES #40809,"I-37, EXIT 56",George West,TX,625,3.04400,1,3.04400,3.04400,28.332500,-98.117510,city
66247,GULF OIL #5045,I-90 EXIT 83,Charlton,MA,34,3.90900,1,3.90900,3.90900,42.135650,-71.970070,city
66248,CIRCLE K #4707046,"I-95, EXIT 6",Scarborough,ME,170,3.90900,1,3.90900,3.90900,43.578140,-70.321720,city
66249,CIRCLE K #4707206,SR-125,Epping,NH,170,3.76733,1,3.76733,3.76733,43.033420,-71.074230,city
66250,SPEEDWAY #6973,US-1,Wake Forest,NC,177,2.94900,1,2.94900,2.94900,35.979870,-78.509720,city
66252,CIRCLE K #4707023,US-1A,Holden,ME,170,3.73233,1,3.73233,3.73233,44.752850,-68.678920,city
66255,CIRCLE K #4707217,US-2 & SR-16,Gorham,NH,170,3.75067,1,3.75067,3.75067,44.387840,-71.173130,city
66257,LOVES TRAVEL STOPS #310,"I-80/US-30, EXIT 173",Wamsutter,WY,795,3.74100,2,3.72300,3.75900,41.673010,-107.979250,city
66258,CIRCLE K #4707208,"I-93, EXIT 23",New Hampton,NH,170,3.65900,1,3.65900,3.65900,43.605630,-71.654240,city
66259,CEFCO #48,"I-35, EXIT 304",Temple,TX,765,2.96567,1,2.96567,2.96567,31.098230,-97.342780,city
66261,CIRCLE K #2723123,"I-95, EXIT 71",Dunn,NC,205,3.14233,1,3.14233,3.14233,35.306270,-78.608900,city
66263,One9 SPEEDWAY #6753,"I-78, EXIT 1",Fleetwood,PA,208,3.83233,1,3.83233,3.83233,40.453980,-75.817980,city
66266,7-ELEVEN #40508,"I-80, EXIT 90",Elkhart,IN,465,3.99900,1,3.99900,3.99900,41.681990,-85.976670,city
66267,TA DEMOTTE TRAVEL CENTER,"I-65, EXIT 230",Demotte,IN,365,3.44733,1,3.44733,3.44733,41.195040,-87.198640,city
66272,MOOSETRACKS #752,"I-85, EXIT 113",High Point,NC,63,3.11400,1,3.11400,3.11400,35.955690,-80.005320,city
66273,PETRO STOPPING CENTER,"I-59, EXIT 181 & US-77",Gadsden,AL,615,3.99900,1,3.99900,3.99900,34.014340,-86.006390,city
66274,FLYING J TRAVEL PLAZA #692,"I-80, EXIT 352 & US-93",Wells,NV,835,3.70900,1,3.70900,3.70900,41.111590,-114.964490,city
66278,PILOT TRAVEL CENTERS #394,"I-84, EXIT 6",Newburgh,NY,32,4.35900,1,4.35900,4.35900,41.503430,-74.010420,city
66284,JOLLEY #150,"I-89, EXIT 19",Saint Albans,VT,39,3.53900,1,3.53900,3.53900,44.810880,-73.083190,city
66285,QUIKTRIP #787,"I-675, EXIT 5",Ellenwood,GA,18,3.10900,1,3.10900,3.10900,33.610110,-84.287980,city
66286,CASEYS #4205,"I-40/75, EXIT 374",Knoxville,TN,405,3.09900,1,3.09900,3.09900,35.960640,-83.920740,city
66290,ABBYLAND TRUCK STOP,"SR-29, EXIT 127",Curtiss,WI,395,3.46233,1,3.46233,3.46233,44.955250,-90.434580,city
66292,LOVES TRAVEL STOP #311,"I-20, EXIT 9",Waco,GA,18,3.39067,1,3.39067,3.39067,33.702880,-85.183280,city
66293,One9 #254,"I-24, EXIT 169",Wildwood,GA,285,3.09900,1,3.09900,3.09900,34.963410,-85.411070,city
66294,FLYING J TRAVEL PLAZA #667,"I-69, EXIT 81SB / I-96, EXIT 9",Grand Ledge,MI,406,3.95900,1,3.95900,3.95900,42.753370,-84.746380,city
66295,LOVES TRAVEL STOPS #432,"I-94/I-41,  EXIT 322 & SR-100",Oak Creek,WI,444,3.87300,2,3.86700,3.87900,42.885850,-87.863140,city
66299,XTRA MART #10093,SR-146,Millbury,MA,175,3.64900,1,3.64900,3.64900,42.193980,-71.760070,city
66300,PILOT TRAVEL CENTERS #149,"I-40, EXIT 42 & SR-222",Stanton,TN,435,3.50900,1,3.50900,3.50900,35.462300,-89.402020,city
66301,KWIK TRIP #743,US-10 & SR-114,Menasha,WI,582,3.50733,1,3.50733,3.50733,44.202210,-88.446500,city
66303,KWIK TRIP #787,US-51 & CR-JJ,Schofield,WI,395,3.41567,1,3.41567,3.41567,44.909690,-89.604570,city
66307,CM ST HELENA,SR-16,Amite,LA,600,3.39900,1,3.39900,3.39900,30.726570,-90.508980,city
66310,FLYING J #620,"I-70, EXIT 49",Smithton,PA,165,4.10900,1,4.10900,4.10900,40.153960,-79.741150,city
66313,LOVES TRAVEL STOP #313,"I-55, EXIT 58  & SR-80",Matthews,MO,275,3.27733,1,3.27733,3.27733,36.759220,-89.586750,city
66314,PS FOOD MART #1042,"US-23, EXIT 17",Dundee,MI,325,3.49650,4,3.42900,3.59900,41.957270,-83.659660,city
66315,SPEEDWAY #6748,"I-94, EXIT 34 & US-421",Michigan City,IN,465,3.68233,1,3.68233,3.68233,41.707540,-86.895030,city
66316,CASEYS #4204,SR-168,Knoxville,TN,405,3.25900,1,3.25900,3.25900,35.960640,-83.920740,city
66317,LOVES TRAVEL STOP #314,I-24 EXIT 89,Christiana,TN,460,3.46233,1,3.46233,3.46233,35.710070,-86.399440,city
66318,ROAD RANGER #242,"I-44, EXIT 163",Saint Robert,MO,540,3.26400,1,3.26400,3.26400,37.828100,-92.177670,city
66319,ROAD RANGER #211,I-90 & RIVERSIDE BLVD,Loves Park,IL,520,3.46900,1,3.46900,3.46900,42.320020,-89.058160,city
66320,SPEEDWAY #8772,"I-69, EXIT 168 & SR-53",Imlay City,MI,342,3.77900,1,3.77900,3.77900,43.024750,-83.077720,city
66322,LOVES TRAVEL STOP #318,"I-57, EXIT 83 & CR-42",Ina,IL,574,3.48900,3,3.38900,3.58900,38.151160,-88.903960,city
66323,PILOT TRAVEL CENTERS #905- TOWN PUMP,"I-90, EXIT 109",Milltown,MT,820,3.60900,1,3.60900,3.60900,46.871310,-113.881770,city
66328,LOVES TRAVEL STOP #320,"I-16/SR-404, EXIT 49 & SR-257",Dublin,GA,85,3.33233,1,3.33233,3.33233,32.540440,-82.903750,city
66329,CIRCLE K #2723438,"I-85, EXIT 96",Gaffney,SC,210,3.19900,1,3.19900,3.19900,35.071790,-81.649820,city
66332,PWI #172,"I-45, EXIT 258",Palmer,TX,630,2.77567,1,2.77567,2.77567,32.431250,-96.667770,city
66334,Hucks Travel Center #052,"I-24/I-69, EXIT 40 & US-641/US-62/SR-93",Kuttawa,KY,490,3.69900,1,3.69900,3.69900,37.058940,-88.132530,city
66337,ZIP TRIP #60,"I-25, EXIT 299 & US-16/SR-196",Buffalo,WY,836,3.58067,1,3.58067,3.58067,44.348310,-106.698940,city
66338,SHELL,"I-30, EXIT 160 & US-271/SR-49 & US-67",Mount Pleasant,TX,723,3.89900,1,3.89900,3.89900,33.156790,-94.968270,city
66339,PILOT TRAVEL CENTERS #873,US-27,Miami,FL,176,3.69900,2,3.69900,3.69900,25.774270,-80.193660,city
66341,7-ELEVEN #218,"I-44, EXIT 4",Harrold,TX,770,2.68733,1,2.68733,2.68733,34.080650,-99.032300,city
66342,ONE9 #398,"I-75, EXIT 109",Vienna,GA,10,3.10900,1,3.10900,3.10900,32.091560,-83.795450,city
66346,PILOT TRAVEL CENTERS #247,"I-74, EXIT 39 & SR-32",Crawfordsville,IN,375,3.89900,2,3.89900,3.89900,40.041150,-86.874450,city
66348,PIT STOP,I-40 EXIT 221,Wheatley,AR,695,2.99900,1,2.99900,2.99900,34.912870,-91.110120,city
66349,CIRCLE K #2741796,"I-40, EXIT 5",Little Rock,AR,695,3.36567,1,3.36567,3.36567,34.746480,-92.289590,city
66352,KWIK TRIP #871,"US-41, EXIT 124 & SR-76",Oshkosh,WI,582,3.29067,1,3.29067,3.29067,44.024710,-88.542610,city
66353,MOTOMART #3361,"I-55, EXIT 129",Perryville,MO,540,2.98900,1,2.98900,2.98900,37.724220,-89.861220,city
66355,CIRCLE K #2723439,"I-26, EXIT 5",Campobello,SC,30,3.13233,1,3.13233,3.13233,35.115670,-82.150110,city
66357,LOVES TRAVEL STOP #351,"I-80 & E 8TH RD, EXIT 81",Utica,IL,290,3.42900,4,3.28900,3.58900,41.340590,-89.010080,city
66361,SHADY NOOK,US-61/US-49,Lyon,MS,655,3.99900,1,3.99900,3.99900,34.217890,-90.542040,city
66362,TA FLORENCE TRAVEL CENTER,"I-95, EXIT 164 & US-52",Florence,SC,46,3.32567,1,3.32567,3.32567,34.195430,-79.762560,city
66363,LOVES TRAVEL STOP #178,"US-35/KS TPKE, MM 26",Belle Plaine,KS,570,3.32900,1,3.32900,3.32900,37.393910,-97.281150,city
66364,SHELL,"I-4, EXIT 64",Plant City,FL,225,3.44733,1,3.44733,3.44733,28.018880,-82.114690,city
66365,LIBERTY,US-202,Ringoes,NJ,230,3.39900,1,3.39900,3.39900,40.428990,-74.867670,city
66368,PETRO STOPPING CENTER #371,"I-90, EXIT 41",Waterloo,NY,190,4.19567,1,4.19567,4.19567,42.904790,-76.862740,city
66369,LOVES TRAVEL STOP #319,"I-74, EXIT 61",Pittsboro,IN,375,3.88900,1,3.88900,3.88900,39.863930,-86.466940,city
66370,SPEEDWAY #6979,US-301,Wilson,NC,177,3.12900,1,3.12900,3.12900,35.721270,-77.915540,city
66371,RAPIDES STATION TRUCK STOP,"I-49, EXIT 94",Boyce,LA,730,3.09900,1,3.09900,3.09900,31.390460,-92.669310,city
66372,CEFCO #54,"I-35, EXIT 292",Belton,TX,765,2.95233,1,2.95233,2.95233,31.056010,-97.464450,city
66374,BROOKSHIRE BROS #6111,US-259,Nacogdoches,TX,618,3.36900,1,3.36900,3.36900,31.603510,-94.655490,city
66376,SUBS AND GRUBS,"I-63, EXIT 39",Jonesboro,AR,435,3.38900,1,3.38900,3.38900,35.842300,-90.704280,city
66377,QUIKTRIP #873,"I-35W, EXIT 42",Fort Worth,TX,630,2.97567,1,2.97567,2.97567,32.725410,-97.320850,city
66382,STATELINE CONOCO,"I-35, EXIT 114",Eagleville,MO,320,3.54900,1,3.54900,3.54900,40.469170,-93.987170,city
66383,TENAHA EXPRESS MART,US-96 & US-84,Tenaha,TX,618,3.29900,1,3.29900,3.29900,31.943780,-94.244090,city
66385,TA EXPRESS MINDEN,"I-20, EXIT 52",Minden,LA,745,3.11400,1,3.11400,3.11400,32.615430,-93.286840,city
66386,SPEEDWAY #4631,US-220,Bassett,VA,185,3.41567,1,3.41567,3.41567,36.759300,-79.990320,city
66388,Gas n Go,"I-75, EXIT 117 AT MILE 117",Pinehurst,GA,85,3.09900,1,3.09900,3.09900,32.196000,-83.762950,city
66392,MISSILE MART #10,"I-40, EXIT 161",El Dorado,AR,635,3.49900,1,3.49900,3.49900,33.207630,-92.666270,city
66393,VILLAGE PANTRY #5210,"I-74, EXIT 206",Oakwood,IL,280,3.22567,3,3.17900,3.29900,40.116150,-87.778360,city
66396,CIRCLE K #2723988,"I-55, EXIT 61 & SR-38",Kentwood,LA,600,3.29900,1,3.29900,3.29900,30.938240,-90.508980,city
66399,CIRCLE K #2723672,"I-59/I-20, EXIT 128",Birmingham,AL,615,3.69900,1,3.69900,3.69900,33.520660,-86.802490,city
66400,PWI #640,"I-10/US-95, EXIT 5",Ehrenberg,AZ,900,3.35900,1,3.35900,3.35900,33.604190,-114.525230,city
66404,QUICK FUEL #5302,"I-635, EXIT 14",Garland,TX,637,3.08733,1,3.08733,3.08733,32.912620,-96.638880,city
66405,FLYING J FUEL STOP #668,"I-75, EXIT 151",Saginaw,MI,260,3.44400,4,3.28900,3.59900,43.419470,-83.950810,city
66406,LOVES TRAVEL STOPS #317,"I-95, EXIT 4 & SR-629",Skippers,VA,180,3.79500,2,3.78900,3.80100,36.611820,-77.546650,city
66407,CIRCLE K #2723668,SR-35,Fort Payne,AL,615,3.64900,1,3.64900,3.64900,34.444250,-85.719690,city
66410,SIBLEY FOOD FUEL,US-72/SR-20 & CR-150,Courtland,AL,615,3.39900,1,3.39900,3.39900,34.668980,-87.309460,city
66416,DUCK THRU FOOD STORE #18,US-13,Winton,NC,130,3.56233,1,3.56233,3.56233,36.395710,-76.931900,city
66420,PILOT TRAVEL CENTER #911,I-90 EXIT 47,Superior,MT,820,3.55900,1,3.55900,3.55900,47.191590,-114.891800,city
66422,PLAQUEMINE TRUCK STOP,ST 1,Plaquemine,LA,600,3.99900,1,3.99900,3.99900,30.290050,-91.234970,city
66424,CIRCLE K #2741652,"I-10, EXIT 139",Phoenix,AZ,930,3.36900,1,3.36900,3.36900,33.448380,-112.074040,city
66425,CLARK OIL #31,"I-10, EXIT 44",Biloxi,MS,620,2.84900,1,2.84900,2.84900,30.396030,-88.885310,city
66428,SHELL,US-167,Hensley,AR,695,3.58900,1,3.58900,3.58900,34.505370,-92.205700,city
66437,PILOT #4596,"I-81, EXIT 4",White Pine,TN,405,3.69900,1,3.69900,3.69900,36.107590,-83.286830,city
66439,JACK FLASH,I-55,Farmersville,IL,574,3.22900,2,3.19900,3.25900,39.443390,-89.651760,city
66440,BP CONNECT #4701,I-55,Chicago,IL,290,3.56900,1,3.56900,3.56900,41.850030,-87.650050,city
66447,CIRCLE K #4701207,"U-55, EXIT 220",Dwight,IL,399,3.34900,1,3.34900,3.34900,41.094480,-88.425060,city
66448,HAMMOND TRAVEL CENTER,"I-55, EXIT 31B & US-190/SR-3260",Hammond,LA,600,3.09900,1,3.09900,3.09900,30.504630,-90.462930,city
66449,CITGO,"I-55, EXIT 67",Blytheville,AR,435,3.38900,1,3.38900,3.38900,35.927300,-89.918980,city
66451,EZ MART #304,M-57,Middleton,MI,406,3.69900,1,3.69900,3.69900,43.183370,-84.708890,city
66454,Fast Stop Shell,I-10,Reserve,LA,600,3.79900,1,3.79900,3.79900,30.053810,-90.551750,city
66456,TEXACO #383124,SR-70,Saint James,LA,623,2.96900,1,2.96900,2.96900,29.981870,-90.831760,city
66460,CASH MAGIC BROUSSARD NORTH,"I-49, EXIT 103",Broussard,LA,600,3.39900,1,3.39900,3.39900,30.147150,-91.961230,city
66461,YESWAY #1167,US-62 & CR-41/CR-168,Ropesville,TX,700,3.04067,1,3.04067,3.04067,33.413420,-102.154340,city
66465,Knapp Truck Stop,"I-64, EXIT 50 & SR-127",Nashville,IL,574,3.29900,1,3.29900,3.29900,38.343660,-89.380640,city
66470,CIRCLE K #9068,"I-65, EXIT 181",Millbrook,AL,720,3.21567,1,3.21567,3.21567,32.479860,-86.361920,city
66472,DIAMOND #21,"I-65, EXIT 54",Atmore,AL,715,3.25900,1,3.25900,3.25900,31.023790,-87.493870,city
66474,FAMCO EXPRESS,"I-690, EXIT 8",Syracuse,NY,235,3.29900,1,3.29900,3.29900,43.048120,-76.147420,city
66475,SPEEDWAY #4346,SR-7,Calexico,CA,900,4.79900,1,4.79900,4.79900,32.678950,-115.498880,city
66478,LOVES TRAVEL STOP #175,"I-70, EXIT 187",Tecumseh,KS,553,3.28900,1,3.28900,3.28900,39.048060,-95.579150,city
66480,LOVES TRAVEL STOP #360,"I-65, EXIT 58 & SR-218 & SR-335",Horse Cave,KY,415,3.42900,1,3.42900,3.42900,37.179500,-85.906920,city
66487,COMPASS,"I-55, EXIT 282",La Grange,IL,290,3.64900,2,3.54900,3.74900,41.805030,-87.869230,city
66488,HUCKS FOOD & FUEL #54,I-74,Farmer City,IL,280,3.30400,2,3.26900,3.33900,40.243370,-88.642570,city
66495,SUPER SAVER EXPRESS,"I-10, EXIT 21",Sulphur,LA,690,2.99900,1,2.99900,2.99900,30.236590,-93.377380,city
66496,EXXON FUEL EXPRESS,"I-10/SR-8, EXIT 31 & SR-87",Milton,FL,155,3.99900,1,3.99900,3.99900,30.632410,-87.039690,city
66502,SHOP RITE #82,"I-10, EXIT 64",Jennings,LA,690,3.58900,1,3.58900,3.58900,30.222430,-92.657080,city
66504,COUNTRY BOYS COUNTRY STORE,"I-10, EXIT 813",Hankamer,TX,610,2.86567,1,2.86567,2.86567,29.858280,-94.626860,city
66507,ST IGNACE TRUCKSTOP,I-75,Saint Ignace,MI,287,3.79900,1,3.79900,3.79900,45.866140,-84.727510,city
66508,SAMS SUNOCO,I-75,Toledo,OH,550,3.39900,1,3.39900,3.39900,41.663940,-83.555210,city
66509,FOUR STAR FOOD MART,"I-75, EXIT 122",Lima,OH,411,3.14400,1,3.14400,3.14400,40.742550,-84.105230,city
66512,MARATHON #1554,"I-75, EXIT 21",Newport,MI,325,3.34900,2,3.29900,3.39900,42.002270,-83.308540,city
66513,SUNRISE STORE,"I-75, EXIT 212",West Branch,MI,260,3.29900,2,3.19900,3.39900,44.276410,-84.238610,city
66514,BIGFOOT TRAVEL CENTER,"I-75, EXIT 29",Hahira,GA,10,3.09900,1,3.09900,3.09900,30.991310,-83.372660,city
66516,ADEL TRUCK PLAZA,"I-75, EXIT 39",Adel,GA,10,2.99900,1,2.99900,2.99900,31.137270,-83.424080,city
66517,ADMIRAL PETROLEUM #5796,"I-75, EXIT 392",Sault Sainte Marie,MI,287,3.79900,1,3.79900,3.79900,46.495300,-84.345320,city
66518,Racetrac #2622,"I-75, EXIT 60",Valdosta,GA,75,3.03233,1,3.03233,3.03233,30.833340,-83.280320,city
66523,LOVES TRAVEL STOP #325,"I-75, EXIT 59 & SOUTHWELL BLVD",Tifton,GA,10,3.60900,1,3.60900,3.60900,31.450460,-83.508500,city
66525,BP,"I-76, EXIT 6",Luna Pier,MI,550,3.44900,2,3.39900,3.49900,41.806990,-83.442430,city
66527,TA EXPRESS #648,"I-76, EXIT 90A",Brush,CO,800,4.09900,1,4.09900,4.09900,40.258870,-103.623840,city
66528,GO MART FOOD STORE #99,US-50 & SR-14,Parkersburg,WV,430,3.48900,1,3.48900,3.48900,39.266740,-81.561510,city
66529,7-ELEVEN #36076,"I-77, EXIT 73 & US-421",Hamptonville,NC,65,2.89900,1,2.89900,2.89900,36.098470,-80.760350,city
66531,MIDWAY EXXON TRAVEL CENTER,"I-78, EXIT 16",Bethel,PA,70,3.35900,1,3.35900,3.35900,40.474540,-76.291340,city
66532,PETRO PLAZA,"I-78, EXIT 17",Hampton,NJ,115,3.26567,1,3.26567,3.26567,40.707040,-74.956000,city
66534,LOVES TRAVEL STOP #347,"I-70, EXIT 101 & SR-5",Boonville,MO,310,3.50900,1,3.50900,3.50900,38.973640,-92.743240,city
66537,BECKS EXPRESS MART #26,"I-80, EXIT 19",Geneseo,IL,270,3.26900,1,3.26900,3.26900,41.448090,-90.154280,city
66538,KUM & GO #0023,"I-80, EXIT 23",Neola,IA,486,3.15733,1,3.15733,3.15733,41.448880,-95.615560,city
66539,SOUTH RIDGE FARM MARKET,"I-80, EXIT 6",Clyde,OH,550,3.39900,1,3.39900,3.39900,41.304220,-82.975190,city
66547,OLD STONE JIFFY MART,"I-81, EXIT 321",Clear Brook,VA,60,3.59900,1,3.59900,3.59900,39.256490,-78.096110,city
66548,YESWAY #1156,US-84 & SR-289,Lubbock,TX,700,2.95067,1,2.95067,2.95067,33.577860,-101.855170,city
66550,CIRCLE K #2709663,"I-82, EXIT 730",Umatilla,OR,982,3.63900,1,3.63900,3.63900,45.917350,-119.342520,city
66552,GEM STOP,I-84,Marsing,ID,785,3.58567,1,3.58567,3.58567,43.545440,-116.813200,city
66553,JACKSONS FOOD STORE #83,"I-84, EXIT 304",Baker City,OR,982,3.59900,1,3.59900,3.59900,44.774870,-117.834380,city
66556,PILOT TRAVEL CENTER #899- SLIP IN,I-85,South Hill,VA,180,3.95900,1,3.95900,3.95900,36.726530,-78.128890,city
66560,Sunoco,"I-85, EXIT 11",Townville,SC,30,3.19900,1,3.19900,3.19900,34.563710,-82.898480,city
66562,TA EXPRESS FAIR PLAY,"I-85, EXIT 4",Fair Play,SC,16,3.20900,1,3.20900,3.20900,34.511210,-82.985430,city
66564,SPEEDWAY #6954,US-70,High Point,NC,65,3.04900,1,3.04900,3.04900,35.955690,-80.005320,city
66565,KWIK FILL #395,"I-86, EXIT 12",Jamestown,NY,240,4.48400,2,4.46900,4.49900,42.097000,-79.235330,city
66571,LEXINGTON GULF,"I-128, NORTH MASS PIKE",Lexington,MA,34,4.29900,1,4.29900,4.29900,42.447320,-71.224500,city
66573,Brake Time Corner Market,"I-135, EXIT 14",Wichita,KS,570,3.29900,1,3.29900,3.29900,37.692240,-97.337540,city
66579,GULF OIL LP #5010,"I-90, EXIT 2",Lee,MA,215,3.91400,1,3.91400,3.91400,42.304250,-73.248160,city
66582,PWI #807,"I-15, EXIT 163 & SR-99",Fillmore,UT,835,3.37400,1,3.37400,3.37400,38.968850,-112.323550,city
66584,MOAPA PAIUTE TRAVEL CENTER,"I-15, EXIT 75",Moapa,NV,910,3.33233,1,3.33233,3.33233,36.675800,-114.620820,city
66586,CIRCLE K #4707609,US-20 & SR-12,Sangerfield,NY,235,4.09900,1,4.09900,4.09900,42.913960,-75.379060,city
66588,CUBBYS #402,"I-90, EXIT 330",Mitchell,SD,530,3.14900,1,3.14900,3.14900,43.709430,-98.029800,city
66594,FRIENDLY GUS STORE #23,I-16/SR-19,Dublin,GA,85,3.39900,1,3.39900,3.39900,32.540440,-82.903750,city
66595,GULF OIL LP #5040,"I-90, EXIT 9",Charlton,MA,34,3.90900,1,3.90900,3.90900,42.135650,-71.970070,city
66597,BP,"I-16, EXIT 90 & US-1",Twin City,GA,195,3.78233,1,3.78233,3.78233,32.582940,-82.155120,city
66598,WOODSHED LL,I-166 & I-169,S Coffeyville,OK,307,3.09900,1,3.09900,3.09900,36.994520,-95.620260,city
66601,LOVES TRAVEL STOP #323,"I-69, EXIT 264 & SR-18",Marion,IN,457,3.57567,1,3.57567,3.57567,40.558370,-85.659140,city
66603,COFFEE CUP FUEL STOP #7,"I-90, EXIT 406 & SR-11",Brandon,SD,530,2.97733,1,2.97733,2.97733,43.594700,-96.571990,city
66604,GALLOPS,"I-90, I-80, EXIT 40",La Porte,IN,370,3.54900,1,3.54900,3.54900,41.607740,-86.713890,city
66606,BART INDUSTRIES,"I-91, EXIT 6",Bellows Falls,VT,215,3.70900,1,3.70900,3.70900,43.133410,-72.443980,city
66607,7-ELEVEN #37392,"I-93, EXIT 5",Londonderry,NH,34,3.79900,1,3.79900,3.79900,42.865090,-71.373950,city
66608,CASEYS #2650,I-94/US-52 EXIT 135 & CR-173,Melrose,MN,522,3.17900,1,3.17900,3.17900,45.674690,-94.807520,city
66612,STOP N GO #1709,"I-94, EXIT 105",Hixton,WI,295,3.23733,1,3.23733,3.23733,44.385790,-91.014320,city
66613,LOVES TRAVEL STOP #362,"I-10, EXIT 7 & SR-3063",Vinton,LA,690,3.30567,1,3.30567,3.30567,30.190760,-93.581270,city
66614,MARATHON,"I-94, EXIT 212A",Detroit,MI,325,3.79900,2,3.69900,3.89900,42.331430,-83.045750,city
66615,KWIK TRIP #396,"I-94, EXIT 295",Waukesha,WI,444,3.39900,1,3.39900,3.39900,43.011680,-88.231480,city
66618,CIRCLE K #2723378,I-95,Sumter,SC,42,3.15900,1,3.15900,3.15900,33.920440,-80.341470,city
66620,Shell,"I-95, EXIT 130",Ashland,VA,180,3.26400,1,3.26400,3.26400,37.759030,-77.479980,city
66622,DUNCAN TRUCK STOP,"I-95, EXIT 15",Jersey City,NJ,115,3.40900,1,3.40900,3.40900,40.728160,-74.077640,city
66624,Sunoco,"I-95, EXIT 25",Croydon,PA,160,3.65900,1,3.65900,3.65900,40.087330,-74.903500,city
66625,EXIT 43 QUICK STOP,"I-95, EXIT 43",Richmond,ME,170,3.76567,1,3.76567,3.76567,44.087300,-69.798930,city
66628,Chevron,"I-95, EXIT 5 & US-17",Hardeeville,SC,42,3.00733,1,3.00733,3.00733,32.287140,-81.080670,city
66631,SPEEDWAY #3589,I-96,Lake Odessa,MI,342,3.59900,1,3.59900,3.59900,42.784760,-85.138340,city
66632,SHELL FOOD MART AND TRUCKSTOP,I-985,Gainesville,GA,16,3.39900,1,3.39900,3.39900,34.297880,-83.824070,city
66635,C  BARN,US-67,Park Hills,MO,540,3.04900,1,3.04900,3.04900,37.854220,-90.518180,city
66637,BERKLYS TRAVEL CENTER,US-281,Round Mountain,TX,595,3.31567,1,3.31567,3.31567,30.431580,-98.344740,city
66640,Kent Kwik #928,US-82/SR-6 & SR-5/SR-25,Brent,AL,615,3.09900,1,3.09900,3.09900,32.937350,-87.164720,city
66643,DEERFIELD TRAVEL CENTER,"I-55, EXIT 8",Steele,MO,275,2.97567,1,2.97567,2.97567,36.083960,-89.829250,city
66645,ALLSUPS #2390,"I-20/US-84, EXIT 270",Merkel,TX,575,2.87567,1,2.87567,2.87567,32.470680,-100.012870,city
66648,CHEVRON,"I-20, EXIT 113",Bessemer,AL,615,3.09900,1,3.09900,3.09900,33.401780,-86.954440,city
66649,CHOCTAW TRAVEL PLAZA #637,US-59 & CR-E1452,Heavener,OK,645,3.29900,1,3.29900,3.29900,34.889270,-94.600780,city
66659,MARATHON,SR-37,Mitchell,IN,415,3.59900,1,3.59900,3.59900,38.732830,-86.473600,city
66664,CASEYS #3294,"I-380/SR-27, EXIT 43 & SR-150",Urbana,IA,380,3.44900,1,3.44900,3.44900,42.224160,-91.874340,city
66667,CIRCLE K #4701408,"I-36, EXIT 99",Rochelle,IL,520,3.49900,1,3.49900,3.49900,41.923920,-89.068710,city
66668,ACME TRUCK STOP,"I-4, EXIT 96",Orlando,FL,140,3.39900,1,3.39900,3.39900,28.538340,-81.379240,city
66669,CIRCLE K #2726032,I-40,Jacksonville,FL,75,3.42900,1,3.42900,3.42900,30.332180,-81.655650,city
66670,SPEEDWAY #7930,"I-40, 1126 N MAIN ST",Lillington,NC,63,3.75900,1,3.75900,3.75900,35.399330,-78.815850,city
66671,CIRCLE K #2723686,US-72,Scottsboro,AL,285,3.26567,1,3.26567,3.26567,34.672310,-86.034150,city
66673,MARATHON,SR-72,Huntsville,AL,615,2.97900,1,2.97900,2.97900,34.730400,-86.585940,city
66676,HUTCH'S #118,"I-40, EXIT 108",Watonga,OK,483,3.09900,1,3.09900,3.09900,35.844770,-98.413130,city
66678,NKS ROYAL TRUCKSTOP,"I-40, EXIT 16",Gallup,NM,580,3.11900,1,3.11900,3.11900,35.528080,-108.742580,city
66680,BIG TOP TRAVEL CENTER,"I-20, EXIT 157",Delhi,LA,760,2.96900,1,2.96900,2.96900,32.457640,-91.493170,city
66683,SUPERSTOP Shell,"I-40, EXIT 192",Stuttgart,AR,695,3.41567,1,3.41567,3.41567,34.500370,-91.552630,city
66689,ROSCOE TRAVEL PLAZA,"I-20, EXIT 235",Roscoe,TX,575,2.75900,1,2.75900,2.75900,32.445950,-100.538720,city
66693,Allsup Marketplace #2400,"I-40, EXIT 356",San Jon,NM,585,3.05900,1,3.05900,3.05900,35.107560,-103.328560,city
66705,7-ELEVEN,"I-44, EXIT 1/US-287",Wichita Falls,TX,770,2.76067,1,2.76067,2.76067,33.913710,-98.493390,city
66709,CIRCLE K #2709343,"I-24, EXIT 169",Wildwood,GA,285,3.14567,1,3.14567,3.14567,34.963410,-85.411070,city
66715,7-Eleven #34210,"I-25/US-87, EXIT 240 & SR-119",Longmont,CO,800,3.18900,1,3.18900,3.18900,40.167210,-105.101930,city
66717,Fast Stop Travel Centers #1131,"I-25/US-87, EXIT 80",Wheatland,WY,795,3.49900,1,3.49900,3.49900,42.054070,-104.952950,city
66718,Bartonville SHELL,"I-474, EXIT 6",Peoria,IL,368,4.29900,1,4.29900,4.29900,40.693650,-89.588990,city
66720,MOUNTAIN ENERGY #126,"I-26, EXIT 13",Hendersonville,NC,210,2.84567,1,2.84567,2.84567,35.318730,-82.460950,city
66721,USA SPEEDTRAC,"I-49US-167, EXIT 11",Grand Coteau,LA,730,3.39900,1,3.39900,3.39900,30.419920,-92.046510,city
66725,SPEEDWAY #9662,I-264,Louisville,KY,415,3.02900,1,3.02900,3.02900,38.254240,-85.759410,city
66728,CIRCLE K #2723706,"I-81/US-52, EXIT 72 & I-77, EXIT 41",Wytheville,VA,185,3.34900,1,3.34900,3.34900,36.948450,-81.084810,city
66734,Marathon,"I-675, Exit 7",Ellenwood,GA,18,3.00900,1,3.00900,3.00900,33.610110,-84.287980,city
66737,THE JUNCTION,US-59 & US-73,Atchison,KS,400,3.27900,1,3.27900,3.27900,39.563050,-95.121640,city
66738,TREX MART #9,I-29,Dearborn,MO,400,2.99900,1,2.99900,2.99900,39.521940,-94.769960,city
66739,ZIP TRIP #64,I-29,Brookings,SD,530,3.39900,1,3.39900,3.39900,44.311360,-96.798390,city
66741,DEANS LANE VALERO,I-295,Monmouth Junction,NJ,230,3.14567,1,3.14567,3.14567,40.379000,-74.546540,city
66742,DEEP WATER TRUCK STOP,"I-295, EXIT 2C",Penns Grove,NJ,230,3.27900,1,3.27900,3.27900,39.729560,-75.467970,city
66746,CASEYS #4246,"I-30, EXIT 123",Bryant,AR,695,3.03233,1,3.03233,3.03233,34.595930,-92.489050,city
66747,LOVES TRAVEL STOP #322,"I-90, EXIT 3",Roscoe,IL,290,3.78900,1,3.78900,3.78900,42.413350,-89.009270,city
66749,BIG RIVER #18,"I-310 EXIT 2, & US-61",Saint Rose,LA,725,3.09900,1,3.09900,3.09900,29.946870,-90.323130,city
66750,LOVES TRAVEL STOP #177,I-35,El Dorado,KS,336,3.25567,1,3.25567,3.25567,37.817240,-96.862250,city
66751,FAST N FRIENDLY,"I-35, EXIT 132",Emporia,KS,336,3.65733,1,3.65733,3.65733,38.403900,-96.181660,city
66756,CASEYS #2550,"I-35, EXIT 33 & US-34",Osceola,IA,320,3.33900,1,3.33900,3.33900,41.033890,-93.765500,city
66760,LOVES TRAVEL STOP #326,I-26 EXIT 154A,Orangeburg,SC,135,3.38900,1,3.38900,3.38900,33.491820,-80.855650,city
66761,SPEEDWAY #4589,US-501 & SR-90,Conway,SC,205,3.06400,1,3.06400,3.06400,33.836000,-79.047810,city
66762,EXXON TIGER MART #44,"US-45,  EXIT 249",Ennis,TX,637,3.09900,1,3.09900,3.09900,32.329310,-96.625270,city
66763,SPEEDWAY #7998,US-52 & US-74,Wadesboro,NC,46,3.64567,1,3.64567,3.64567,34.968210,-80.076730,city
66765,STRIPES #40736,US-77/US-83,Olmito,TX,598,2.99900,1,2.99900,2.99900,26.021740,-97.534150,city
66767,SPRINT MART #49,"I-22/US-78, EXIT 87 & SR-811",Tupelo,MS,742,2.99233,1,2.99233,2.99233,34.258070,-88.704640,city
66769,PETRO STOPPING CENTER #344,"I-95, EXIT 3",Kingsland,GA,75,3.64900,1,3.64900,3.64900,30.799960,-81.689830,city
66771,FLYING J TRAVEL PLAZA #727,"I-69C/US-281, EXIT 8 & FM-1925",Edinburg,TX,639,3.08400,1,3.08400,3.08400,26.301740,-98.163340,city
66773,STRIPES 7FLEET #42475,US-62,Hobbs,NM,700,3.45900,1,3.45900,3.45900,32.702610,-103.136040,city
66774,Clark #4667,"I-80/I-90, EXIT 39 & SR-109",Delta,OH,550,3.69900,1,3.69900,3.69900,41.573660,-84.005220,city
66775,GO MART,US-33 & CR-116,Rockbridge,OH,315,3.49900,1,3.49900,3.49900,39.579790,-82.522100,city
66776,S&G #77,US-224 & US-23,Alvada,OH,411,3.25900,1,3.25900,3.25900,41.050330,-83.401870,city
66778,LOVES TRAVEL STOP #169,"I-44, EXIT 179 & US-377/SR-99",Stroud,OK,560,3.14400,1,3.14400,3.14400,35.748680,-96.658070,city
66780,DIAMOND #20,"I-65, EXIT 93 & SR-84",Evergreen,AL,720,3.39900,1,3.39900,3.39900,31.433500,-86.956920,city
66784,Texaco #384529,US-80/SR-8 & SR-14,Selma,AL,720,3.29900,1,3.29900,3.29900,32.407360,-87.021100,city
66785,WINFIELD TRUCK STOP,SR-129,Winfield,AL,615,3.65900,1,3.65900,3.65900,33.928990,-87.817250,city
66786,Circle K #2741791,"I-40, EXIT 175 & SR-31",Lonoke,AR,695,3.13900,1,3.13900,3.13900,34.783980,-91.899860,city
66787,TEXACO,"I-59, EXIT 67B",Hattiesburg,MS,620,3.06567,1,3.06567,3.06567,31.327120,-89.290340,city
66788,CIRCLE K #4703626,"I-75, EXIT 60 & SR-68",Sweetwater,TN,285,3.28900,1,3.28900,3.28900,35.601460,-84.461040,city
66793,CIRCLE K #2723693,"I-526, EXIT 19 & SR-10-60",Charleston,SC,42,2.97567,1,2.97567,2.97567,32.776320,-79.932750,city
66795,FUEL MART #645,"I-90, EXIT 353",Spencer,SD,530,3.49900,1,3.49900,3.49900,43.727480,-97.593120,city
66796,ROYAL FARMS #109,US-13 & SR-404,Bridgeville,DE,243,3.25900,1,3.25900,3.25900,38.742610,-75.604370,city
66799,SHELL DBA ONE9 #1403,"I-75/SR-93, EXIT 451 & US-129",Jasper,FL,10,3.25150,2,3.24400,3.25900,30.518270,-82.948190,city
66800,CIRCLE K #2743950,I-35,San Antonio,TX,740,2.80400,1,2.80400,2.80400,29.424120,-98.493630,city
66801,SUNSTOP #330,"I-75, EXIT 460 & SR-6",Jennings,FL,75,3.29900,1,3.29900,3.29900,30.604100,-83.097920,city
66802,MOBIL,US-27 & SR-66,Sebring,FL,140,3.45900,1,3.45900,3.45900,27.495590,-81.440910,city
66803,Stripes,FM-2061 & FM-3072,Pharr,TX,639,3.16567,1,3.16567,3.16567,26.194800,-98.183620,city
66804,PWI #586,"I-80, EXIT 104  & US-191",Rock Springs,WY,835,3.19900,1,3.19900,3.19900,41.587460,-109.202900,city
66805,CIRCLE K #2723553,US-27,Ringgold,GA,285,3.07567,1,3.07567,3.07567,34.915910,-85.109120,city
66807,QUICK FUEL #5303,"I-35E, EXIT 436A",Dallas,TX,637,3.04567,1,3.04567,3.04567,32.783060,-96.806670,city
66809,CASEYS #3449,SR-78,Wapello,IA,380,3.34900,1,3.34900,3.34900,41.181420,-91.185430,city
66810,QUICK FUEL #3145,SR-83,Bensenville,IL,290,3.49900,3,3.44900,3.53900,41.955030,-87.940070,city
66812,FAMILY EXPRESS #47 (DISCOUNT AVAILABLE),"I-65, EXIT 201 & US-24/US-231",Remington,IN,375,3.55233,1,3.55233,3.55233,40.760870,-87.150850,city
66813,MCCLURE OIL #59,I-69 EXIT 259,Gas City,IN,457,3.63900,1,3.63900,3.63900,40.487260,-85.613030,city
66815,MAXS #132,US-641 N,Murray,KY,490,3.39900,1,3.39900,3.39900,36.610330,-88.314760,city
66816,CIRCLE K #4707082,"I-95, EXIT 132 & SR-139",Fairfield,ME,170,3.89900,1,3.89900,3.89900,44.588400,-69.598660,city
66817,JOLLY TRUCK STOP,US-82/US-287,Wichita Falls,TX,770,2.89900,1,2.89900,2.89900,33.913710,-98.493390,city
66819,ROAD RANGER #265,"I-88, EXIT 54",Dixon,IL,520,3.48900,2,3.47900,3.49900,41.838920,-89.479550,city
66820,CM BREAUX BRIDGE,"I-10, EXIT 109",Breaux Bridge,LA,600,3.29900,1,3.29900,3.29900,30.273530,-91.899280,city
66821,DENTON GOOSE CREEK,SR-404/SR-619,Denton,MD,194,3.25900,1,3.25900,3.25900,38.884560,-75.827160,city
66822,WILD BILL'S,I-78,Sherman,MS,435,2.91900,1,2.91900,2.91900,34.359270,-88.841170,city
66824,STRIPES #42435,US-87/US-277,San Angelo,TX,740,2.79900,1,2.79900,2.79900,31.463770,-100.437040,city
66833,STRIPES #5148,US-281,Pharr,TX,639,3.39900,1,3.39900,3.39900,26.194800,-98.183620,city
66834,ROAD RANGER #186,"I-39/US-51, EXIT 27 & SR-2/CR-2200",Minonk,IL,280,3.40900,3,3.33900,3.44900,40.904480,-89.034520,city
66838,RUTTERS #96,US-322 & SR-655,Milroy,PA,14,4.05067,1,4.05067,4.05067,40.713960,-77.590550,city
66843,FLYING J TRAVEL PLAZA #728,"I-10, EXIT 37",El Paso,TX,640,3.09233,1,3.09233,3.09233,31.758720,-106.486930,city
66844,CIRCLE K #2706984,US-77 & CR-1356,Kingsville,TX,625,2.82233,1,2.82233,2.82233,27.515870,-97.856110,city
66845,CIRCLE K #2723643,SR-431,Dothan,AL,20,3.58233,1,3.58233,3.58233,31.223230,-85.390490,city
66846,CIRCLE K #2723664,US-280,Childersburg,AL,615,3.89900,1,3.89900,3.89900,33.278170,-86.354980,city
66847,CIRCLE K #2723667,"I-20, EXIT 185 & SR-21",Oxford,AL,615,2.99900,1,2.99900,2.99900,33.614270,-85.834960,city
66848,CIRCLE K #2723695,"I-55, EXIT 265",Senatobia,MS,435,3.19900,1,3.19900,3.19900,34.617600,-89.968700,city
66850,Stripes,ST 77,Riviera,TX,625,3.12567,1,3.12567,3.12567,27.298650,-97.815000,city
66853,LOVES TRAVEL STOP #327,US-77 & FM-1898,Kingsville,TX,625,3.15567,1,3.15567,3.15567,27.515870,-97.856110,city
66854,TA WAPAKONETA TRAVEL CENTER,"I-75, EXIT 111",Wapakoneta,OH,411,3.28233,1,3.28233,3.28233,40.567830,-84.193560,city
66856,Speedway #4800,"I-94, EXIT 183",Clearwater,MN,453,3.19900,1,3.19900,3.19900,45.419410,-94.048870,city
66858,LOVES TRAVEL STOP #328,"I-10, EXIT 162",Chandler,AZ,930,3.46900,1,3.46900,3.46900,33.306160,-111.841250,city
66862,LOVES TRAVEL STOP #330,I-40 EXIT 280 & SR-56,Baxter,TN,460,3.23400,1,3.23400,3.23400,36.153670,-85.643590,city
66863,101 TRAVEL PLAZA,"I-40, EXIT 101 & SR-104",Cedar Grove,TN,435,2.99900,1,2.99900,2.99900,35.644240,-86.626110,city
66865,FLYING J FUEL STOP #741,US-287/US-281/US-82 & SR-473,Wichita Falls,TX,770,3.12567,1,3.12567,3.12567,33.913710,-98.493390,city
66867,KWIK STAR #212,"US-61, EXIT 156",Maquoketa,IA,335,3.62400,1,3.62400,3.62400,42.068910,-90.665690,city
66868,STRIPES #40604,US-83,Mission,TX,639,2.88233,1,2.88233,2.88233,26.215910,-98.325290,city
66869,SPEEDWAY #4630,US-220 BUS & CR-782,Ridgeway,VA,185,3.40900,1,3.40900,3.40900,36.989310,-79.482530,city
66870,PETRO STOPPING CENTER NAPOLEON,"US-24/US-6/CR-3, EXIT 41",Napoleon,OH,550,3.70567,1,3.70567,3.70567,41.392270,-84.125220,city
66874,FLYING J TRAVEL PLAZA #733,"I-27, EXIT 4 & US-82",Lubbock,TX,700,3.33233,1,3.33233,3.33233,33.577860,-101.855170,city
66876,PILOT TRAVEL CENTERS #156,SR-1633 & SR-813 & SR-9004,Mortons Gap,KY,490,3.62900,1,3.62900,3.62900,37.236710,-87.475280,city
66877,PILOT TRAVEL CENTER #916- TOWN PUMP,US-93 & US-12,Lolo,MT,820,3.60900,1,3.60900,3.60900,46.758810,-114.080940,city
66878,PILOT TRAVEL CENTER #915- TOWN PUMP,"I-90, EXIT 455",Billings,MT,780,3.58067,1,3.58067,3.58067,45.783290,-108.500690,city
66879,TA EXPRESS,"I-40, EXIT 101",Atkins,AR,695,3.34067,1,3.34067,3.34067,35.246470,-92.936560,city
66880,LOVES TRAVEL STOP #324,I-80 EXIT 242 & SR 339,Mifflinville,PA,138,3.96567,1,3.96567,3.96567,41.032310,-76.307990,city
66881,PLAZAGO TRUCKSTOP,US-50/SR-61 & SR-96/SR-14,South Hutchinson,KS,570,3.26900,1,3.26900,3.26900,38.028070,-97.940330,city
66888,LOVES TRAVEL STOP #334,"I-84, EXIT 211 & US-30/SR-24",Heyburn,ID,785,3.89233,1,3.89233,3.89233,42.558520,-113.763900,city
66890,CASEYS #4223,US-25E,Middlesboro,KY,405,3.48900,1,3.48900,3.48900,36.608420,-83.716580,city
66892,LOVES TRAVEL STOP #336,"I-94, EXIT 112",Marshall,MI,385,3.57400,4,3.48900,3.64900,42.272260,-84.963310,city
66893,ONE9 #1291,US-287 & CR-174,Bowie,TX,770,2.91233,1,2.91233,2.91233,33.559000,-97.848650,city
66894,PILOT TRAVEL CENTERS #259,US-69,Muskogee,OK,560,3.32233,1,3.32233,3.32233,35.747880,-95.369690,city
66895,TA Express Tonkawa,"I-35, EXIT 40 & US-60",Tonkawa,OK,500,3.29400,1,3.29400,3.29400,36.678370,-97.310040,city
66897,FLYING J TRAVEL PLAZA #604,"I-65, EXIT 158",Hope Hull,AL,720,3.30900,1,3.30900,3.30900,32.269860,-86.357190,city
66898,PILOT TRAVEL CENTERS #384,"I-95, EXIT 58",Colonial Heights,VA,180,3.79900,1,3.79900,3.79900,37.268040,-77.407260,city
66899,LOVES TRAVEL STOP #333,"I-77, EXIT 83",Fort Mill,SC,46,3.38067,1,3.38067,3.38067,35.007370,-80.945080,city
66900,DODGE CITY PETRO #397,"I-65, EXIT 299 & SR-69",Hanceville,AL,615,3.91900,1,3.91900,3.91900,34.060650,-86.767500,city
66902,CIRCLE K #4707239,SR-103,Warner,NH,170,3.93233,1,3.93233,3.93233,43.280630,-71.816750,city
66905,CIRCLE K #4707212,SR-27,Raymond,NH,170,3.75900,1,3.75900,3.75900,43.036200,-71.183400,city
66906,LOVES TRAVEL STOP #331,"I-45, EXIT 272",Hutchins,TX,630,3.10233,1,3.10233,3.10233,32.649300,-96.713050,city
66908,CIRCLE K #2723708,"I-81, EXIT 77",Wytheville,VA,65,3.36567,1,3.36567,3.36567,36.948450,-81.084810,city
66911,LOVES TRAVEL STOP #343,"I-20 & I-59, EXIT 165",Toomsuba,MS,705,3.00900,1,3.00900,3.00900,32.418470,-88.506980,city
66912,LOVES TRAVEL STOPS #335,"I-15, EXIT 62 & SR-130",Cedar City,UT,910,3.66300,2,3.64900,3.67700,37.677480,-113.061890,city
66914,FLYING J TRAVEL PLAZA #683,"I-95, EXIT 106",Kenly,NC,205,3.70900,1,3.70900,3.70900,35.596270,-78.124160,city
66915,CIRCLE K #2723716,"I-81, EXIT 84",Max Meadows,VA,185,3.46233,1,3.46233,3.46233,36.970400,-80.949530,city
66918,MINIT MART #647,"I-39, EXIT 35 & SR-17",Wenona,IL,280,3.52400,2,3.49900,3.54900,41.052530,-89.050360,city
66920,7-ELEVEN #35562,"I-85, EXIT 32",Charlotte,NC,46,3.37900,1,3.37900,3.37900,35.227090,-80.843130,city
66921,LOVES TRAVEL STOP #338,"I-95/SR-405, EXIT 90 & SR-144",Richmond Hill,GA,195,3.36400,1,3.36400,3.36400,31.938270,-81.303440,city
66922,LOVES TRAVEL STOPS #339,"I-20, EXIT 115 & FM-1882",Odessa,TX,710,3.54900,2,3.54900,3.54900,31.845680,-102.367640,city
66923,LOVES TRAVEL STOP #765,"I-85, EXIT 147",Commerce,GA,16,3.21067,1,3.21067,3.21067,34.204000,-83.457110,city
66925,FLYING J TRAVEL PLAZA #714,"I-77, EXIT 73",Rock Hill,SC,46,3.39900,1,3.39900,3.39900,34.924870,-81.025080,city
66927,PILOT TRAVEL CENTERS #41,I-64 EXIT 113 SE QUAD,Mount Sterling,KY,410,3.76400,2,3.75900,3.76900,38.056470,-83.943260,city
66928,FLYING J TRAVEL PLAZA #730,"I-35/US-83, EXIT 13",Laredo,TX,693,3.59900,1,3.59900,3.59900,27.506410,-99.507540,city
66929,FLYING J TRAVEL PLAZA #642,"I-255,  EXIT 17",East Saint Louis,IL,540,3.54650,4,3.38900,3.69900,38.624500,-90.150940,city
66931,CASEYS #3896,"I-380, EXIT 35",Center Point,IA,380,3.44900,1,3.44900,3.44900,42.190830,-91.785180,city
66932,CIRCLE K #4701444,US-34 & SR-164,Monmouth,IL,345,3.42400,2,3.39900,3.44900,40.911430,-90.647360,city
66935,FRANCIS CREEK TRAVEL PLAZA,SR-41,Francis Creek,WI,444,3.38400,1,3.38400,3.38400,44.199440,-87.721480,city
66937,LOVES TRAVEL STOP #341,"I-44, EXIT 189",Rolla,MO,540,3.30067,1,3.30067,3.30067,37.951430,-91.771270,city
66939,KWIK TRIP #416,SR-172 & CR-GV,De Pere,WI,582,3.39067,1,3.39067,3.39067,44.448880,-88.060380,city
66941,PILOT TRAVEL CENTERS #367,"I-30, EXIT 87 & 88",Caddo Mills,TX,630,3.16900,1,3.16900,3.16900,33.065670,-96.227760,city
66942,MAVERIK COUNTRY STORE #612,"I-15, EXIT 362",Brigham City,UT,835,3.44900,1,3.44900,3.44900,41.510210,-112.015500,city
66944,LOVES TRAVEL STOPS #316,"I-95, EXIT 273 & US-1",Ormond Beach,FL,75,3.48300,2,3.47700,3.48900,29.285810,-81.055890,city
66945,PILOT TRAVEL CENTERS #159,"I-64, EXIT 211",Providence Forge,VA,180,3.89900,1,3.89900,3.89900,37.441810,-77.043580,city
66948,CIRCLE K #4707618,"I-481, EXIT 8 & CR-82",East Syracuse,NY,220,3.79900,1,3.79900,3.79900,43.065340,-76.078530,city
66951,BERKLYS TRAVEL CENTER #3,US-377/US-87,Brady,TX,575,3.61567,1,3.61567,3.61567,31.135170,-99.335060,city
66953,LOVES TRAVEL STOP #355,"I-65, EXIT 16",Memphis,IN,415,3.94900,1,3.94900,3.94900,38.483400,-85.761630,city
66954,LOVES TRAVEL STOP #344,I-240 EXIT 21 & US-78/SR-4,Memphis,TN,435,3.24900,1,3.24900,3.24900,35.149530,-90.048980,city
66955,LOVES TRAVEL STOP #349,"I-8, EXIT 3",Yuma,AZ,900,3.50233,1,3.50233,3.50233,32.725320,-114.624400,city
66956,LOVES TRAVEL STOP #348,"I-69/I-24, EXIT 27 & US-62",Calvert City,KY,490,3.68900,1,3.68900,3.68900,37.033390,-88.350040,city
66957,LOVES TRAVEL STOP #346,I-65 EXIT 46 & SR-99,Columbia,TN,460,3.78900,1,3.78900,3.78900,35.615070,-87.035280,city
66959,PILOT TRAVEL CENTERS #388,"I-20 & I-59, EXIT 151",Meridian,MS,705,2.97900,1,2.97900,2.97900,32.364310,-88.703660,city
66961,CIRCLE K #2707020,"I-4, EXIT 32 & US-98/SR-700/SR-35",Lakeland,FL,225,3.41400,1,3.41400,3.41400,28.039470,-81.949800,city
66962,PILOT TRAVEL CENTERS #242,"I-74, EXIT 109",Shelbyville,IN,375,3.99900,2,3.99900,3.99900,39.521440,-85.776920,city
66963,SPARTA TRAVEL CENTER,"I-90, EXIT 28",Sparta,WI,420,3.17900,1,3.17900,3.17900,43.944130,-90.812910,city
66964,PILOT TRAVEL CENTERS #239,US-30/US-23,Upper Sandusky,OH,411,3.89900,1,3.89900,3.89900,40.827280,-83.281310,city
66965,EATONTON TRAVEL CENTER,US-441/US/129/SR-24,Eatonton,GA,67,3.24900,1,3.24900,3.24900,33.326800,-83.388500,city
66966,LOVES TRAVEL STOP #352,I-71 EXIT 65,Jeffersonville,OH,315,3.42233,1,3.42233,3.42233,39.653670,-83.563810,city
66968,FLYING J TRAVEL PLAZA #675,US-136 & SR-27,Wayland,MO,345,3.30567,1,3.30567,3.30567,40.394490,-91.583210,city
66972,PETRO STOPPING CENTER #339,"I-90, EXIT 272",Spokane,WA,970,3.97900,2,3.95900,3.99900,47.659660,-117.429080,city
66987,LOVES TRAVEL STOP #354,"US-78 & I-20, EXIT 172",Thomson,GA,135,3.84900,1,3.84900,3.84900,33.470690,-82.504570,city
66993,PILOT TRAVEL CENTERS #198,US-30 & US-31,Plymouth,IN,465,3.86400,2,3.85900,3.86900,41.343660,-86.309730,city
66994,PILOT TRAVEL CENTERS #303,US-24/US-6 & SR-108,Napoleon,OH,550,3.71067,1,3.71067,3.71067,41.392270,-84.125220,city
66995,PILOT TRAVEL CENTERS #322,"I-86, EXIT 37",Bath,NY,190,4.49900,1,4.49900,4.49900,42.337020,-77.317760,city
66997,LOVES TRAVEL STOP #289,"I-20, EXIT 49 & SR-531",Minden,LA,745,3.14900,1,3.14900,3.14900,32.615430,-93.286840,city
67008,TA ST LOUIS EAST TRAVEL CENTER,"I-55, EXIT 18",Troy,IL,574,3.49900,6,3.37900,3.62900,38.729210,-89.883150,city
67009,PILOT TRAVEL CENTERS #407,"I-35, EXIT 194",Clear Lake,IA,433,3.65900,2,3.65900,3.65900,43.138020,-93.379370,city
67030,LOVES TRAVEL STOP #337,"I-90 & I-35, EXIT 11",Albert Lea,MN,515,4.08900,1,4.08900,4.08900,43.648010,-93.368270,city
67034,LOVES TRAVEL STOP #356,"I-75, EXIT 167",North Baltimore,OH,550,3.34733,1,3.34733,3.34733,41.182830,-83.678270,city
67037,LOVES TRAVEL STOP #332,I-71 EXIT 204,Burbank,OH,305,3.68900,1,3.68900,3.68900,40.988670,-81.994870,city
67038,PILOT TRAVEL CENTERS #260,US-82/SR-520 & SR-300,Albany,GA,10,3.79900,2,3.79900,3.79900,31.578510,-84.155740,city
67039,ROAD RANGER #145,"I-44, EXIT 275",Fenton,MO,540,3.35900,1,3.35900,3.35900,38.513110,-90.435950,city
67040,FLYING J TRAVEL PLAZA #603,US-431/SR-210 & US-231/SR-1,Dothan,AL,20,3.99900,1,3.99900,3.99900,31.223230,-85.390490,city
67041,CIRCLE K #4707040,"I-95, EXIT 133 & US-201",Skowhegan,ME,170,3.72567,1,3.72567,3.72567,44.765060,-69.719220,city
67044,PILOT TRAVEL CENTER #1212,"I-10, EXIT 45",Salome,AZ,930,3.95900,2,3.95900,3.95900,33.781140,-113.614650,city
67047,Circle K #2746490,"I-90, EXIT 332",Mitchell,SD,455,3.06400,1,3.06400,3.06400,43.709430,-98.029800,city
67051,PILOT TRAVEL CENTERS #208,"I-44, EXIT 257",Pacific,MO,540,3.32400,1,3.32400,3.32400,38.482000,-90.741520,city
67053,TA LAREDO TRAVEL CENTER,"I-35/US-83, EXIT 13",Laredo,TX,693,3.64900,1,3.64900,3.64900,27.506410,-99.507540,city
67054,LOVES TRAVEL STOPS #436,"I-80, EXIT 118",Salt Lake City,UT,835,3.71300,2,3.64900,3.77700,40.760780,-111.891050,city
67055,FLYING J TRAVEL PLAZA #641,I-15,Mccammon,ID,825,3.74900,1,3.74900,3.74900,42.650470,-112.193020,city
67056,Arco,US-2 & US-59,Erskine,MN,355,3.39900,1,3.39900,3.39900,47.667460,-96.010040,city
67057,PILOT TRAVEL CENTERS #146,"I-90, EXIT 12",Castleton On Hudson,NY,12,3.99900,1,3.99900,3.99900,42.518410,-73.751230,city
67058,PILOT TRAVEL CENTERS #368,"I-72, EXIT 144",Decatur,IL,280,3.52900,4,3.45900,3.59900,39.840310,-88.954800,city
67060,PILOT TRAVEL CENTERS #151,"I-5, EXIT 99NE",Olympia,WA,977,4.59900,1,4.59900,4.59900,47.044910,-122.901690,city
67063,PILOT TRAVEL CENTERS #330,"I-35, EXIT 184 SW",New Braunfels,TX,740,3.39900,1,3.39900,3.39900,29.703000,-98.124450,city
67064,LOVES TRAVEL STOP #385,"I-40, EXIT 101 & US-281",Hinton,OK,483,3.38567,1,3.38567,3.38567,35.471440,-98.355620,city
67065,TA GREENWOOD TRAVEL CENTER,"I-20, EXIT 5 & US-79",Greenwood,LA,745,3.16567,1,3.16567,3.16567,32.442930,-93.972960,city
67066,LOVES TRAVEL STOP #361,"I-80, EXIT 168",Newton,IA,320,3.76233,1,3.76233,3.76233,41.699710,-93.047980,city
67067,LOVES TRAVEL STOP #377,"I-76/US-6, EXIT 31 & SR-52",Hudson,CO,800,3.45900,1,3.45900,3.45900,40.073590,-104.643020,city
67069,FLYING J TRAVEL PLAZA #621,"I-70, EXIT 359 & US-24",Limon,CO,800,3.88650,2,3.87400,3.89900,39.263880,-103.692170,city
67070,CASEYS #4225,"SR-155N, EXIT 26-A",Nashville,TN,460,3.06233,1,3.06233,3.06233,36.165890,-86.784440,city
67071,FAS MART #5154,"I-270, EXIT 3 & SR-3",Hartford,IL,574,3.28900,2,3.27900,3.29900,38.833380,-90.095940,city
67073,PILOT TRAVEL CENTERS #81,"I-79, EXIT 99",Portersville,PA,165,4.25900,1,4.25900,4.25900,40.922840,-80.142280,city
67075,CM FOREST GOLD,SR-16,Amite,LA,600,3.39900,1,3.39900,3.39900,30.726570,-90.508980,city
67076,CASH MAGIC LUCKY MAGNOLIA,SR-63/SR-16,Denham Springs,LA,600,3.39900,1,3.39900,3.39900,30.487400,-90.957530,city
67077,CASH MAGIC BROUSSARD SOUTH,US-90,Broussard,LA,600,3.39900,1,3.39900,3.39900,30.147150,-91.961230,city
67078,CASH MAGIC SILVER FOX,SR-63/SR-16,Denham Springs,LA,600,3.39900,1,3.39900,3.39900,30.487400,-90.957530,city
67081,LOVES TRAVEL STOP #376,"I-85/SR-403, EXIT 28 & SR-54/SR-100",Hogansville,GA,18,3.68900,1,3.68900,3.68900,33.173180,-84.914940,city
67082,PILOT TRAVEL CENTERS #179,"I-81, EXIT 5-B",Hagerstown,MD,22,3.95900,1,3.95900,3.95900,39.641760,-77.719990,city
67085,PILOT TRAVEL CENTERS #210,"I-287, EXIT 66 & SR-17",Mahwah,NJ,105,3.89900,1,3.89900,3.89900,41.088710,-74.143760,city
67086,SPEEDWAY #7945,SR-24,Swansboro,NC,205,3.69900,1,3.69900,3.69900,34.687660,-77.119120,city
67087,SPEEDWAY #8189,"I-40, EXIT 408 & SR-210 & US-117",Rocky Point,NC,245,3.60567,1,3.60567,3.60567,34.435170,-77.887760,city
67088,PILOT #4580,"I-26, EXIT 82",Prosperity,SC,30,3.42567,1,3.42567,3.42567,34.209310,-81.533160,city
67090,LOVES TRAVEL STOP #373,US-69 & PLATTER RD,Calera,OK,253,3.22900,1,3.22900,3.22900,33.934540,-96.428600,city
67091,SPEEDWAY #7903,SR-211,Raeford,NC,63,3.69900,1,3.69900,3.69900,34.981000,-79.224200,city
67092,SPEEDWAY #8288,US-64 & SR-149,Plymouth,NC,177,3.20733,1,3.20733,3.20733,35.866830,-76.748560,city
67094,SPEEDWAY #7943,US-64/SR-49 & US-220,Asheboro,NC,65,3.54233,1,3.54233,3.54233,35.707910,-79.813640,city
67095,SPEEDWAY #8297,US-17 & US-17 BYP,Chocowinity,NC,205,3.13233,1,3.13233,3.13233,35.512660,-77.100510,city
67096,SPEEDWAY #6997,I-95/US-301,Fayetteville,NC,63,3.39567,1,3.39567,3.39567,35.052660,-78.878360,city
67097,SPEEDWAY #8298,SR-11/SR-55,Kinston,NC,205,3.35300,1,3.35300,3.35300,35.262660,-77.581640,city
67101,SPEEDWAY #7974,US-601 & SR-24/SR-27,Midland,NC,46,3.42900,1,3.42900,3.42900,35.227370,-80.500620,city
67103,SPEEDWAY #8225,US-13/US-17 & US-64,Williamston,NC,205,3.84900,1,3.84900,3.84900,35.854600,-77.055510,city
67106,PILOT TRAVEL CENTER #4656,"I-295, EXIT 3-A & US-460",Disputanta,VA,180,3.57233,1,3.57233,3.57233,37.124320,-77.225810,city
67107,SPEEDWAY/7fleet #4595,US-501 & SR-544,Conway,SC,205,3.08900,1,3.08900,3.08900,33.836000,-79.047810,city
67108,SPEEDWAY/7fleet #4594,SR-90,Longs,SC,205,3.30900,1,3.30900,3.30900,33.938510,-78.733070,city
67109,SPEEDWAY #4676,US-13/SR-32,Suffolk,VA,130,3.79900,1,3.79900,3.79900,36.728360,-76.584960,city
67113,COLUMBUS WEST TRAVEL CENTER,"US-151, EXIT 118",Columbus,WI,420,3.11900,1,3.11900,3.11900,43.338050,-89.015390,city
67114,SPEEDWAY #1415,"I-57, EXIT 306 & US-45/US-52",Kankakee,IL,280,3.35900,2,3.33900,3.37900,41.120030,-87.861150,city
67115,CIRCLE K #3912,"I-24/SR-27, EXIT 155 & SR-28",Jasper,TN,285,2.88900,1,2.88900,2.88900,35.074240,-85.626080,city
67117,MCCLURE OIL #65,US-31 & SR-38,Cicero,IN,375,3.88900,1,3.88900,3.88900,40.123930,-86.013320,city
67118,ABELS QUIK SHOP #20,US-36 & CR-437,Hannibal,MO,540,3.06567,1,3.06567,3.06567,39.708380,-91.358480,city
67119,EASTWAY TRUCKSTOP,SR-80,Somerset,KY,410,3.59900,1,3.59900,3.59900,37.092020,-84.604110,city
67120,LOVES TRAVEL STOP #379,"I-10 & CR 255, EXIT 262 SW",Lee,FL,20,3.78900,1,3.78900,3.78900,30.419960,-83.301130,city
67121,BETTY BEAVERS TRUCKSTOP,"I-88, EXIT 12 & CR-48",Otego,NY,12,3.81900,1,3.81900,3.81900,42.397300,-75.173500,city
67122,WORKMANS TRAVEL CENTER,"I-540, EXIT 24 & SR-282",Alma,AR,735,3.37233,1,3.37233,3.37233,35.477870,-94.221880,city
67125,LOVES TRAVEL STOP #370,I-80 EXIT 234,Hubbard,OH,573,3.46567,1,3.46567,3.46567,41.156450,-80.569240,city
67126,PILOT TRAVEL CENTERS #366,"I-40, EXIT 85 CHRISTMASVILLE RD",Jackson,TN,435,3.50900,1,3.50900,3.50900,35.614520,-88.813950,city
67127,LOVES TRAVEL STOP #381,"I-65, EXIT 322 & CR-55",Falkville,AL,615,3.84900,1,3.84900,3.84900,34.368430,-86.908620,city
67129,PILOT TRAVEL CENTERS #920,"I-70, EXIT 54",Colby,KS,525,3.64150,2,3.63400,3.64900,39.395840,-101.052380,city
67130,Pilot Travel Centers #473,"I-55, EXIT 248 & US-6",Channahon,IL,290,3.45233,6,3.35900,3.59900,41.429480,-88.228670,city
67133,LOVES TRAVEL STOP #365,I-80 EXIT 352,Wells,NV,835,3.71567,1,3.71567,3.71567,41.111590,-114.964490,city
67137,PILOT TRAVEL CENTERS #485,"I-80, EXIT 173",Winnemucca,NV,966,3.77067,1,3.77067,3.77067,40.972960,-117.735680,city
67138,Kum N Go #0561,US-65 & SR-744,Springfield,MO,535,2.89900,1,2.89900,2.89900,37.215330,-93.298240,city
67139,LOVES TRAVEL STOP #383,I-71 EXIT 55 & SR-1039,Sparta,KY,415,3.74900,1,3.74900,3.74900,38.677010,-84.906890,city
67140,Maverik Country Store #5069,I-35 EXIT 133,Ellsworth,IA,320,3.09567,1,3.09567,3.09567,42.312760,-93.578820,city
67141,KUM & GO #0022,"I-80, EXIT 182 & SR-146",Grinnell,IA,320,3.19733,1,3.19733,3.19733,41.743050,-92.722410,city
67143,ALL AMERICAN STORES #7,US-30,Fort Wayne,IN,370,3.55900,1,3.55900,3.55900,41.130600,-85.128860,city
67149,HOOPS TRAVEL CENTER,I-39 & SR-21,Coloma,WI,395,3.18233,1,3.18233,3.18233,44.035530,-89.521510,city
67150,Maverik Country Store #5119,"US-30, EXIT 150",Ames,IA,320,3.08233,1,3.08233,3.08233,42.034710,-93.619940,city
67151,CASEYS #2523,"SR-163, EXIT 29 & SR-14",Monroe,IA,320,3.19900,1,3.19900,3.19900,41.522210,-93.101870,city
67155,PILOT TRAVEL CENTER #1219,"I-70, EXIT 61",Vandalia,IL,540,3.71900,3,3.69900,3.75900,38.960600,-89.093680,city
67158,GOLDEN GATE AUTO TRUCK PLAZA,"I-80 , EXIT 32",Sparks,NV,966,3.53900,1,3.53900,3.53900,39.534910,-119.752690,city
67160,LOVES TRAVEL STOPS #378,"I-77, EXIT 132",Ripley,WV,44,3.60500,2,3.58900,3.62100,38.818700,-81.710690,city
67162,PILOT TRAVEL CENTERS #495,"I-80 , EXIT 201",Brooklyn,IA,380,3.74233,2,3.69900,3.78567,41.733610,-92.445460,city
67163,LOVES TRAVEL STOP #358,"I-78, EXIT 23",Hamburg,PA,208,3.85733,1,3.85733,3.85733,40.555650,-75.981880,city
67164,FLYING J TRAVEL PLAZA #510,"I-15 , EXIT 188",Scipio,UT,835,3.68900,1,3.68900,3.68900,39.244960,-112.104100,city
67165,SOMERSET TRAVEL CENTER,"I-76 , EXIT 110",Somerset,PA,14,4.21900,1,4.21900,4.21900,40.008410,-79.078080,city
67166,Circle K #4705726,US-33,Carroll,OH,315,3.24567,1,3.24567,3.24567,39.798950,-82.701000,city
67167,LOVES TRAVEL STOP #372,"I-84, EXIT 374",Ontario,OR,982,3.68900,1,3.68900,3.68900,44.026550,-116.962940,city
67168,LOVES TRAVEL STOPS #455,"I-70, EXIT 145",Ellis,KS,525,3.65600,2,3.62300,3.68900,38.938070,-99.560670,city
67169,JD ORANGEBURG,US-301/US-601/SR-4,Orangeburg,SC,135,3.34233,1,3.34233,3.34233,33.491820,-80.855650,city
67170,FAST TRACK #410,"I-10, EXIT 258",Madison,FL,20,3.74900,1,3.74900,3.74900,30.469380,-83.412930,city
67174,KWIK STAR #419,"US-218, EXIT 218",Charles City,IA,433,3.53900,1,3.53900,3.53900,43.066360,-92.672410,city
67175,KWIK STAR #428,SR-9,Cresco,IA,515,3.52400,1,3.52400,3.52400,43.381360,-92.114050,city
67178,KWIK STAR #701,US-63,Denver,IA,565,3.49900,1,3.49900,3.49900,42.671370,-92.337400,city
67182,KWIK STAR #817,US-52 & SR-24,Calmar,IA,565,3.57900,1,3.57900,3.57900,43.183580,-91.864050,city
67185,KWIK TRIP #385,SR-19/SR-3,Northfield,MN,451,3.49900,1,3.49900,3.49900,44.458300,-93.161600,city
67186,KWIK TRIP #424,SR-15 & CR-26,Fairmont,MN,425,3.39900,1,3.39900,3.39900,43.652180,-94.461080,city
67192,KWIK TRIP #464,US-63,Rochester,MN,515,3.54067,1,3.54067,3.54067,44.021630,-92.469900,city
67193,KWIK TRIP #609,SR-16 & SR-43,Rushford,MN,515,3.49900,1,3.49900,3.49900,43.808300,-91.752930,city
67195,KWIK TRIP #646,US-169 & CR-53,Blue Earth,MN,425,3.32400,1,3.32400,3.32400,43.637460,-94.102180,city
67196,KWIK TRIP #753,US-14 & SR-42,Eyota,MN,515,3.61567,1,3.61567,3.61567,43.988300,-92.228500,city
67200,KWIK TRIP #319,SR-13,Spencer,WI,395,3.47567,1,3.47567,3.47567,44.757740,-90.296800,city
67202,KWIK TRIP #328,US-53 & SR-95,Blair,WI,295,3.23733,1,3.23733,3.23733,44.294400,-91.235160,city
67204,KWIK TRIP #337,SR-65,New Richmond,WI,451,3.49900,1,3.49900,3.49900,45.123020,-92.536590,city
67206,KWIK TRIP #352,US-53,Chippewa Falls,WI,295,3.40733,1,3.40733,3.40733,44.936910,-91.392930,city
67207,KWIK TRIP #354,SR-26,Watertown,WI,420,3.37233,1,3.37233,3.37233,43.194720,-88.728990,city
67208,KWIK TRIP #363,US-14 & CR-O,Richland Center,WI,420,3.38900,1,3.38900,3.38900,43.334710,-90.386790,city
67209,KWIK TRIP #386,SR-64,Merrill,WI,395,3.49900,1,3.49900,3.49900,45.180520,-89.683460,city
67211,KWIK TRIP #392,SR-49/SR-23,Ripon,WI,582,3.39067,1,3.39067,3.39067,43.842200,-88.835940,city
67219,KWIK TRIP #455,US-8 & SR-27,Ladysmith,WI,295,3.27233,1,3.27233,3.27233,45.463020,-91.104040,city
67220,KWIK TRIP #456,"US-18/151, EXIT 79 & CR-PB",Verona,WI,420,3.57900,1,3.57900,3.57900,42.990830,-89.533180,city
67221,KWIK TRIP #457,"I-41/US-41, EXIT 116 & SR-44/SR-91",Oshkosh,WI,582,3.29067,1,3.29067,3.29067,44.024710,-88.542610,city
67223,KWIK TRIP #476,"US-53, EXIT 140",Rice Lake,WI,295,3.43233,1,3.43233,3.43233,45.506070,-91.738230,city
67226,KWIK TRIP #494,US-53 & SR-35,Onalaska,WI,515,3.33567,1,3.33567,3.33567,43.884410,-91.235140,city
67229,KWIK TRIP #740,SR-15,Hortonville,WI,582,3.50900,1,3.50900,3.50900,44.334700,-88.638160,city
67230,KWIK TRIP #750,US-14/US-61/SR-35,La Crosse,WI,515,3.29900,1,3.29900,3.29900,43.801360,-91.239580,city
67233,KWIK TRIP #807,US-10,Brillion,WI,582,3.36567,1,3.36567,3.36567,44.177210,-88.064270,city
67234,KWIK TRIP #847,SR-33 & SR-82/SR-80,Wonewoc,WI,395,3.49900,1,3.49900,3.49900,43.652750,-90.223460,city
67235,FLYING J TRAVEL PLAZA #507,I-35,Jarrell,TX,765,3.22067,1,3.22067,3.22067,30.824910,-97.604450,city
67237,OUTPOST TRAVEL CENTER,US-79 & CR-111,Minden,LA,745,3.13233,1,3.13233,3.13233,32.615430,-93.286840,city
67239,RELAY STATION,SR-1,Shreveport,LA,745,3.13233,1,3.13233,3.13233,32.525150,-93.750180,city
67241,RELAY STATION 3,SR-175,Frierson,LA,745,3.25900,1,3.25900,3.25900,32.251830,-93.689900,city
67242,SPEEDWAY #6940,"I-77, EXIT 85 & SR-268",Elkin,NC,65,2.85900,1,2.85900,2.85900,36.244300,-80.848400,city
67243,LOVES TRAVEL STOP #386,"I-40, EXIT 9 & SR-95",Lake Havasu City,AZ,910,3.92233,1,3.92233,3.92233,34.483900,-114.322450,city
67245,SPEEDWAY #4582,US-378,Conway,SC,205,3.08900,1,3.08900,3.08900,33.836000,-79.047810,city
67246,SPEEDWAY #7941,US-17 & SR-24,Jacksonville,NC,245,3.32567,1,3.32567,3.32567,34.754050,-77.430240,city
67247,CIRCLE K #4707512,"I-93, EXIT 47",Methuen,MA,170,3.79900,1,3.79900,3.79900,42.726200,-71.190890,city
67248,SPEEDWAY #6962,"I-40, EXIT 303",Garner,NC,177,2.92067,1,2.92067,2.92067,35.711260,-78.614170,city
67255,LOVES TRAVEL STOP #393,"I-55, EXIT 13",Mccomb,MS,620,3.23900,1,3.23900,3.23900,31.243790,-90.453150,city
67262,PILOT TRAVEL CENTERS #497,"I-20, EXIT 165",Lincoln,AL,615,3.15400,2,3.10900,3.19900,33.613160,-86.118310,city
67264,CIRCLE K #4707016,US-1,Princeton,ME,170,3.88233,1,3.88233,3.88233,45.223410,-67.572220,city
67265,CIRCLE K #4707048,US-2,Lincoln,ME,170,3.73233,1,3.73233,3.73233,45.362280,-68.505020,city
67269,ONVO TRAVEL PLAZA - GOULDSBORO,"I-380, EXIT 13 & SR-507",Gouldsboro,PA,200,3.58567,1,3.58567,3.58567,41.244530,-75.456020,city
67271,KWIK TRIP #330,US-169 & SR-25,Belle Plaine,MN,451,3.37900,1,3.37900,3.37900,44.622740,-93.768570,city
67272,PILOT TRAVEL CENTER #922- TOWN PUMP,US-2 & SR-40,Columbia Falls,MT,820,3.64900,1,3.64900,3.64900,48.372460,-114.181520,city
67273,LOVES TRAVEL STOP #396,I-26 EXIT 76,Newberry,SC,30,3.41567,1,3.41567,3.41567,34.274580,-81.618720,city
67274,KWIK STAR #790,"US-20, EXIT 275 & SR-13",Manchester,IA,335,3.56233,1,3.56233,3.56233,42.484150,-91.455430,city
67275,KWIK TRIP #481,US-61,Red Wing,MN,451,3.32400,1,3.32400,3.32400,44.562470,-92.533800,city
67279,LOVES TRAVEL STOP #391,"I-74, EXIT 123",Saint Paul,IN,375,3.98900,1,3.98900,3.98900,39.428100,-85.628310,city
67281,PARKERS SURRENCY #208,US-341/SR-27 & SR-121,Surrency,GA,195,3.58567,1,3.58567,3.58567,31.723810,-82.197900,city
67282,RUTTERS #65,"I-81, EXIT 14 & US-11",Chambersburg,PA,70,4.39900,1,4.39900,4.39900,39.937590,-77.661100,city
67283,PILOT #4597,"I-40, EXIT 258/SR-53",Gordonsville,TN,460,3.24567,1,3.24567,3.24567,36.172560,-85.929710,city
67284,LOVES TRAVEL STOP #390,"I-80, EXIT 179",North Platte,NE,475,3.45567,1,3.45567,3.45567,41.123890,-100.765420,city
67285,CASEY'S #4504,"I-35, EXIT 159 & CR-C47",Dows,IA,433,3.29900,1,3.29900,3.29900,42.656640,-93.501040,city
67292,LOVES TRAVEL STOP #304,"I-59, EXIT 174",Steele,AL,615,3.98900,1,3.98900,3.98900,33.939820,-86.201640,city
67293,KWIK TRIP #367,SR-33/CR-A,Fox Lake,WI,582,3.24567,1,3.24567,3.24567,43.565540,-88.906500,city
67294,MAPLEFIELDS,"I-87, EXIT 42/SR-11",Champlain,NY,300,3.79900,1,3.79900,3.79900,44.986430,-73.446530,city
67296,LOVES TRAVEL STOP #340,"I-15, EXIT 64 & US-93",Las Vegas,NV,910,3.68900,1,3.68900,3.68900,36.174970,-115.137220,city
67297,BAR-B,I-20 EXIT 370 & FM-919,Gordon,TX,637,2.93233,1,2.93233,2.93233,32.548460,-98.369220,city
67298,SPEEDWAY #5360,US-42,London,OH,315,3.09900,1,3.09900,3.09900,39.886450,-83.448250,city
67302,KUM & GO #0187,"I-90, EXIT 87",Sherburn,MN,440,3.18733,1,3.18733,3.18733,43.652180,-94.726920,city
67303,KUM & GO #0615,"I-29, EXIT 15",Elk Point,SD,527,3.07233,1,3.07233,3.07233,42.683330,-96.683650,city
67304,JACKRABBIT JUNCTION,"SR-60, EXIT 51 & CR-A22",Sibley,IA,521,3.26567,1,3.26567,3.26567,43.399140,-95.751960,city
67305,RELAY STATION,"I-20, EXIT 3",Bethany,LA,745,3.12233,1,3.12233,3.12233,32.373210,-94.042690,city
67306,150 QUICK STOP,US-150/SR-605,Bardstown,KY,415,3.17233,1,3.17233,3.17233,37.809230,-85.466900,city
67307,CMS FUELING CENTER,I-69 EXIT 153 AT MILE 153,Lapeer,MI,342,3.89900,1,3.89900,3.89900,43.051420,-83.318830,city
67308,FUEL STAR,SR-48,New Orleans,LA,619,3.27900,1,3.27900,3.27900,29.954650,-90.075070,city
67311,HOLIDAY STATIONSTORE #2746409,US-53 & CR-13,Duluth,MN,334,3.49900,1,3.49900,3.49900,46.783270,-92.106580,city
67312,RHODES 101 STOP #790,"I-55, EXIT 91",Scott City,MO,275,3.42400,1,3.42400,3.42400,37.216720,-89.524530,city
67313,Majors 660 Diboll Truck Plaza,US-59,Diboll,TX,610,2.83233,1,2.83233,2.83233,31.187130,-94.781040,city
67316,LOVES TRAVEL STOP #302,US-287 & US-412,Boise City,OK,585,3.40233,1,3.40233,3.40233,36.729470,-102.513240,city
67321,LOVES TRAVEL STOP #388,"I-55, EXIT 246 & SR-35",Batesville,MS,655,3.46067,1,3.46067,3.46067,34.311500,-89.944260,city
67322,LOVES TRAVEL STOP #398,"US-78, EXIT 81 & SR-178",Tupelo,MS,435,3.88233,1,3.88233,3.88233,34.258070,-88.704640,city
67323,PUMP & PANTRY #13,US-281/SR-92,Saint Paul,NE,330,3.30733,1,3.30733,3.30733,41.214730,-98.458120,city
67325,LOVES TRAVEL STOP #225,"I-65, EXIT 93 & US-84",Evergreen,AL,720,3.33900,1,3.33900,3.33900,31.433500,-86.956920,city
67329,LOVES TRAVEL STOP #387,"I-85, EXIT 4",Fair Play,SC,16,3.21233,1,3.21233,3.21233,34.511210,-82.985430,city
67331,LOVES TRAVEL STOP #227,"I-20 /I-59, EXIT 100 & SR-216",Mc Calla,AL,615,3.15900,1,3.15900,3.15900,33.348720,-87.014160,city
67333,PILOT #880,"I-84, EXIT 1",Montague,NJ,105,3.99900,1,3.99900,3.99900,41.303150,-74.793500,city
67334,KWIK TRIP #338,US-51,Plover,WI,395,3.29900,1,3.29900,3.29900,44.456360,-89.544010,city
67335,TOP STOP MARKET,"I-24, EXIT 111",Manchester,TN,285,3.01567,1,3.01567,3.01567,35.481740,-86.088600,city
67336,LOVES TRAVEL STOPS #342,"I-37, EXIT 72 & US-281",Three Rivers,TX,740,3.12900,2,3.08900,3.16900,28.460270,-98.182510,city
67337,KWIK TRIP #422,"I-94, EXIT 322",Oak Creek,WI,444,3.74400,1,3.74400,3.74400,42.885850,-87.863140,city
67338,HUTCH'S #114,US-81,Enid,OK,337,2.99900,1,2.99900,2.99900,36.395590,-97.878390,city
67340,MCCLURE,I-74 EXIT  34,Crawfordsville,IN,375,3.61567,1,3.61567,3.61567,40.041150,-86.874450,city
67341,CASEYS #3898,"US-151, EXIT 49 & CR-E34",Anamosa,IA,380,3.35900,1,3.35900,3.35900,42.108340,-91.285160,city
67342,One9 #1414,"I-81, EXIT 128",Elliston,VA,185,3.24233,1,3.24233,3.24233,37.216520,-80.232540,city
67343,EAGLE EXPRESS,US-41,Peshtigo,WI,360,3.39900,1,3.39900,3.39900,45.054430,-87.749270,city
67344,DODGE CITY SHELL,"I-65, EXIT 299",Hanceville,AL,615,3.95233,1,3.95233,3.95233,34.060650,-86.767500,city
67345,STEELE SERVICE STATION,"I-59, EXIT 174",Steele,AL,587,3.88900,1,3.88900,3.88900,33.939820,-86.201640,city
67348,LOVES TRAVEL STOP #389,I-90 EXIT 241,Conneaut,OH,305,3.84900,1,3.84900,3.84900,41.947560,-80.554240,city
67350,DE PERE SUPER STORE,US-41,De Pere,WI,360,3.25567,1,3.25567,3.25567,44.448880,-88.060380,city
67356,PRIDE CONVENIENCE STORE,"I-91, EXIT 8 & US-20",Springfield,MA,100,3.55900,1,3.55900,3.55900,42.101480,-72.589810,city
67357,LOVES TRAVEL STOP #353,"I-29, EXIT 62",Fargo,ND,341,3.52567,1,3.52567,3.52567,46.877190,-96.789800,city
67358,KWIK TRIP #453,SR-35/SR-65,River Falls,WI,451,3.44733,1,3.44733,3.44733,44.861360,-92.623810,city
67359,SAGE HILL TRAVEL CENTER,"I-15, EXIT 89 & US-91",Blackfoot,ID,825,3.56900,1,3.56900,3.56900,43.190470,-112.344980,city
67360,BP,"I-95/SR-405, EXIT 49 & SR-251",Darien,GA,195,3.53900,1,3.53900,3.53900,31.370230,-81.433990,city
67361,SUMNER TRUCK STOP,SR-167,Sumner,WA,977,4.29900,1,4.29900,4.29900,47.203160,-122.240400,city
67362,TA Glenrio,"I-40, Exit 369 & SR-392",San Jon,NM,585,3.89900,1,3.89900,3.89900,35.107560,-103.328560,city
67364,KWIK TRIP #373,"I-94, EXIT 295",Waukesha,WI,444,3.45733,1,3.45733,3.45733,43.011680,-88.231480,city
67365,KWIK TRIP #491,US-151,Manitowoc,WI,582,3.38233,1,3.38233,3.38233,44.088610,-87.657580,city
67366,KWIK TRIP #499,"I-43, EXIT 57",New Berlin,WI,444,3.49067,1,3.49067,3.49067,42.976400,-88.108420,city
67367,KWIK TRIP #757,US-14/US-61/SR-27,Viroqua,WI,515,3.35900,1,3.35900,3.35900,43.556920,-90.888740,city
67368,KWIK TRIP #653,"I-39, EXIT 87 & US-51/SR-16",Portage,WI,420,3.27400,1,3.27400,3.27400,43.539150,-89.462620,city
67369,KENOSHA TRAVEL PLAZA,"I-94, EXIT 340/US-41 & SR-142",Kenosha,WI,444,3.71900,1,3.71900,3.71900,42.584740,-87.821190,city
67370,CIRCLE M #43,US-441/US-23/SR-15,Rabun Gap,GA,30,3.54900,1,3.54900,3.54900,34.960490,-83.393180,city
67371,PARAMOUNT TRAVEL PLAZA,"I-30, EXIT 46 & SR-19",Prescott,AR,635,3.37900,1,3.37900,3.37900,33.802610,-93.381010,city
67380,MILLERS TRAVEL CENTER,"I-80, EXIT 1",Wendover,UT,835,3.59900,1,3.59900,3.59900,40.737150,-114.037510,city
67381,ENMARKET #875,US-78 & US-21,Branchville,SC,195,3.26567,1,3.26567,3.26567,33.251270,-80.815650,city
67382,CORNER PANTRY TRAVEL PLAZA,SR-79 & SR-40,Hermosa,SD,506,3.29900,1,3.29900,3.29900,43.839710,-103.191020,city
67383,FRIENDSHIP FOOD MART #96,SR-101/SR- 2,Sandusky,OH,550,3.52900,1,3.52900,3.52900,41.448940,-82.707960,city
67391,SHOEMAKERS SHELL TRAVEL CENTER,I-80 EXIT 395 AT MILE 395,Lincoln,NE,413,3.34900,1,3.34900,3.34900,40.800000,-96.666960,city
67393,LOVES TRAVEL STOP #280,"I-10, EXIT 114",Buckeye,AZ,930,3.56900,1,3.56900,3.56900,33.370320,-112.583780,city
67394,Circle K #2745133,US-23 & SR-38,Waycross,GA,75,3.39900,1,3.39900,3.39900,31.213680,-82.355700,city
67395,KUM & GO #0267,"I-80, EXIT 267 & SR 38",Tipton,IA,380,2.98233,1,2.98233,2.98233,41.769740,-91.127930,city
67396,Q C MART,US-61 & CR-E63,Welton,IA,270,3.69900,1,3.69900,3.69900,41.908080,-90.595410,city
67397,EXPRESS LANE #51,I-80 EXIT 93 ROUTE 71,Ottawa,IL,290,3.74900,2,3.59900,3.89900,41.345590,-88.842580,city
67398,CASEYS #3998,SR-13 & HWY-C,Lowry City,MO,400,3.24900,1,3.24900,3.24900,38.140030,-93.726880,city
67400,SPEEDWAY #3547,I-75 & 696,Lima,OH,411,3.49900,1,3.49900,3.49900,40.742550,-84.105230,city
67401,QUIKTRIP #973,"I-45, EXIT 272",Hutchins,TX,630,2.88233,1,2.88233,2.88233,32.649300,-96.713050,city
67402,TA EXPRESS HOT SPRINGS,US-395/US-18 & SR-79,Hot Springs,SD,506,3.29900,1,3.29900,3.29900,43.431650,-103.474360,city
67404,Meskwaki Travel Plaza,HIGHWAY 30 E,Tama,IA,486,3.23400,1,3.23400,3.23400,41.966660,-92.576860,city
67405,ANTELOPE TRUCK STOP,"I-80, EXIT 386",Burns,WY,795,3.19900,1,3.19900,3.19900,41.192760,-104.359120,city
67406,GETGO #3701,"I-99, EXIT 23",East Freedom,PA,14,4.09900,1,4.09900,4.09900,40.357570,-78.429740,city
67408,STOCKTON TRAVEL CENTER,US-20/SR-78,Stockton,IL,520,3.59900,1,3.59900,3.59900,42.349740,-90.006790,city
67409,XTRA MART #7025,SR-146,Sutton,MA,175,3.64900,1,3.64900,3.64900,42.150100,-71.762850,city
67410,STRIPES #40532,US-83 & US-277,Carrizo Springs,TX,740,3.34900,1,3.34900,3.34900,28.521930,-99.860610,city
67411,LOVES TRAVEL STOP #226,"I-25, EXIT 104",Pueblo,CO,803,3.61900,1,3.61900,3.61900,38.254450,-104.609140,city
67414,PILOT TRAVEL CENTERS #590,"I-94, EXIT 100",Alexandria,MN,250,3.46567,1,3.46567,3.46567,45.885240,-95.377540,city
67416,CASEYS #4025,US-61/SR-92,Muscatine,IA,380,3.29900,1,3.29900,3.29900,41.424470,-91.043210,city
67417,QUIKTRIP #444,"I-10 EXIT, 139",Phoenix,AZ,930,3.36900,1,3.36900,3.36900,33.448380,-112.074040,city
67418,KUM & GO #0080,"US-218/SR-27, EXIT 80 & SR-22",Riverside,IA,380,3.09733,1,3.09733,3.09733,41.479740,-91.581280,city
67419,LOVES TRAVEL STOP #359,"I-75, EXIT 283",Cartersville,GA,18,3.55567,1,3.55567,3.55567,34.165330,-84.802310,city
67420,LOVES TRAVEL STOP #369,I-40 EXIT 163 & SR-48,Dickson,TN,460,3.17567,1,3.17567,3.17567,36.077000,-87.387790,city
67421,LOVES TRAVEL STOP #375,US-79/SR-6 & FM-485,Hearne,TX,670,3.48900,1,3.48900,3.48900,30.878520,-96.593030,city
67422,KUM & GO #0137,"I-80, EXIT 237",Tiffin,IA,380,3.09900,1,3.09900,3.09900,41.705850,-91.662950,city
67423,FIRELAKE GRAND TRAVEL PLAZA,"I-40, EXIT 178 & SR-102",Shawnee,OK,483,2.89900,1,2.89900,2.89900,35.327290,-96.925300,city
67424,FLORIDA 595 TRUCK STOP,"I-595/SR-84, EXIT 9 & US-441",Fort Lauderdale,FL,64,3.76900,1,3.76900,3.76900,26.122310,-80.143380,city
67425,LITTLEFIELD EXPRESS #15,"US-67, EXIT 55 & SR-258",Bald Knob,AR,695,3.30900,1,3.30900,3.30900,35.309810,-91.567910,city
67426,Spearville Truck Stop,"I-56, 126 RD",Spearville,KS,570,3.46567,1,3.46567,3.46567,37.850020,-99.756790,city
67427,CASEYS #2907,I-57 & I-62,Charleston,MO,275,3.04400,1,3.04400,3.04400,36.920890,-89.350630,city
67428,CONOCO,"I-95, EXIT 12",Carteret,NJ,79,3.49900,1,3.49900,3.49900,40.577330,-74.228200,city
67429,7-ELEVEN #40396,"NJTP, EXIT 8A",Monroe Township,NJ,115,3.55900,1,3.55900,3.55900,40.317890,-74.411820,city
67431,SPARKYS ONE STOP #32,I-30 & CR 33,Carroll,IA,320,3.23233,1,3.23233,3.23233,42.065820,-94.866930,city
67432,PILOT TRAVEL CENTERS #471,US-27 & US-17,Haines City,FL,140,3.56400,2,3.55900,3.56900,28.114500,-81.620090,city
67434,SHELL FOOD MART,"I-35, EXIT 54",Cameron,MO,400,2.99067,1,2.99067,2.99067,39.740280,-94.241060,city
67435,7 ELEVEN #40122,I-95 MM2,Newark,DE,160,3.45900,1,3.45900,3.45900,39.683720,-75.749660,city
67436,7-ELEVEN #40069,"I-81, EXIT 29",Shippensburg,PA,70,3.42233,1,3.42233,3.42233,40.050650,-77.520260,city
67437,CANDIA FIRST STOP,"SR-101, EXIT 3",Candia,NH,170,3.89900,1,3.89900,3.89900,43.077860,-71.276730,city
67438,LOVES TRAVEL STOPS #363,"I-75, EXIT 358 & SR-326",Ocala,FL,225,3.34100,2,3.32900,3.35300,29.187200,-82.140090,city
67439,LOVES TRAVEL STOPS #380,US-287/SR-114,Rhome,TX,630,3.12500,2,3.08900,3.16100,33.053460,-97.471970,city
67440,PILOT TRAVEL CENTERS #503,"I-79, EXIT 146 & CR-77",Morgantown,WV,165,4.05900,1,4.05900,4.05900,39.629530,-79.955900,city
67442,PILOT #4598,I-75 EXIT 56,Niota,TN,285,3.59900,1,3.59900,3.59900,35.513410,-84.545210,city
67443,PILOT #4599,"I-24, EXIT 135",Monteagle,TN,285,3.33567,1,3.33567,3.33567,35.240080,-85.839700,city
67612,FLYING J TRAVEL PLAZA #914- TOWN PUMP,"I-90, EXIT 96 & US-93/SR-200",Missoula,MT,820,3.60900,1,3.60900,3.60900,46.872150,-113.994000,city
67613,KWIK STAR #490,"US-20, EXIT 225 & SR-27/SR-58",Cedar Falls,IA,565,3.52400,1,3.52400,3.52400,42.527760,-92.445470,city
67614,KWIK TRIP #622,US-14 & CR-5,Byron,MN,515,3.57400,1,3.57400,3.57400,44.032740,-92.645460,city
67615,KWIK TRIP #844,US-63,Lake City,MN,515,3.54900,1,3.54900,3.54900,44.449680,-92.268200,city
67616,KWIK TRIP #887,"US-41, EXIT 139 & SR-15",Appleton,WI,582,3.30233,1,3.30233,3.30233,44.261930,-88.415380,city
67617,Twice Daily Convenience Store #8046,"I-24, EXIT 31 & SR-249",Joelton,TN,460,3.34900,1,3.34900,3.34900,36.313110,-86.865280,city
67618,7-ELEVEN #40441,I-80 MM 21E,West Unity,OH,550,3.66233,1,3.66233,3.66233,41.586160,-84.434950,city
67619,7-ELEVEN #40442,"I-80, MM 21W",West Unity,OH,550,3.66233,1,3.66233,3.66233,41.586160,-84.434950,city
67620,LOVES TRAVEL STOP #452,"I-35, EXIT 70",Pauls Valley,OK,253,3.64900,1,3.64900,3.64900,34.740080,-97.222250,city
67621,FLYING J TRAVEL PLAZA #925- TOWN PUMP,"I-15, EXIT 277",Great Falls,MT,815,3.63567,1,3.63567,3.63567,47.500240,-111.300810,city
67622,LOVES TRAVEL STOP #454,"I-5/US-12, EXIT 72",Chehalis,WA,977,4.58900,1,4.58900,4.58900,46.662050,-122.964020,city
67623,LOVES TRAVEL STOP #301,"I-90, EXIT 2",Post Falls,ID,970,3.74567,1,3.74567,3.74567,47.717960,-116.951590,city
67624,LOVES TRAVEL STOP #300,I-70 EXIT 304,Bennett,CO,800,3.32567,1,3.32567,3.32567,39.758870,-104.427460,city
67625,LOVES TRAVEL STOPS #453,"I-10, EXIT 130 & US-231",Cottondale,FL,20,3.57100,2,3.55300,3.58900,30.797140,-85.376600,city
67626,KWIK TRIP #316,SR-15 N/SR-22 E,Hutchinson,MN,451,3.27900,1,3.27900,3.27900,44.887740,-94.369710,city
67627,PILOT TRAVEL CENTER #4556,"I-75, EXIT 329",Wildwood,FL,225,3.27233,2,3.22567,3.31900,28.865420,-82.040580,city
67628,LOVES TRAVEL STOP #394,"I-65,EXIT 230",Demotte,IN,365,3.51233,1,3.51233,3.51233,41.195040,-87.198640,city
67629,KWIK TRIP #681,"I-94, EXIT 205",Saint Michael,MN,451,3.29733,1,3.29733,3.29733,45.209960,-93.664960,city
67630,KWIK TRIP #630,US-151/SR-32/SR-57,Chilton,WI,582,3.36567,1,3.36567,3.36567,44.028880,-88.162880,city
67634,54 TRUCK STOP,US-54,Mullinville,KS,357,3.46567,1,3.46567,3.46567,37.586130,-99.475670,city
67635,LOVES TRAVEL STOP #456,I-280 EXIT 1B,Perrysburg,OH,550,3.76067,1,3.76067,3.76067,41.557000,-83.627160,city
67636,LOVES TRAVEL STOPS #258,"I-35, EXIT 183",Ottawa,KS,336,3.25100,2,3.23900,3.26300,38.615570,-95.267750,city
67637,Power Gas & Truck Stop,US-1/US-9/US-46 & SR-5,Palisades Park,NJ,115,3.21900,1,3.21900,3.21900,40.848160,-73.997640,city
67641,DANIEL BOONE TRAVEL CENTER,US-23 /US-421/US-58 & SR-871,Duffield,VA,405,3.55733,1,3.55733,3.55733,36.718980,-82.796000,city
67642,GO MART FOOD STORE #103,SR-16 & CR 50/39,Ellenboro,WV,44,3.69900,1,3.69900,3.69900,39.264520,-81.056220,city
67643,QUALITY MART #62,I-77 EXIT 82,Jonesville,NC,65,2.85900,1,2.85900,2.85900,36.239300,-80.844520,city
67644,PARKERS #31 (DISCOUNT AVAILABLE),US-80/SR-26 & US-280,Ellabell,GA,195,3.03233,1,3.03233,3.03233,32.123540,-81.485670,city
67645,CIRCLE K #2721416,US-441 & SR-20,Gainesville,FL,75,3.89900,1,3.89900,3.89900,29.651630,-82.324830,city
67647,BUCHS TRUCK STOP,SR-7,Steubenville,OH,542,3.69233,1,3.69233,3.69233,40.369790,-80.633960,city
67650,VIRGINIA FAST STOP,SR-78 & SR-125,Virginia,IL,318,3.75900,1,3.75900,3.75900,39.951160,-90.212340,city
67651,SIMMONS,US-60/SR-21,Ellsinore,MO,275,3.42400,1,3.42400,3.42400,36.934220,-90.746790,city
67652,ON THE GO TRAVEL CENTER,"I-435, EXIT 8",Kansas City,KS,400,3.99900,1,3.99900,3.99900,39.114170,-94.627460,city
67655,CIRCLE K #2706627,"I-10, EXIT 261",Slidell,LA,725,3.18900,1,3.18900,3.18900,30.275190,-89.781170,city
67656,KWIK TRIP #888,US-10/US-49 & SR-54,Waupaca,WI,395,3.45733,1,3.45733,3.45733,44.358030,-89.085950,city
67657,KWIK TRIP #463,US-52/SR-60,Zumbrota,MN,515,3.52400,1,3.52400,3.52400,44.294130,-92.669080,city
67658,MIRABITO #41,I-81 EXIT 13,Tully,NY,12,4.29900,1,4.29900,4.29900,42.798120,-76.109370,city
67664,CEFCO #16,SR-171,Godley,TX,637,2.98233,1,2.98233,2.98233,32.449030,-97.526690,city
67665,ALL STAR,US-75 N,Sabetha,KS,553,3.49900,1,3.49900,3.49900,39.902220,-95.800820,city
67666,5 STAR TRUCK STOP,"I-44, EXIT 137",Oklahoma City,OK,483,2.87900,1,2.87900,2.87900,35.467560,-97.516430,city
67668,ADVENTURE TRUCK PLAZA,SR-3185 & SR-3107,Thibodaux,LA,623,3.39900,1,3.39900,3.39900,29.795760,-90.822870,city
67669,CHEVRON DBA ONE9 #1271,SR-86,Thermal,CA,900,4.27900,2,4.25900,4.29900,33.640300,-116.139450,city
67676,VALERO,"I-530/US-65, EXIT 34 & SR-365",White Hall,AR,695,3.16567,1,3.16567,3.16567,34.273990,-92.090980,city
67677,BIGGAS TRUCK STOP,US-190/SR-6 & FM-2818,Bryan,TX,670,3.19900,1,3.19900,3.19900,30.674360,-96.369960,city
67678,7-ELEVEN #40301,I-90/I-80,Genoa,OH,550,3.66233,1,3.66233,3.66233,40.782840,-81.466510,city
67682,CASEYS #2739,1323 E MAIN ST,Beloit,KS,336,3.35900,1,3.35900,3.35900,39.456120,-98.106160,city
67683,CASEYS #2734,"I-80, EXIT 222",Cozad,NE,330,3.03233,1,3.03233,3.03233,40.859730,-99.987340,city
67684,CASEYS #2490,"I-35, EXIT 124 & US-69",Story City,IA,320,3.06233,1,3.06233,3.06233,42.187210,-93.595770,city
67685,CASEYS #2792,"I-380/US-218, EXIT 13",Cedar Rapids,IA,380,3.49900,1,3.49900,3.49900,42.008330,-91.644070,city
67686,CASEYS #2956,"I-315/US-81, EXIT 40",Hesston,KS,570,3.19900,1,3.19900,3.19900,38.138340,-97.431430,city
67690,CEFCO #64,ST RT 14,Mexia,TX,765,3.09900,1,3.09900,3.09900,31.679890,-96.482200,city
67695,MOREHEAD TRUCKSTOP,"I-64, EXIT 133 & SR- 801",Morehead,KY,255,3.59900,1,3.59900,3.59900,37.271150,-87.176380,city
67697,FLORENCE TRAVEL PLAZA,"I-95, EXIT 150",Timmonsville,SC,42,3.99900,1,3.99900,3.99900,34.134880,-79.939790,city
67698,FRONTIER TRAVEL CENTER,US-12 & US-85,Bowman,ND,807,3.53233,1,3.53233,3.53233,46.183060,-103.394910,city
67699,GAP FARMS TRAVEL CENTER,"I-20, EXIT 69 & SR-151",Arcadia,LA,590,3.24900,1,3.24900,3.24900,32.549040,-92.920160,city
67701,MARATHON,"I-94, EXIT 331",Casselton,ND,341,3.31567,1,3.31567,3.31567,46.900530,-97.211200,city
67702,SPEEDWAY #6539,US-41/SR-45 & SR-52,Land O Lakes,FL,225,3.49567,1,3.49567,3.49567,28.218900,-82.457590,city
67703,SPEEDWAY #6880,CR-611,Clearwater,FL,225,3.37733,1,3.37733,3.37733,27.965850,-82.800100,city
67705,CITGO,US-1,North Brunswick,NJ,115,3.18567,1,3.18567,3.18567,40.454000,-74.482000,city
67706,SPEEDWAY #3495,US-1/9,Elizabeth,NJ,115,3.59900,1,3.59900,3.59900,40.663990,-74.210700,city
67707,SPEEDWAY #3503,"I-95, EXIT 13 & I-278/US-1/US-9",Linden,NJ,115,3.42900,1,3.42900,3.42900,40.622050,-74.244590,city
67711,HOUMA COTEAU TRAVEL PLAZA,I-90/SR-20,Houma,LA,725,3.06233,1,3.06233,3.06233,29.595770,-90.719530,city
67712,CASEYS #3810,"I-29, EXIT 132 & US-14",Volga,SD,530,3.27900,1,3.27900,3.27900,44.323580,-96.926450,city
67715,HUTCH'S #109,"I-40, EXIT 38",Elk City,OK,483,2.96900,1,2.96900,2.96900,35.411990,-99.404260,city
67716,HWY 19 SCALE,"SR-19/I-35, EXIT 66",Gaylord,MN,425,3.46567,1,3.46567,3.46567,44.553020,-94.220530,city
67718,SUNSTOP #622,SR-52 & SR-167,Hartford,AL,715,3.59900,1,3.59900,3.59900,31.102400,-85.696880,city
67720,REFUEL #1046,"I-20, EXIT 116 & US-15",Bishopville,SC,42,3.30900,1,3.30900,3.30900,34.218210,-80.248410,city
67721,J AND D COUNTRYSIDE MARTHON,SR-76 & SR-173,Poplar Grove,IL,520,3.49900,1,3.49900,3.49900,42.368350,-88.822050,city
67723,JET FOOD STORE #80,US-221/SR-135 & SR-206,Douglas,GA,10,3.45733,1,3.45733,3.45733,31.508810,-82.849870,city
67724,LOVES TRAVEL STOP #458,"I-44, EXIT 88",Strafford,MO,416,3.37233,1,3.37233,3.37233,37.268380,-93.117130,city
67726,SPEEDWAY #7909,"US-264, EXIT 73",Greenville,NC,205,3.13233,1,3.13233,3.13233,35.612660,-77.366350,city
67727,SPEEDWAY #7907,US-264 & SR-33,Greenville,NC,205,2.94400,1,2.94400,2.94400,35.612660,-77.366350,city
67728,SPEEDWAY #7905,SR-43 & SR-118,Vanceboro,NC,205,3.37567,1,3.37567,3.37567,35.308500,-77.154120,city
67729,SPEEDWAY #6981,US-301 BYP,Rocky Mount,NC,177,3.43233,1,3.43233,3.43233,35.938210,-77.790530,city
67732,Quik Pik,US-275 & SR-9,West Point,NE,470,3.21567,1,3.21567,3.21567,41.841670,-96.708640,city
67734,TROTTER TRUCK PLAZA,ST 11,Ord,NE,330,3.29900,1,3.29900,3.29900,41.603340,-98.926200,city
67735,Fast Fuel,US-81/SR-3,Kingfisher,OK,483,3.19067,1,3.19067,3.19067,35.861430,-97.931720,city
67736,SPEEDWAY #9855,I-10 EXIT 49,Fabens,TX,640,3.23567,1,3.23567,3.23567,31.502340,-106.158590,city
67738,SUPER JACK TRUCK STOP,US-84,Brookhaven,MS,620,3.11567,1,3.11567,3.11567,31.579060,-90.440650,city
67739,STRIPES #40819,SR-359,Orange Grove,TX,625,3.06567,1,3.06567,3.06567,27.956680,-97.936940,city
67742,STRIPES 7FLEET #42514,"I-20, EXIT 138",Midland,TX,710,3.45900,1,3.45900,3.45900,31.997350,-102.077910,city
67743,STRIPES 7FLEET #42506,US-380 & US-277,Haskell,TX,575,3.53900,1,3.53900,3.53900,33.157600,-99.733700,city
67744,STRIPES #40715,SR-107,La Villa,TX,639,3.16900,1,3.16900,3.16900,26.298680,-97.928610,city
67745,STRIPES #40628,"I-2, EXIT 134 & US-83",Mission,TX,639,3.25900,1,3.25900,3.25900,26.215910,-98.325290,city
67746,STRIPES #40598,I-2/US-83,Mission,TX,639,2.86900,1,2.86900,2.86900,26.215910,-98.325290,city
67747,STRIPES 7FLEET #42424,US-87/US-190,Brady,TX,740,3.59900,1,3.59900,3.59900,31.135170,-99.335060,city
67748,STRIPES 7FLEET #42428,"I-20 EXIT, 115",Odessa,TX,710,3.06900,1,3.06900,3.06900,31.845680,-102.367640,city
67749,STRIPES 7FLEET #42436,I-20 EXIT 134,Midland,TX,612,3.06567,1,3.06567,3.06567,31.997350,-102.077910,city
67750,STRIPES #40729,FM-511 & FM-802,Brownsville,TX,598,2.99900,1,2.99900,2.99900,25.901750,-97.497480,city
67753,STRIPES #40892,SR-359 & SR-16,Hebbronville,TX,625,3.28567,1,3.28567,3.28567,27.306880,-98.680320,city
67754,Refuel #185,US-220,Stokesdale,NC,65,3.69900,1,3.69900,3.69900,36.237080,-79.979480,city
67755,BLUE WATER #12,"I-526, EXIT 23",Charleston,SC,42,3.23233,1,3.23233,3.23233,32.776320,-79.932750,city
67757,KEITH'S SUPERSTORE,"I-59, I-20, EXIT 160",Meridian,MS,705,3.04900,1,3.04900,3.04900,32.364310,-88.703660,city
67758,CLARKS PUMP N SHOP #47,SR-10/SR-9,Vanceburg,KY,312,3.59900,1,3.59900,3.59900,38.599240,-83.318800,city
67762,CEFCO #2008,US-83/US-62 & US-287,Childress,TX,770,2.91567,1,2.91567,2.91567,34.426450,-100.204000,city
67763,SHELL,US-72,Mount Pleasant,MS,435,3.39900,1,3.39900,3.39900,31.696550,-89.697300,city
67764,NINNEKAH TRUCK STOP,US-277/US-81 & SR-19,Ninnekah,OK,483,3.22900,1,3.22900,3.22900,34.947850,-97.923930,city
67766,STOP IN Food Store #8143,US-221/US-460 & SR-607,Montvale,VA,185,3.36567,1,3.36567,3.36567,37.384580,-79.731150,city
67768,SHELL,US-60 & SR-657,Lewisport,KY,487,3.49900,1,3.49900,3.49900,37.937000,-86.902210,city
67771,DUCK THRU FOOD STORE #26,"I-95, EXIT 154 & SR-308 & SR-11/SR-42",Lewiston Woodville,NC,177,3.39900,1,3.39900,3.39900,36.122930,-77.176630,city
67772,STEVES SHELL,"I-55, EXIT 42",Brookhaven,MS,620,3.19900,1,3.19900,3.19900,31.579060,-90.440650,city
67774,7-ELEVEN #39329,I-278/US-1,Linden,NJ,79,3.37567,1,3.37567,3.37567,40.622050,-74.244590,city
67777,CIRCLE K #2721270,"I-95, EXIT 358B, SR-105",Jacksonville,FL,75,3.34233,1,3.34233,3.34233,30.332180,-81.655650,city
67779,REATA PETROLEUM,I-76 & BARLOW RD,Fort Morgan,CO,800,3.43900,1,3.43900,3.43900,40.250260,-103.799950,city
67782,SAMS MART #45,"I-40, EXIT 24 & SR-209",Waynesville,NC,405,3.59900,1,3.59900,3.59900,35.488710,-82.988750,city
67783,RUTTERS #4,US-30 & SR-1016/2011,Wrightsville,PA,70,3.98900,1,3.98900,3.98900,40.025650,-76.529970,city
67784,HAVANA CONVENIENCE,US-136,Havana,IL,368,3.79900,1,3.79900,3.79900,40.300040,-90.060950,city
67787,PWI #109,"I-20, EXIT 126",Midland,TX,710,2.99900,1,2.99900,2.99900,31.997350,-102.077910,city
67789,BEAR RIVER VALLEY CO OP,SR-13/SR-83,Corinne,UT,835,3.41900,1,3.41900,3.41900,41.551040,-112.110230,city
67791,KINGSPORT TRUCK STOP,"I-81, EXIT 63",Kingsport,TN,405,3.89900,1,3.89900,3.89900,36.548430,-82.561820,city
67792,CUBBYS #113,US-20/US-275,Oneill,NE,470,3.22567,1,3.22567,3.22567,42.457780,-98.647590,city
67793,PILOT TRAVEL CENTERS #131,"I-35, EXIT 34",Osceola,IA,320,3.44900,2,3.43900,3.45900,41.033890,-93.765500,city
67794,ROAD RANGER #181,"I-55, EXIT 90",Springfield,IL,318,3.36900,3,3.29900,3.40900,39.801720,-89.643710,city
67795,ROAD RANGER #263,"I-80, EXIT 93",Ottawa,IL,520,3.29900,4,3.21900,3.39900,41.345590,-88.842580,city
67797,CHEVRON,US-71 & SR-179,Coushatta,LA,745,3.15567,1,3.15567,3.15567,32.014880,-93.342120,city
67798,SUNSTOP #631,SR-231/SR-53 & SR-123,Ozark,AL,20,3.59900,1,3.59900,3.59900,31.459060,-85.640490,city
67801,SUNOCO,"I-275, EXIT 42/SR-747",Cincinnati,OH,407,3.09900,1,3.09900,3.09900,39.127110,-84.514390,city
67804,SUNSTOP #616,US-84/SR-134 & CR-1,Daleville,AL,20,3.39900,1,3.39900,3.39900,31.310170,-85.712990,city
67806,84 QUICK STOP,I-84,Brookhaven,MS,620,3.14900,1,3.14900,3.14900,31.579060,-90.440650,city
67811,QUICK FUEL #5301,SR-360,Grand Prairie,TX,637,3.02400,1,3.02400,3.02400,32.745960,-96.997780,city
67813,LEROY TRUCK PLAZA,"I-74, EXIT 149",Le Roy,IL,280,3.47900,1,3.47900,3.47900,40.351980,-88.764240,city
67815,LOVES TRAVEL STOP #254,"I-70, EXIT 59 & SR-39",Mooresville,IN,375,3.92900,1,3.92900,3.92900,39.612820,-86.374160,city
67818,LOVES TRAVEL STOP #457,"I-30/US-67/US-70, EXIT 128",Little Rock,AR,695,3.24233,1,3.24233,3.24233,34.746480,-92.289590,city
67819,BREW #31,US-71/US-18,Spencer,IA,440,3.46567,1,3.46567,3.46567,43.141360,-95.144440,city
67820,CIRCLE K #2723487,US-17 & SR-211,Supply,NC,245,3.28900,1,3.28900,3.28900,34.017670,-78.267500,city
67821,FAS MART #5261,SR-9 & SR-57,Tollesboro,KY,410,3.35233,1,3.35233,3.35233,38.559520,-83.576030,city
67822,SPINX #178 (DISCOUNT AVAILABLE),"I-385, EXIT 42 & I-85, EXIT 51B & US-25",Travelers Rest,SC,210,3.19233,1,3.19233,3.19233,34.967620,-82.443450,city
67823,FLASH MARKET #17032,"I-555/US-63, EXIT 29 & SR-69",Trumann,AR,435,3.40733,1,3.40733,3.40733,35.673690,-90.507330,city
67824,CIRCLE K #2723641,US-231/SR-87/SR-10/SR-53 & CR-21,Troy,AL,720,3.79900,1,3.79900,3.79900,31.808770,-85.969950,city
67826,VALLEN MART,US-14,Volga,SD,566,3.31900,1,3.31900,3.31900,44.323580,-96.926450,city
67827,GAS N GO,US-280/SR-27 & SR-520,Richland,GA,10,3.19900,1,3.19900,3.19900,32.087930,-84.667420,city
67829,KWIK TRIP #721,SR-19 & SR-73,Marshall,WI,420,3.49733,1,3.49733,3.49733,43.168330,-89.066780,city
67832,Sprint Mart #45,US-278/US-45,Tupelo,MS,742,3.18900,1,3.18900,3.18900,34.258070,-88.704640,city
67833,PETES #05,US-59 & US-400,Parsons,KS,307,3.29900,1,3.29900,3.29900,37.340340,-95.261080,city
67835,CIRCLE K #2723782,"I-40, EXIT 38 & US-421",Greensboro,NC,65,3.08233,1,3.08233,3.08233,36.072640,-79.791980,city
67837,PILOT TRAVEL CENTER #1054,US-183 & SR-21,Buda,TX,740,3.41567,1,3.41567,3.41567,30.085210,-97.840280,city
67839,EL TIGRE FOOD STORE #13,SR-336,Hidalgo,TX,639,3.21567,1,3.21567,3.21567,26.100350,-98.263070,city
67841,CIRCLE K #2723844,US-15/US-501/US-1,Sanford,NC,177,3.04900,1,3.04900,3.04900,35.479880,-79.180300,city
67842,CIRCLE K #4707627,"I-81, EXIT 48",Watertown,NY,220,4.09900,1,4.09900,4.09900,43.974780,-75.910760,city
67844,UNCLE WILLIES #1288,US-13,Felton,DE,243,3.21900,1,3.21900,3.21900,39.008450,-75.577980,city
67846,CEDAR RIVER PLAZA,SR-35,Stephenson,MI,360,3.41900,1,3.41900,3.41900,45.415250,-87.607620,city
67847,E Z PICKENS,"US-20, EXIT 275 & SR-13",Manchester,IA,335,3.57900,1,3.57900,3.57900,42.484150,-91.455430,city
67848,JEMISON EXXON,"I-65, EXIT 219 & CR-42",Jemison,AL,615,3.29900,1,3.29900,3.29900,32.959850,-86.746650,city
67849,KUM & GO #0379,US-412/ US-63 & SR-25,Black Rock,AR,435,3.19900,1,3.19900,3.19900,36.108400,-91.097350,city
67850,SMILEYS FUEL CITY,"I-64/I-81, EXIT 205 & SR-206",Raphine,VA,185,3.53900,1,3.53900,3.53900,37.937350,-79.232810,city
67854,CircleK #2709341,US-411,Chatsworth,GA,285,3.49900,1,3.49900,3.49900,34.765910,-84.769940,city
67855,FAS MART #5262,"I-64, EXIT 94 & SR-1958/SR-2888",Winchester,KY,410,2.90733,1,2.90733,2.90733,37.990080,-84.179650,city
67859,PILOT #1135,US-281,Falfurrias,TX,639,3.45900,1,3.45900,3.45900,27.226990,-98.144170,city
67860,SHELL,"I-55, EXIT 227 & SR-32",Oakland,MS,435,2.99900,1,2.99900,2.99900,34.055670,-89.916480,city
67861,CASEYS #4308,US-34,Chariton,IA,320,3.53900,1,3.53900,3.53900,41.013890,-93.306600,city
67862,SUNOCO TRUCK STOP,"I-70, EXIT 123 & SR-3",Spiceland,IN,375,3.39900,1,3.39900,3.39900,39.838380,-85.438860,city
67865,PILOT TRAVEL CENTERS #897,"I-95, EXIT 12B, INTERSECTION OF SR-826 & 817",Opa Locka,FL,95,3.69900,2,3.69900,3.69900,25.902320,-80.250330,city
67866,QUICK DRAW TRAVEL PLAZA,"I-20, EXIT 49 & SR-531",Minden,LA,590,3.01233,1,3.01233,3.01233,32.615430,-93.286840,city
67868,CHEVRON,SR-19,Huntsville,TX,670,2.97900,1,2.97900,2.97900,30.723530,-95.550780,city
67871,BASIN MARKET #107,US-40,Vernal,UT,810,3.59900,1,3.59900,3.59900,40.455520,-109.528750,city
67872,SMOKIES,US-45,Okolona,MS,576,3.09900,1,3.09900,3.09900,34.001780,-88.755330,city
67874,RUTTERS #56,"I-83, EXIT 39A & SR-114",New Cumberland,PA,70,3.89900,1,3.89900,3.89900,40.232310,-76.884700,city
67875,EXXON TIGER MART,"US-67/US-167, EXIT 28 & US-64",Beebe,AR,695,3.29900,1,3.29900,3.29900,35.070640,-91.879590,city
67876,KUM & GO #0880,"US-412, EXIT 36",Stillwater,OK,560,2.95400,1,2.95400,2.95400,36.115610,-97.058370,city
67877,CIRCLE K #4703701,I-24 EXIT 70,Smyrna,TN,460,3.03233,1,3.03233,3.03233,35.982840,-86.518600,city
67879,Strike,US-287/96/69 & SR-347,Beaumont,TX,610,3.49900,1,3.49900,3.49900,30.086050,-94.101850,city
67883,CASH MAGIC HOLLYWOOD,US-90,Berwick,LA,725,3.39900,1,3.39900,3.39900,29.694650,-91.218990,city
67884,ROADRUNNER FUELS,US-550/SR-544,Aztec,NM,614,3.77567,1,3.77567,3.77567,36.822230,-107.992850,city
67886,MAVERIK #5200,"I-70 BUSINESS, EXIT 25, CR-24",De Beque,CO,800,3.44233,1,3.44233,3.44233,39.334420,-108.215080,city
67887,AIRLINE CHEVRON,US-61,Kenner,LA,725,3.09900,1,3.09900,3.09900,29.994090,-90.241740,city
67890,KUM & GO #0449,US-60/US-71,Neosho,MO,535,3.05567,1,3.05567,3.05567,36.868960,-94.368000,city
67892,TURRELL FUEL STOP,"I-55, EXIT 21",Turrell,AR,435,3.46567,1,3.46567,3.46567,35.379810,-90.257870,city
67894,CIRCLE K #2705098,US-27 & SR-44,Leesburg,FL,140,3.57233,1,3.57233,3.57233,28.810820,-81.877860,city
67897,KENT KWIK #273,SR-302 & SR-18,Kermit,TX,710,3.03900,1,3.03900,3.03900,31.857630,-103.092670,city
67900,SPRINT FOODS #725,"I-520, EXIT 16/SR-28",Beech Island,SC,135,3.34900,1,3.34900,3.34900,33.427360,-81.890950,city
67906,ON THE GO,SR-239,Prescott,KS,400,3.19900,1,3.19900,3.19900,38.063640,-94.695510,city
67908,CIRCLE K #2744062,"I-25, EXIT 74",Colorado City,CO,796,3.34900,1,3.34900,3.34900,37.945290,-104.835260,city
67910,G FUEL,US-40 & SR-140,Penns Grove,NJ,243,3.39900,1,3.39900,3.39900,39.729560,-75.467970,city
67917,STRIPES 7FLEET #42510,"I-10, EXIT 256/US-285",Fort Stockton,TX,710,3.37900,1,3.37900,3.37900,30.894040,-102.879320,city
67918,DELAWARE TRUCK STOP,"I-80, EXIT 4C/US-46",Delaware,NJ,90,3.07900,1,3.07900,3.07900,40.892880,-75.064620,city
67922,EXXON,"I-20, EXIT 44 & US-371 & US-80/US-79",Minden,LA,745,3.39900,1,3.39900,3.39900,32.615430,-93.286840,city
67923,MONROE CENTER BP OASIS,"I-39, EXIT 111/US-51 & SR-72",Monroe Center,IL,520,3.59900,1,3.59900,3.59900,42.098360,-89.000650,city
67924,KUM & GO #0026,"I-90, EXIT 26",Adrian,MN,440,3.19067,1,3.19067,3.19067,43.634970,-95.932800,city
67925,CHEVRON,US-61,Baton Rouge,LA,600,3.89900,1,3.89900,3.89900,30.443320,-91.187470,city
67927,STONES TRUCK STOP,"I-29, EXIT 77/US-212",Watertown,SD,566,3.38233,1,3.38233,3.38233,44.899410,-97.115070,city
67929,Circle K,SR-574,Plant City,FL,225,3.32567,1,3.32567,3.32567,28.018880,-82.114690,city
67930,CIRCLE K #2721426,US-98/SR-30A & SR-368,Panama City,FL,145,3.29067,1,3.29067,3.29067,30.159460,-85.659830,city
67931,Forks 1&23,US-1/US-23/SR-4 & SR-19,Alma,GA,195,3.59900,1,3.59900,3.59900,31.539370,-82.462360,city
67932,SPRINT MART #4144,US-82/US-45/SR-12 & SR-182,Columbus,MS,576,3.01567,1,3.01567,3.01567,33.495670,-88.427260,city
67933,SUNOCO,SR-50 & SR-471,Webster,FL,140,3.33567,1,3.33567,3.33567,28.609990,-82.055080,city
67934,WHISPERING PINES,SR-10,Greensburg,LA,600,3.09900,1,3.09900,3.09900,30.830740,-90.671760,city
67935,CIRCLE K #2707610,"I-10, EXIT 26",Milton,FL,155,3.23233,1,3.23233,3.23233,30.632410,-87.039690,city
67938,TEXACO,"I-84, EXIT 376",Tremonton,UT,835,3.45567,1,3.45567,3.45567,41.711870,-112.165510,city
67939,DELTA FUEL,"I-80, EXIT 242 & SR-339",Mifflinville,PA,138,3.36567,1,3.36567,3.36567,41.032310,-76.307990,city
67940,MARTIN GENERAL STORE,US-22,Ebensburg,PA,14,3.52400,1,3.52400,3.52400,40.485070,-78.724740,city
67941,FIESTA MART #21,"I-40, EXIT 278",Warner,OK,560,3.63900,1,3.63900,3.63900,35.494260,-95.305520,city
67943,LOVES TRAVEL STOP #459,"I-65, EXIT 133 & SR-267",Whitestown,IN,375,3.62233,1,3.62233,3.62233,39.997260,-86.345830,city
67949,7-ELEVEN #36835,"I-85, EXIT 32",Pelzer,SC,30,3.18233,1,3.18233,3.18233,34.642340,-82.455960,city
67952,CIRCLE K #2707682,"I-75, EXIT 164 & US-17/SR-35",Punta Gorda,FL,225,3.39900,1,3.39900,3.39900,26.929780,-82.045370,city
67957,CITGO,US-27,Hialeah,FL,64,3.47233,1,3.47233,3.47233,25.857600,-80.278110,city
67965,DIAMOND #7,"I-65, EXIT 69",Brewton,AL,715,3.39900,1,3.39900,3.39900,31.105180,-87.072190,city
67968,WHITESBURG BP,US-27/SR-16,Whitesburg,GA,18,3.69900,1,3.69900,3.69900,33.494000,-84.913830,city
67974,TALL TIMBERS TRUCKSTOP,"I-10, EXIT 23 & SR-108",Sulphur,LA,690,3.83233,1,3.83233,3.83233,30.236590,-93.377380,city
67976,KWIK TRIP #587,US-141 & SR-22,Lena,WI,582,3.28233,1,3.28233,3.28233,44.951100,-88.046770,city
67977,KUM & GO #4127,"I-29, EXIT 127",Sloan,IA,527,3.10900,1,3.10900,3.10900,42.232770,-96.228080,city
67994,Pure,US-82/SR-520/SR-135,Willacoochee,GA,10,3.46567,1,3.46567,3.46567,31.340760,-83.045980,city
67997,CIRCLE K #2745137,"I-75/SR-401, EXIT 149 & SR-49",Byron,GA,85,3.19900,1,3.19900,3.19900,32.653760,-83.759630,city
68002,CO RETAIL VENTURE DB,US-34 & SR-59,Yuma,CO,800,3.44900,1,3.44900,3.44900,40.122210,-102.725210,city
68005,WESSON,"I-84, EXIT 22, SR-8, EXIT 22",Waterbury,CT,100,4.17900,1,4.17900,4.17900,41.558150,-73.051500,city
68007,Highland oil,US-412,Hardy,AR,435,3.26900,1,3.26900,3.26900,36.315900,-91.482640,city
68008,FAST LANE #3,US-64 & US-49,Mc Crory,AR,435,3.39900,1,3.39900,3.39900,35.256200,-91.200120,city
68009,CIRCLE K #2741779,"US-270, EXIT 2",Hot Springs National Park,AR,695,3.36900,1,3.36900,3.36900,34.503700,-93.055180,city
68012,ROYAL FARMS #120,US-13/CR-16,Greenwood,DE,194,3.25900,1,3.25900,3.25900,38.807060,-75.591320,city
68016,Chevron #386730,"I-10, EXIT 139",Phoenix,AZ,930,3.29900,1,3.29900,3.29900,33.448380,-112.074040,city
68017,TEXACO,SR-89,Prescott,AZ,930,3.73900,1,3.73900,3.73900,34.540020,-112.468500,city
68019,PAC PRIDE CARDLOCK,CR-25/CR-826,Miami,FL,95,3.47900,1,3.47900,3.47900,25.774270,-80.193660,city
68020,EXXON,"I-10, EXIT 335/SR-121",Macclenny,FL,75,3.49900,1,3.49900,3.49900,30.282180,-82.122060,city
68026,MINIT MART #600627,"I-57, EXIT 312",Kankakee,IL,399,3.44900,1,3.44900,3.44900,41.120030,-87.861150,city
68029,MAPCO #3502,SR-151,Ringgold,GA,285,3.09233,1,3.09233,3.09233,34.915910,-85.109120,city
68030,FIVE STAR EXPRESS,"I-520/SR-415, EXIT 16 & SR-28",Augusta,GA,135,3.49900,1,3.49900,3.49900,33.470970,-81.974840,city
68031,ORCHARD STOP BP,US-30,Montgomery,IL,290,3.59900,2,3.54900,3.64900,41.730580,-88.345900,city
68033,CIRCLE K #2703175,"I-520/SR-415, EXIT 9 & SR-56",Augusta,GA,135,3.28233,1,3.28233,3.28233,33.470970,-81.974840,city
68036,MOBIL,"I-95, EXIT 60",Salisbury,MA,178,3.59900,1,3.59900,3.59900,42.841760,-70.860610,city
68040,MISHAWAKA ROAD FLEET SITE,SR-19 & CR-20,Elkhart,IN,465,3.68900,1,3.68900,3.68900,41.681990,-85.976670,city
68043,CARROLL MOTOR FUELS,US-40,Middle River,MD,22,3.13900,1,3.13900,3.13900,39.334270,-76.439410,city
68048,CASEYS #3961,SR-3 & SR-143,Marcus,IA,527,3.29900,1,3.29900,3.29900,42.825820,-95.807510,city
68052,CUBBYS #302,SR-39 & SR-175,Odebolt,IA,319,3.31567,1,3.31567,3.31567,42.312210,-95.250550,city
68053,KJ TRAVEL CENTER,"US-20, EXIT 310",Idaho Falls,ID,825,3.40733,1,3.40733,3.40733,43.466580,-112.034140,city
68055,Gallops,US-20,Michigan City,IN,370,3.39900,1,3.39900,3.39900,41.707540,-86.895030,city
68062,FARMERS UNION OIL,US-83,Wilton,ND,390,3.89900,1,3.89900,3.89900,47.158600,-100.783470,city
68065,Caseys #4450,US-160,Ulysses,KS,525,3.39900,1,3.39900,3.39900,37.581410,-101.355170,city
68067,PUMP & PANTRY #2,US-30 & US-281,Grand Island,NE,330,3.30733,1,3.30733,3.30733,40.925010,-98.342010,city
68068,ELGIN ONE STOP,SR-14 & SR-70,Elgin,NE,470,3.13733,1,3.13733,3.13733,41.983340,-98.083680,city
68070,PAULS TRUCK STOP,US-171,Leesville,LA,690,3.44900,1,3.44900,3.44900,31.143520,-93.261000,city
68072,FAMILY FARE #834 (DISCOUNT AVAILABLE),"US-131, EXIT 175",Byron Center,MI,371,3.73900,1,3.73900,3.73900,42.812250,-85.722810,city
68073,BIG BATS 2,US-20,Chadron,NE,506,3.69900,1,3.69900,3.69900,42.829420,-102.999910,city
68076,JENNINGS TRUCKSTOP,"I-10, EXIT 65",Jennings,LA,690,2.99900,1,2.99900,2.99900,30.222430,-92.657080,city
68079,NORTH FORK TRUCK STOP,US-12/CR-103,White Pigeon,MI,465,3.57900,2,3.55900,3.59900,41.798110,-85.643320,city
68080,SAMMYS TRUCK AUTO PLAZA,"I-49, EXIT 53",Bunkie,LA,730,3.39900,1,3.39900,3.39900,30.953250,-92.182630,city
68081,SHELL,SR-308 & SR-654,Mathews,LA,725,3.45900,1,3.45900,3.45900,29.686320,-90.546750,city
68091,ALLTOWN MARKETS,"SR-101, EXIT 2",Auburn,NH,178,3.79900,1,3.79900,3.79900,43.004530,-71.348400,city
68093,MARATHON,US-223/CR-52,Adrian,MI,385,3.59900,1,3.59900,3.59900,41.897550,-84.037170,city
68095,ALEXS MARKET AND GRILL,"I-75, EXIT 101",Holly,MI,342,4.69900,1,4.69900,4.69900,42.791970,-83.627730,city
68100,REFINED MARKETERS,"I-96, EXIT 31A/US-131, EXIT 88",Grand Rapids,MI,344,3.73900,1,3.73900,3.73900,42.963360,-85.668090,city
68102,SUNOCO,ST 17,Carlstadt,NJ,115,3.16233,1,3.16233,3.16233,40.840380,-74.090700,city
68107,SPEEDWAY #4500,"I-35, EXIT 171/CR-11",Pine City,MN,451,3.54900,1,3.54900,3.54900,45.826070,-92.968540,city
68110,CIRCLE K #4705573,SR-82,Grafton,OH,414,3.74900,1,3.74900,3.74900,41.272550,-82.054590,city
68112,QUICK FUEL #3138,"I-35, EXIT 98/CR-26",Saint Paul,MN,448,3.61733,1,3.61733,3.61733,44.944410,-93.093270,city
68113,CIRCLE K #4705571,ST 2,Holland,OH,550,3.54900,1,3.54900,3.54900,41.621720,-83.711600,city
68114,BP,US-130,Burlington,NJ,230,3.14567,1,3.14567,3.14567,40.071220,-74.864890,city
68116,Circle K #2746335,"I-35, EXIT 22",Minneapolis,MN,448,3.79900,1,3.79900,3.79900,44.979970,-93.263840,city
68122,CENEX,SR-11/SR-310,Roseau,MN,449,3.49900,1,3.49900,3.49900,48.846090,-95.762770,city
68124,CIRCLE K #4705587,SR-585 & SR-57,Rittman,OH,249,3.65900,1,3.65900,3.65900,40.978110,-81.782080,city
68129,CULVERS HAWKINS,"US-59/I-29, EXIT 43",Saint Joseph,MO,400,3.19900,1,3.19900,3.19900,39.768610,-94.846630,city
68133,CASEYS #4256,US-71/SR-175,Joplin,MO,416,3.06900,1,3.06900,3.06900,37.084230,-94.513280,city
68140,CROSSROADS RATON TRUCK STOP,"I-25/US-85, EXIT 451 & US-87",Raton,NM,803,3.49900,1,3.49900,3.49900,36.903360,-104.439150,city
68147,Regal Truck Stop,SR 30,New Albany,MS,435,3.24900,1,3.24900,3.24900,34.494270,-89.007840,city
68148,CIRCLE K #2723389,US-49,Gulfport,MS,715,2.94400,1,2.94400,2.94400,30.367420,-89.092820,city
68151,KUM & GO #0498,SR-125,Rogersville,MO,535,3.05233,1,3.05233,3.05233,37.117000,-93.055730,city
68154,LOVES TRAVEL STOP #395,"I-57, EXIT 308",Kankakee,IL,290,3.45900,5,3.37900,3.54900,41.120030,-87.861150,city
68155,SHEETZ #181,"I-80, EXIT 158 & SR-220",Bellefonte,PA,14,3.72900,1,3.72900,3.72900,40.913390,-77.778330,city
68156,A PLUS MINI MARKET,"I-95, EXIT 26",Philadelphia,PA,160,3.99900,1,3.99900,3.99900,39.952380,-75.163620,city
68157,RAJS MINI MART,US-1/SR-29,Morrisville,PA,230,3.89900,1,3.89900,3.89900,40.211500,-74.787940,city
68158,SUNOCO,"I-78, EXIT 29A/SR-61",Shoemakersville,PA,90,3.63900,1,3.63900,3.63900,40.500930,-75.969930,city
68161,KWIK FILL #390,SR-15 & TABER RD,Blossburg,PA,138,3.68400,1,3.68400,3.68400,41.679520,-77.063860,city
68165,GOLDEN GATE Fallon,US-50,Fallon,NV,966,3.54900,1,3.54900,3.54900,39.473530,-118.777370,city
68167,CIRCLE K #4707628,SR-90 & SR-5,Montezuma,NY,220,3.99900,1,3.99900,3.99900,43.010060,-76.703280,city
68169,GOLDEN GATE GOLDEN VALLEY,"US-395, EXIT 73",Reno,NV,966,3.94900,1,3.94900,3.94900,39.529630,-119.813800,city
68174,MIRABITO #42,"I-81, EXIT 7",Castle Creek,NY,12,3.99900,1,3.99900,3.99900,42.227580,-75.918250,city
68177,ONVO TRAVEL PLAZA - MIFFLINVILLE,"I-80, EXIT 242/CR-339",Mifflinville,PA,138,3.36567,1,3.36567,3.36567,41.032310,-76.307990,city
68178,CIRCLE K #2723748,"I-20, EXIT 48",Pearl,MS,760,3.38900,1,3.38900,3.38900,32.274590,-90.132030,city
68179,WEST PAK A POK,SR-8,Houston,MS,655,3.39900,1,3.39900,3.39900,33.898450,-88.999230,city
68180,One9 #1374,"I-81, EXIT 143, SR-924",Hazleton,PA,200,3.86233,1,3.86233,3.86233,40.958420,-75.974650,city
68185,CITGO,US-22/SR-72,Jonestown,PA,70,3.74900,1,3.74900,3.74900,40.413700,-76.478300,city
68188,ONVO TRAVEL PLAZA - GIBSON,"I-81, EXIT 219 & SR-848",New Milford,PA,200,3.58900,1,3.58900,3.58900,41.872580,-75.727130,city
68189,EAGLE EXXON,US-27/SR-29,Dayton,TN,285,3.39900,1,3.39900,3.39900,35.493960,-85.012450,city
68191,MARTIN GENERAL STORE # 207,SR-865/I-99 EXIT 41,Altoona,PA,14,3.53900,1,3.53900,3.53900,40.518680,-78.394740,city
68196,CATDADDY MARKET,SR-33,Tazewell,TN,405,3.29900,1,3.29900,3.29900,36.454250,-83.569350,city
68211,CEFCO #2005,"I-40, EXIT 73",Amarillo,TX,585,2.86900,1,2.86900,2.86900,35.222000,-101.831300,city
68212,CIRCLE K #2723415,"I-26, EXIT 16",Spartanburg,SC,210,3.09900,1,3.09900,3.09900,34.949570,-81.932050,city
68213,CADOO MILLS,"I-30/US-67, EXIT 87 & FM-1903",Caddo Mills,TX,253,2.80067,1,2.80067,2.80067,33.065670,-96.227760,city
68215,COWBOY TRAVEL PLAZA,"I-10, EXIT 833",Hamshire,TX,610,2.89900,1,2.89900,2.89900,29.861610,-94.312410,city
68217,CIRCLE K #2723881,US-701 & US-501,Conway,SC,46,3.18400,1,3.18400,3.18400,33.836000,-79.047810,city
68225,OASIS TRUCK STOP,US-60 & US-83,Canadian,TX,585,3.29900,1,3.29900,3.29900,35.912820,-100.382080,city
68227,QUARLES #4914,"I-64 EXIT 297, US-13",Chesapeake,VA,130,3.52567,1,3.52567,3.52567,36.819040,-76.274940,city
68234,CIRCLE K #2723705,"I-81, EXIT 80 & SR-121",Wytheville,VA,65,3.26567,1,3.26567,3.26567,36.948450,-81.084810,city
68235,JOLLEY #113,"I-91, EXIT 28",Derby,VT,39,3.53900,1,3.53900,3.53900,44.947820,-72.132880,city
68236,TEX BEST #506,"I-35, EXIT 84",Dilley,TX,747,3.09900,1,3.09900,3.09900,28.667480,-99.170590,city
68243,PILOT EXPRESS #1173,"I-5, EXIT 135",Tacoma,WA,977,4.59900,1,4.59900,4.59900,47.252880,-122.444290,city
68245,STRIPES #40705,US-77/SR-374,Combes,TX,665,2.91233,1,2.91233,2.91233,26.248690,-97.733880,city
68253,KENT KWIK #262,"CR-18/I-20, EXIT 80",Monahans,TX,710,2.85900,1,2.85900,2.85900,31.594300,-102.892650,city
68256,EXTRA MILE TRUCK STOP,I-30 EXIT 208,Hooks,TX,723,2.81733,1,2.81733,2.81733,33.466230,-94.288530,city
68257,LOVES TRAVEL STOP #292,"I-55, EXIT 220",Dwight,IL,290,3.45300,5,3.34900,3.58900,41.094480,-88.425060,city
68258,CIRCLE K #2741536,SR-83/CR-1015,Weslaco,TX,639,3.03567,1,3.03567,3.03567,26.159520,-97.990840,city
68260,ALVARADO MARKET STATION,"I-35W, EXIT 26A & US-67",Alvarado,TX,637,2.84400,1,2.84400,2.84400,32.406530,-97.211680,city
68261,STRIPES #2294,US-83 & FM-1120,Leakey,TX,740,2.94900,1,2.94900,2.94900,29.728840,-99.761450,city
68266,FREDS FUEL AND FOOD #2,"I-57, EXIT 283 & US-24",Gilman,IL,280,3.16900,3,3.04900,3.26900,40.766700,-87.992260,city
68268,SPEED SMART,"I-10, EXIT 114",Buckeye,AZ,930,3.37233,1,3.37233,3.37233,33.370320,-112.583780,city
68270,MPC #2,US-67 & CR-A,Fredericktown,MO,574,2.99067,1,2.99067,2.99067,37.559780,-90.294010,city
68271,PHOENIX #308,ST 210,Rocky Point,NC,245,3.61900,1,3.61900,3.61900,34.435170,-77.887760,city
68273,CHISUM TRAVEL CENTER,US-70/US-54,Tularosa,NM,640,2.99900,1,2.99900,2.99900,33.073970,-106.018600,city
68274,CEFCO #6,SR-6 & SR-7,Marlin,TX,765,2.99900,1,2.99900,2.99900,31.306290,-96.898040,city
68276,KWIK STAR #895,US-18/US-63 EXIT 204,New Hampton,IA,565,3.44900,1,3.44900,3.44900,43.059140,-92.317680,city
68277,WHITE OAK STATION #15,US-65,Harrison,AR,735,3.59900,1,3.59900,3.59900,36.229790,-93.107680,city
68279,MACS MARKET #101,ST 22A,Fair Haven,VT,12,3.59900,1,3.59900,3.59900,43.594790,-73.265670,city
68282,SUNSTOP #612,US-84,Andalusia,AL,720,3.48567,1,3.48567,3.48567,31.308080,-86.482430,city
68290,WALTON TRUCK STOP,US-78/SR-10 & SR-83,Monroe,GA,16,3.99900,1,3.99900,3.99900,33.794840,-83.713230,city
68292,GAS N GO,US-280/US-19,Americus,GA,10,3.29900,1,3.29900,3.29900,32.072390,-84.232690,city
68294,BP,"I-74, EXIT 51",Galesburg,IL,270,3.49900,1,3.49900,3.49900,40.947820,-90.371240,city
68298,MR FUEL #719,"I-80, EXIT 6",Gary,IN,365,3.56567,1,3.56567,3.56567,41.593370,-87.346430,city
68301,LOVES TRAVEL STOP #463,I-10 EXIT 604,Seguin,TX,740,3.17900,1,3.17900,3.17900,29.568840,-97.964730,city
68302,FLYING J #493,I-95 EXIT 77,Saint George,SC,42,3.51900,1,3.51900,3.51900,33.186000,-80.575650,city
68303,KWIK TRIP #351,SR-13 & SR-64,Medford,WI,295,3.40067,1,3.40067,3.40067,45.138580,-90.340140,city
68306,BIG D #018,SR-387 & SR-59,Gillette,WY,790,3.45900,1,3.45900,3.45900,44.291090,-105.502220,city
68307,EXPRESSWAY LUVERNE,"I-90, EXIT 12",Luverne,MN,432,3.23900,1,3.23900,3.23900,43.654140,-96.212810,city
68308,PINECONE TRAVEL PLAZA,"I-94, EXIT 267",Johnson Creek,WI,420,3.21900,1,3.21900,3.21900,43.076110,-88.774270,city
68311,SUN DO KWIK SHOP,SR-242,Evergreen,NC,63,3.15900,1,3.15900,3.15900,34.296000,-78.217780,city
68314,Refuel #313,US-183 & SR-29,Liberty Hill,TX,595,2.90900,1,2.90900,2.90900,30.664910,-97.922520,city
68315,SHELL,"I-40, EXIT 200 & SR-99",Seminole,OK,483,2.85900,1,2.85900,2.85900,35.224520,-96.670570,city
68316,CIRCLE K #2723622,"I-75, EXIT 345",Ringgold,GA,285,3.07567,1,3.07567,3.07567,34.915910,-85.109120,city
68318,NINOS TRUCK PLAZA,"I-10, EXIT 151",Port Allen,LA,600,3.03900,1,3.03900,3.03900,30.452140,-91.210110,city
68319,HOLIDAY STATIONSTORE #2746484,US-61 & US-10,Hastings,MN,448,3.56900,1,3.56900,3.56900,44.743300,-92.852430,city
68321,Big's #304,"I-35, EXIT 141",Moore,TX,740,2.99900,1,2.99900,2.99900,29.055240,-99.010310,city
68323,TRAINER MART,"I-10, EXIT 593",Marion,TX,740,2.99900,1,2.99900,2.99900,29.571340,-98.140290,city
68328,TONKAWA TRAVEL CENTER,"I-35, EXIT 214 & US-60",Tonkawa,OK,500,3.09900,1,3.09900,3.09900,36.678370,-97.310040,city
68330,SHREES TRUCK STOP,"I-90, EXIT 149 & SR-281",George,WA,920,3.69400,4,3.56900,3.75900,47.079020,-119.855880,city
68332,CIRCLE K #2701526,"I-40, EXIT 208",Colfax,NC,65,2.95733,1,2.95733,2.95733,36.112640,-80.014480,city
68333,GO MART FOOD STORE #106,US-250/US-219/SR-92/SR-55,Elkins,WV,44,3.49900,1,3.49900,3.49900,38.925940,-79.846730,city
68335,PILOT #481,"I-75, EXIT 20",Mc Donald,TN,285,3.59900,1,3.59900,3.59900,35.113410,-84.982730,city
68337,SPEEDWAY #1426,US-30 & SR-51,Merrillville,IN,290,3.88567,1,3.88567,3.88567,41.482810,-87.332810,city
68339,LOVES TRAVEL STOP #464,"I-10, EXIT 523 & US-87",Comfort,TX,740,3.21233,1,3.21233,3.21233,29.967710,-98.905030,city
68343,HUTCH'S #119,I-40 EXIT 40,Elk City,OK,483,2.96900,1,2.96900,2.96900,35.411990,-99.404260,city
68347,ENERGY EXPRESS TRAVEL CENTER,I-70 EXIT 247,Saint Louis,MO,540,2.90900,1,2.90900,2.90900,38.627270,-90.197890,city
68348,HOT SPOT #6007,"I-85, EXIT 80",Spartanburg,SC,210,3.08900,1,3.08900,3.08900,34.949570,-81.932050,city
68349,SAPP BROS TRAVEL CENTER,"US-75, EXIT 116",Le Mars,IA,527,3.26900,1,3.26900,3.26900,42.794160,-96.165580,city
68350,JOAQUIN QUICK STOP,US-84,Joaquin,TX,618,3.43233,1,3.43233,3.43233,31.965780,-94.054990,city
68354,LEERJAK TRAVEL CENTER,US-60,Ellsinore,MO,275,3.40900,1,3.40900,3.40900,36.934220,-90.746790,city
68359,LOVES TRAVEL STOP #466,"I-78, EXIT 65",Jasper,AL,615,3.55567,1,3.55567,3.55567,33.831220,-87.277510,city
68360,A PLUS MINI MARKET,"I-95, EXIT 19",Philadelphia,PA,160,4.04900,1,4.04900,4.04900,39.952380,-75.163620,city
68361,DUCK THRU FOOD STORE #34,US-158 & US-17,Elizabeth City,NC,130,3.49900,1,3.49900,3.49900,36.294600,-76.251050,city
68362,RUTTERS #5,US-30 & SR-997,Fayetteville,PA,70,3.85900,1,3.85900,3.85900,39.911200,-77.549990,city
68364,Maplefields,"I-89, EXIT 19",Saint Albans,VT,39,3.53900,1,3.53900,3.53900,44.810880,-73.083190,city
68365,7-ELEVEN #36834,SR-72,Abbeville,SC,30,3.61900,1,3.61900,3.61900,34.178170,-82.379010,city
68366,MARATHON,US-68/SR-80,Russellville,KY,460,3.19900,1,3.19900,3.19900,36.845320,-86.887220,city
68367,LOVES TRAVEL STOP #447,"I-10 E, EXIT 0",Anthony,TX,640,3.44900,1,3.44900,3.44900,31.999270,-106.605550,city
68368,AKAL TRAVEL CENTER,I-80 EX 360,Waco,NE,413,2.79900,1,2.79900,2.79900,40.896960,-97.463380,city
68369,WORKMANS TRAVEL CENTER,"I-40 EXIT, 35 & SR-23",Ozark,AR,735,3.29733,1,3.29733,3.29733,35.487030,-93.827700,city
68370,GULF EXPRESS DIESEL AND GAS,"I-295, EXIT 4 & SR-14",Johnston,RI,175,3.79900,1,3.79900,3.79900,41.821860,-71.506750,city
68372,SPEEDWAY #8062,SR-26/CR-00,Kokomo,IN,375,3.79900,1,3.79900,3.79900,40.486430,-86.133600,city
68375,PILOT #491,"I-81, EXIT 251 & US-11",Harrisonburg,VA,185,3.65900,1,3.65900,3.65900,38.449570,-78.868920,city
68377,PILOT #4568,I-20 EXIT 11,Graniteville,SC,135,3.39233,1,3.39233,3.39233,33.563750,-81.807890,city
68378,PILOT TRAVEL CENTERS #596,I-69 EXIT 196,Smiths Creek,MI,342,3.95900,1,3.95900,3.95900,42.913920,-82.603810,city
68381,Fast Stop Travel Centers #2241,US-26 S & SR-39,Blackfoot,ID,825,3.99900,1,3.99900,3.99900,43.190470,-112.344980,city
68382,QUIKTRIP #766,US-29 & SR-316,Dacula,GA,18,3.32067,1,3.32067,3.32067,33.988720,-83.897960,city
68383,AYERCO 32,US-61 & SR-P,Canton,MO,494,3.01567,1,3.01567,3.01567,40.129500,-91.518520,city
68386,KWIK TRIP #884,US-45 & SR-22,Clintonville,WI,582,3.55900,1,3.55900,3.55900,44.620530,-88.762320,city
68389,WEBERS OF PLYMOUTH,SR-57 N/CR-PP E,Plymouth,WI,582,3.49900,1,3.49900,3.49900,43.748610,-87.977040,city
68394,CHEVRON,"I-84, EXIT 343/CR-104",Ogden,UT,835,3.44233,1,3.44233,3.44233,41.223000,-111.973830,city
68396,TOOT N TOTUM #44,SR-287 E/CR-335 N,Amarillo,TX,585,3.04233,1,3.04233,3.04233,35.222000,-101.831300,city
68403,RUTTERS #16,"I-83, EXIT 10 & SR-214",York,PA,70,4.19900,1,4.19900,4.19900,39.962600,-76.727740,city
68405,PILOT TRAVEL CENTER #1028,"I-45, EXIT 178/US-79 N",Buffalo,TX,765,3.54900,1,3.54900,3.54900,31.463790,-96.058020,city
68406,TOOT N TOTUM #114,US-385/US-54,Dalhart,TX,585,3.19900,1,3.19900,3.19900,36.059480,-102.513250,city
68411,PAWNEE TRAVEL PLAZA,US-412 & SR-18,Pawnee,OK,560,3.04400,1,3.04400,3.04400,36.337830,-96.803920,city
68416,STRIPES 7FLEET #42515,US-87 N,Lamesa,TX,710,3.09900,1,3.09900,3.09900,32.737600,-101.950990,city
68417,7-ELEVEN #42072,"I-20, EXIT 599/SR-281",Longview,TX,766,3.20733,1,3.20733,3.20733,32.500700,-94.740490,city
68419,ROAD RANGERS #270,"I-35, EXIT 114/SR-462",Moore,TX,740,3.16900,1,3.16900,3.16900,29.055240,-99.010310,city
68420,SHELBINA Phillips 66,US-36 & SR-15,Shelbina,MO,494,3.09900,1,3.09900,3.09900,39.693930,-92.042950,city
68421,STRIPES,US-77,Refugio,TX,625,3.07400,1,3.07400,3.07400,28.305280,-97.275270,city
68423,GOLDEN GATE TRUCKSTOP,"I-80, EXIT 106 & SR-398",Lovelock,NV,966,3.64900,1,3.64900,3.64900,40.179350,-118.473480,city
68424,MAVERICK TRAVEL CENTER,"I-20, EXIT 386/US-281",Santo,TX,637,3.09900,1,3.09900,3.09900,32.603190,-98.215320,city
68428,STRIPES #40519,US-90/CR-1023,Uvalde,TX,740,3.35900,1,3.35900,3.35900,29.209680,-99.786170,city
68432,PAPA ROCK,US-79/SR-76,Clarksville,TN,460,3.19900,1,3.19900,3.19900,36.529770,-87.359450,city
68434,Circle K #2741789,"I-30, EXIT 98 & US-270",Malvern,AR,695,3.43900,1,3.43900,3.43900,34.362310,-92.812950,city
68440,EXPRESS GAS,"I-40, EXIT 2A/US-51",Memphis,TN,435,2.97900,1,2.97900,2.97900,35.149530,-90.048980,city
68441,QUIKTRIP #1106,US-76,Anderson,SC,30,2.95900,1,2.95900,2.95900,34.503440,-82.650130,city
68444,Sunoco,US-30,Roebling,NJ,160,3.15900,1,3.15900,3.15900,40.115940,-74.786270,city
68446,J J OIL #07,US-160,Ulysses,KS,525,3.39900,1,3.39900,3.39900,37.581410,-101.355170,city
68447,JUMPIN JACKS 419,SR-161,Rockport,IN,487,3.99900,1,3.99900,3.99900,37.883110,-87.049440,city
68451,CASEYS #3439,US-63,Lime Springs,IA,433,3.56567,1,3.56567,3.56567,43.448860,-92.280730,city
68453,Marathon,US-82/US-27,Cuthbert,GA,10,3.69900,1,3.69900,3.69900,31.771270,-84.789370,city
68458,SPEEDWAY #6278,"I-96, EXIT 16",Coopersville,MI,456,3.54900,2,3.49900,3.59900,43.063910,-85.934770,city
68462,CHEVRON,SR-24 & SR-660,Houma,LA,623,3.09900,1,3.09900,3.09900,29.595770,-90.719530,city
68463,SPANISH LAKE TRUCK AND CASINO PLAZA,SR-182,New Iberia,LA,730,3.32900,1,3.32900,3.32900,30.003540,-91.818730,city
68465,LOVES TRAVEL STOP #470,"I-75, EXIT 451",Jasper,FL,10,3.32733,1,3.32733,3.32733,30.518270,-82.948190,city
68466,KWIK TRIP #462,SR-11 & SR-83,Burlington,WI,444,3.27400,1,3.27400,3.27400,42.678070,-88.276200,city
68468,SHELL,SR-193/SR-163 & CR-26,Theodore,AL,715,3.03900,1,3.03900,3.03900,30.547690,-88.175280,city
68469,8 MILE STORE,"US-64/I-40, EXIT 127",Conway,AR,695,3.39900,1,3.39900,3.39900,35.088700,-92.442100,city
68471,B LINE SHELL,SR-710,Jupiter,FL,140,3.95733,1,3.95733,3.95733,26.934220,-80.094210,city
68476,CREEK TRAVEL PLAZA,"I-65, EXIT 54",Atmore,AL,715,3.13567,1,3.13567,3.13567,31.023790,-87.493870,city
68480,KUM & GO #0414,US-212/SR-265,Springdale,AR,645,3.14233,1,3.14233,3.14233,36.186740,-94.128810,city
68493,FAST TRACK 427,"I-10, EXIT 225/US-19",Lamont,FL,20,3.73900,1,3.73900,3.73900,30.377150,-83.812940,city
68494,LOVES TRAVEL STOPS #469,"I-85, EXIT 15 & US-1",South Hill,VA,180,3.94900,2,3.94900,3.94900,36.726530,-78.128890,city
68497,JACKSONS FOOD STORE #30,"I-86, EXIT 61",Pocatello,ID,825,3.45900,1,3.45900,3.45900,42.871300,-112.445530,city
68499,DUBOIS TRAVEL STOP,I-15 & MAIN,Dubois,ID,825,4.29900,1,4.29900,4.29900,44.176300,-112.230820,city
68506,WARRIOR RIDGE,US-22 & SR-3035,Ashland,PA,14,3.69900,1,3.69900,3.69900,40.781750,-76.345780,city
68511,PWI #675,I-10/US-85/US-180 EXIT 155 & SR-227,Vado,NM,640,2.94900,1,2.94900,2.94900,32.111760,-106.662500,city
68512,BP,US-29/SR-154,Palmetto,GA,18,3.24900,1,3.24900,3.24900,33.517890,-84.669650,city
68518,CHEVRON,SR-243,Gordon,GA,85,3.35900,1,3.35900,3.35900,32.882090,-83.332380,city
68520,SPEED GAS,SR-56,Rosenhayn,NJ,150,3.45900,1,3.45900,3.45900,39.478170,-75.131290,city
68522,MINIT MART #600632,"I-474, EXIT 9 & SR-29",Pekin,IL,368,3.73900,1,3.73900,3.73900,40.567540,-89.640660,city
68524,Coastal Fuel,US-421,Wilmington,NC,245,3.39900,1,3.39900,3.39900,34.235560,-77.946040,city
68531,CASEYS #2845,"SR-150, I-380, EXIT 41",Urbana,IA,380,3.44900,1,3.44900,3.44900,42.224160,-91.874340,city
68533,MACH ONE FOOD SHOP #17,US-45/US-50,Flora,IL,510,3.89900,1,3.89900,3.89900,38.668940,-88.485600,city
68534,BG FOOD MART,US-31,Bowling Green,KY,460,3.05733,1,3.05733,3.05733,36.990320,-86.443600,city
68535,CASEYS #3295,SR-35 & SR-27,Prairie Du Chien,WI,420,3.49900,1,3.49900,3.49900,43.051650,-91.141240,city
68541,DUCK THRU #3,SR-11 & SR-561,Ahoskie,NC,130,3.56233,1,3.56233,3.56233,36.286820,-76.984680,city
68542,EXCELL FUELS,SR-5,Buffalo,NY,38,3.99900,1,3.99900,3.99900,42.886450,-78.878370,city
68549,GOOD 2 GO #212,US-310/SR 789,Lovell,WY,780,3.65700,1,3.65700,3.65700,44.837450,-108.389560,city
68552,HUCKS FOOD & FUEL #368,"US-41, EXIT 44/SR-281",Madisonville,KY,340,3.39900,1,3.39900,3.39900,37.328100,-87.498890,city
68556,MONICARLO FUEL STOP,US-61 & SR-54,Garyville,LA,623,3.19900,1,3.19900,3.19900,30.056040,-90.619260,city
68559,KUM & GO #0779,"I-35, EXIT 92 & US-136",Bethany,MO,320,2.95567,1,2.95567,2.95567,40.268330,-94.028290,city
68562,CHEVRON,SR-3235,Galliano,LA,725,3.49900,1,3.49900,3.49900,29.442160,-90.299250,city
68572,FOOD N FUN #17,US-90 & SR-83 & CR-605,New Iberia,LA,730,3.06700,1,3.06700,3.06700,30.003540,-91.818730,city
68574,SPRING STREET SERVICE STATION,US-1/US-9,Elizabeth,NJ,115,3.09900,1,3.09900,3.09900,40.663990,-74.210700,city
68581,CHEVRON #308195,"I-82, EXIT 58/US-12 & SR-223",Granger,WA,977,4.41400,2,4.32900,4.49900,46.342070,-120.187270,city
68588,SHELL,"US-202, EXIT 16",Orange,MA,175,3.64900,1,3.64900,3.64900,42.590360,-72.309810,city
68592,Sprint Food #742,US-25/SR-121,North Augusta,SC,135,3.15900,1,3.15900,3.15900,33.501800,-81.965120,city
68593,ONE9 #1285,"I-20, EXIT 386 & US-281",Santo,TX,575,2.92400,1,2.92400,2.92400,32.603190,-98.215320,city
68594,CIRCLE K #2723796,SR-S-8-33 & SR-S-8-119,Charleston,SC,42,3.19900,1,3.19900,3.19900,32.776320,-79.932750,city
68595,SUPER LUCKY LOUIES,US-190/SR-1,Port Allen,LA,600,3.03233,1,3.03233,3.03233,30.452140,-91.210110,city
68596,FLASH MARKET SHELL,US-63,Koshkonong,MO,418,3.49900,1,3.49900,3.49900,36.595890,-91.645700,city
68598,7-ELEVEN #41032,US-84 & US-259,Mount Enterprise,TX,618,3.34900,1,3.34900,3.34900,31.917950,-94.681040,city
68602,NEW DIXIE MART #19,"I-95, EXIT150",Whitakers,NC,205,3.33900,1,3.33900,3.33900,36.105430,-77.712750,city
68606,SAMS MART #95,SR-49,Harrisburg,NC,46,3.79900,1,3.79900,3.79900,35.323950,-80.657840,city
68613,SHEETZ #236,SR-441 & SR-772,Marietta,PA,70,3.38900,1,3.38900,3.38900,40.057040,-76.552190,city
68618,MINER TOWNE MART,206 R-11,Shullsburg,WI,335,3.39900,1,3.39900,3.39900,42.573340,-90.230960,city
68621,CIRCLE K #2723367,"I-77, EXIT 8 & SR-148",Fancy Gap,VA,65,3.29067,1,3.29067,3.29067,36.665960,-80.692290,city
68622,PILOT #474,"I-79, EXIT 67 & SR-19",Sutton,WV,44,3.86567,1,3.86567,3.86567,38.664540,-80.709820,city
68623,FLYING J TRAVEL PLAZA #304,"I-469, EXIT 19 & US-30",New Haven,IN,370,3.85900,2,3.85900,3.85900,41.070600,-85.014410,city
68624,PILOT #586,"I-10, EXIT 69 & SR-63",Moss Point,MS,715,3.45900,1,3.45900,3.45900,30.411590,-88.534460,city
68625,FLYING J #470 HUDSON,"I-94, EXIT 10 & US-65",Roberts,WI,450,3.55900,1,3.55900,3.55900,44.983860,-92.556030,city
68626,BECKS EXPRESS MART #14,SR-26,Princeton,IL,270,3.24900,1,3.24900,3.24900,41.368090,-89.464810,city
68630,DOWNSTREAM Q STORE,US-166/US-400,Joplin,MO,277,3.19900,1,3.19900,3.19900,37.084230,-94.513280,city
68642,EXXON SANDY RIDGE MART,"I-40/US-421, EXIT 208",Colfax,NC,65,3.09900,1,3.09900,3.09900,36.112640,-80.014480,city
68643,SHELL,"I-95, EXIT 58 & US-13",Wade,NC,63,3.19900,1,3.19900,3.19900,35.162940,-78.736130,city
68644,SUPERPUMPER #32,US-2,Minot,ND,452,3.59900,1,3.59900,3.59900,48.232510,-101.296270,city
68650,MARATHON,"I-75, EXIT 8",Cincinnati,OH,300,3.89900,1,3.89900,3.89900,39.127110,-84.514390,city
68653,KWIK TRIP #679,"I-43, EXIT 128 & SR-42",Sheboygan,WI,444,3.21567,1,3.21567,3.21567,43.750830,-87.714530,city
68656,TA Express Williston,US-2 & US-85,Williston,ND,807,3.44733,1,3.44733,3.44733,48.146970,-103.617970,city
68659,KWIK TRIP #659,"US-52, EXIT 56 & CR-22",Rochester,MN,515,3.54900,1,3.54900,3.54900,44.021630,-92.469900,city
68663,LOVES TRAVEL STOP #474,US-85/US-2 & CR-6,Williston,ND,273,3.51900,1,3.51900,3.51900,48.146970,-103.617970,city
68665,BIG D 14,"I-90, EXIT 46/US-14/SR-79",Piedmont,SD,506,3.13733,1,3.13733,3.13733,44.231650,-103.389080,city
68671,CASEYS #2969,US-81 & RD F,Fairmont,NE,350,3.28233,1,3.28233,3.28233,40.636950,-97.585330,city
68672,24 NORTH MOBIL,"I-495, EXIT 7A & SR-24, EXIT 14B",Bridgewater,MA,175,3.69900,1,3.69900,3.69900,41.990380,-70.975040,city
68674,TEXACO,US-290 & SR-696,Elgin,TX,595,3.09900,1,3.09900,3.09900,30.349650,-97.370270,city
68684,Rebecca Plantation Truck Plaza,"US-90, EXIT 200 & SR-311",Schriever,LA,623,2.99900,1,2.99900,2.99900,29.742150,-90.810370,city
68685,QUICK FUEL #2403,"I-29/I-35/SR-71, EXIT 5B",Kansas City,MO,400,3.34400,1,3.34400,3.34400,39.099730,-94.578570,city
68689,CHEVRON,"I-10, EXIT 59 & SR-395",Roanoke,LA,690,3.60900,1,3.60900,3.60900,30.236870,-92.747090,city
68690,MARATHON,US-30 & SR-30,Mansfield,OH,315,3.49900,1,3.49900,3.49900,40.758390,-82.515450,city
68691,BYRNE DAIRY #43,"I-81, EXIT 36 & SR-13",Pulaski,NY,220,4.09900,1,4.09900,4.09900,43.567010,-76.127700,city
68692,DANDY MINI MART #57,SR-14,Horseheads,NY,190,3.89900,1,3.89900,3.89900,42.167020,-76.820510,city
68693,SUPER STOPS,SR-70 & SR-308,Belle Rose,LA,623,3.49900,1,3.49900,3.49900,30.050480,-91.041490,city
68696,STRIPES #40800,FM-351 & US-181,Beeville,TX,625,3.01567,1,3.01567,3.01567,28.400950,-97.749740,city
68697,STRIPES #40915,"I-35, EXIT 8 & SR-20 & FM-1472",Laredo,TX,693,2.97900,1,2.97900,2.97900,27.506410,-99.507540,city
68698,GAS N WASH,"I-80, EXIT 145 & SR-84",Mokena,IL,365,3.49900,1,3.49900,3.49900,41.526140,-87.889220,city
68699,ORGANIC CONNECTION MOBIL,SR-997,Homestead,FL,95,3.34400,1,3.34400,3.34400,25.468720,-80.477560,city
68701,SPEEDWAY #1421,US-45 & CR-74,Frankfort,IL,293,3.35650,4,3.29900,3.39900,41.495870,-87.848660,city
68702,QUIKTRIP #1120,"I-85, EXIT 90 & SR-105",Gaffney,SC,210,3.19067,1,3.19067,3.19067,35.071790,-81.649820,city
68708,LOVES TRAVEL STOP #476,"I-80, EXIT 292 & SR-130",Davenport,IA,270,3.86233,1,3.86233,3.86233,41.523640,-90.577640,city
68716,ALLTOWN MARKETS #833,I-95 EXIT 41,Milford,CT,100,3.59900,1,3.59900,3.59900,41.222320,-73.056500,city
68722,Pilot #140,US-40/US-191,Roosevelt,UT,835,3.75900,1,3.75900,3.75900,40.299400,-109.988760,city
68730,KENT KWIK #315,SR-158 & FM-1788,Midland,TX,710,3.43733,1,3.43733,3.43733,31.997350,-102.077910,city
68734,LOVES TRAVEL STOP #478,"I-15, EXIT 113",Idaho Falls,ID,825,3.75567,1,3.75567,3.75567,43.466580,-112.034140,city
68737,KWIK TRIP #691,"I-39, EXIT 161",Stevens Point,WI,395,3.55900,1,3.55900,3.55900,44.523580,-89.574560,city
68738,CASEYS #2316,US-136/SR-5 & SR-5,Unionville,MO,320,3.21400,1,3.21400,3.21400,40.476960,-93.003260,city
68740,Certified Oil #400352,US-20 & SR-510 & SR-101,Clyde,OH,550,3.37900,1,3.37900,3.37900,41.304220,-82.975190,city
68741,COUNTY LINE TRUCK STOP,SR-22,Dickinson,ND,273,3.53233,1,3.53233,3.53233,46.879180,-102.789620,city
68742,ARTESIA #401,SR-82 & SR-285,Artesia,NM,593,3.43900,1,3.43900,3.43900,32.842330,-104.403300,city
68796,MR FUEL #731,"I-70, EXIT 123 & SR-3",Spiceland,IN,375,3.69900,1,3.69900,3.69900,39.838380,-85.438860,city
68797,SPEEDWAY #1412,SR-43,Frankfort,IL,293,3.35900,1,3.35900,3.35900,41.495870,-87.848660,city
68798,PILOT DEALER #1179,SR-189,Nogales,AZ,980,4.24900,2,4.24900,4.24900,31.340380,-110.934250,city
68799,SHELL FOOD MART # 25,"I-20, EXIT 77 & SR-13",Morton,MS,705,3.19900,1,3.19900,3.19900,32.353760,-89.654520,city
68801,7-ELEVEN #40574,US-281,Blanco,TX,740,3.39900,1,3.39900,3.39900,30.097990,-98.421410,city
68803,SHELL,"I-45, EXIT 152",Madisonville,TX,670,3.18233,1,3.18233,3.18233,30.949910,-95.911620,city
68806,SHELL,US-90,Westwego,LA,725,3.06567,1,3.06567,3.06567,29.906040,-90.142300,city
68808,SPEEDWAY #4574,US-701,Loris,SC,245,3.26900,1,3.26900,3.26900,34.056280,-78.890300,city
68813,SPEEDWAY #8741,"I-96, EXIT 86 & SR-100",Eagle,MI,406,3.78900,1,3.78900,3.78900,42.807810,-84.788600,city
68814,TA HOLBROOK,"I-40/US-180, EXIT 283",Holbrook,AZ,580,3.65567,1,3.65567,3.65567,34.902250,-110.158180,city
68815,LOVES TRAVEL STOPS #471,"I-35, EXIT 127 & FM-471",Natalia,TX,740,3.24600,2,3.20300,3.28900,29.189680,-98.862530,city
68821,Joe's Kwik Mart #473,CR-139,Lancaster,NY,38,3.72900,2,3.65900,3.79900,42.900610,-78.670310,city
68822,CASEYS #3919,"I-35/US-50, EXIT 148 & SR-131",Lebo,KS,400,3.08900,1,3.08900,3.08900,38.416680,-95.853040,city
68823,FRIENDS FOOD MART,SR-13,Mansfield,OH,249,4.19900,1,4.19900,4.19900,40.758390,-82.515450,city
68824,EXPRESSWAY,SR-60 & CR-9,Heron Lake,MN,425,3.29900,1,3.29900,3.29900,43.794960,-95.320280,city
68825,ALLTOWN MARKETS #832,"I-95, EXIT 40",Milford,CT,100,3.59900,1,3.59900,3.59900,41.222320,-73.056500,city
68826,HIGHWAY SERVICE,US-44,Seekonk,MA,175,3.31900,1,3.31900,3.31900,41.808430,-71.337000,city
68828,CIRCLE K #2721540,US-78 & SR-15,New Albany,MS,435,3.75900,1,3.75900,3.75900,34.494270,-89.007840,city
68831,KWIK TRIP #896,SR-65 & CR-J,Minneapolis,MN,451,3.59900,1,3.59900,3.59900,44.979970,-93.263840,city
68835,SPEEDWAY #7954,US-258/SR-24,Richlands,NC,205,3.32400,1,3.32400,3.32400,34.899330,-77.546630,city
68836,Corner Market #160,US-60,Pampa,TX,585,3.39900,1,3.39900,3.39900,35.536160,-100.959870,city
68839,CHOCTAW TRAVEL PLAZA #641,US-69/SR-43,Stringtown,OK,560,3.15900,1,3.15900,3.15900,34.466760,-96.053330,city
68840,LOVES TRAVEL STOP #475,"I-20/US-84, EXIT 242 & FM-142",Sweetwater,TX,575,3.18900,1,3.18900,3.18900,32.470950,-100.405940,city
68841,PILOT TRAVEL CENTERS #575,"I-95, EXIT 1",Saint Marys,GA,75,3.59900,2,3.59900,3.59900,30.730510,-81.546490,city
68843,PILOT #467,"I-37, EXIT 125",San Antonio,TX,740,3.39900,1,3.39900,3.39900,29.424120,-98.493630,city
68844,FLYING J #553,"I-10, EXIT 259",Fort Stockton,TX,710,3.65900,1,3.65900,3.65900,30.894040,-102.879320,city
68845,PILOT TRAVEL CENTER #4651,"I-95, EXIT 4",Skippers,VA,180,3.79900,1,3.79900,3.79900,36.611820,-77.546650,city
68847,CIRCLE K #2741553,US-190/US-183 & US-281,Lampasas,TX,595,2.75900,1,2.75900,2.75900,31.063780,-98.181700,city
68848,CIRCLE K #2741328,"I-35, EXIT 328 & FM-2063",Hewitt,TX,765,2.86567,1,2.86567,2.86567,31.462390,-97.195840,city
68849,Circle K #2706632,US-80/SR-8 & CR-480,Selma,AL,720,3.69900,1,3.69900,3.69900,32.407360,-87.021100,city
68850,SPRINT MART #67,US-84/US-425,Vidalia,LA,730,3.08233,1,3.08233,3.08233,31.565440,-91.425950,city
68856,KWIK N EZ #1,"I-40, EXIT 265",Checotah,OK,645,2.90900,1,2.90900,2.90900,35.470100,-95.523040,city
68860,PETRO STOP #394,"I-35, EXIT 101 & FM-140",Pearsall,TX,740,3.53567,1,3.53567,3.53567,28.892190,-99.095030,city
68861,KWIK TRIP #733,SR-76/SR-44,Caledonia,MN,515,3.49067,1,3.49067,3.49067,43.634690,-91.496810,city
68864,QUICK FUEL #3190,"I-75, EXIT 68",Dayton,OH,317,3.67733,1,3.67733,3.67733,39.758950,-84.191610,city
68865,QUICK FUEL #3192,"I-275, EXIT 42B & SR-747",Cincinnati,OH,300,3.25233,1,3.25233,3.25233,39.127110,-84.514390,city
68868,PUMP & PANTRY #14,SR-92/SR-2,Broken Bow,NE,330,3.29900,1,3.29900,3.29900,41.401950,-99.639280,city
68869,PUMP & PANTRY #4,SR-2 & SR-11,Cairo,NE,330,3.32733,1,3.32733,3.32733,41.001120,-98.607570,city
68873,ONVO TRAVEL PLAZA - MOUNTAIN COBB,"I-84, EXIT 8",Lake Ariel,PA,200,3.58567,1,3.58567,3.58567,41.453970,-75.382680,city
68874,QUIKTRIP #492,"I-10, EXIT 114 & SR-85",Buckeye,AZ,930,3.36900,1,3.36900,3.36900,33.370320,-112.583780,city
68875,SHEETZ #512,"I-40, EXIT 203 & SR-66",Kernersville,NC,65,2.84400,1,2.84400,2.84400,36.119860,-80.073650,city
68882,CAPITAL FUELS MYTON,US-40/191,Myton,UT,835,3.50233,1,3.50233,3.50233,40.194400,-110.061820,city
68883,CBH TRAVEL CENTER,US-85,Belle Fourche,SD,506,3.29900,1,3.29900,3.29900,44.671370,-103.852150,city
68885,FLYING J #488,"I-35, EXIT 69",Cotulla,TX,693,3.59900,1,3.59900,3.59900,28.436930,-99.235030,city
68886,BEBO'S,SR-38,Kentwood,LA,600,3.01567,1,3.01567,3.01567,30.938240,-90.508980,city
68888,Express Lane,"US-80, EXIT 33 & US-6/SR-78",Annawan,IL,270,3.34900,2,3.29900,3.39900,41.397260,-89.904550,city
68890,Circle K #2741795,"I-430, EXIT 12 & SR-100",Maumelle,AR,695,3.18567,1,3.18567,3.18567,34.866760,-92.404320,city
68891,LOVES TRAVEL STOP #480,I-40 EXIT 364,Lenoir City,TN,405,3.43900,1,3.43900,3.43900,35.797300,-84.256030,city
68892,OLIVE EXXON,US-31,Holland,MI,371,3.79900,1,3.79900,3.79900,42.787520,-86.108930,city
68893,J & H FAMILY STORE,"I-96, EXIT 52 & SR-50",Lowell,MI,371,3.78900,1,3.78900,3.78900,42.933640,-85.341960,city
68894,ROCKFORD MOBIL MART,"US-131, EXIT 97",Rockford,MI,344,3.44900,2,3.29900,3.59900,43.120030,-85.560030,city
68895,J & H FAMILY STORE #103,"I-196, EXIT 62",Hudsonville,MI,344,3.39900,1,3.39900,3.39900,42.870860,-85.865040,city
68897,TA CARYVILLE,"I-75, EXIT 141",Pioneer,TN,405,3.00733,1,3.00733,3.00733,36.417580,-84.314100,city
68899,XTRAMART,SR-9,Westborough,MA,175,3.64900,1,3.64900,3.64900,42.269540,-71.616180,city
68900,DUCK THRU #41,US-17/SR-37,Hertford,NC,130,3.59900,1,3.59900,3.59900,36.190160,-76.466050,city
68901,SPEEDWAY #1224,"SR-741 & I-71, EXIT 25",Mason,OH,300,3.15900,1,3.15900,3.15900,39.360060,-84.309940,city
68902,CASEYS #3062,SR-281 & SR-160,Medicine Lodge,KS,357,3.11400,1,3.11400,3.11400,37.281130,-98.580360,city
68903,BIG D KWIK SHOP,SR-59,Gillette,WY,836,3.37900,1,3.37900,3.37900,44.291090,-105.502220,city
68907,QUIKTRIP #943,"I-35E, EXIT 405 & US-77",Waxahachie,TX,630,2.89567,1,2.89567,2.89567,32.386530,-96.848330,city
68908,SPEEDWAY #1804,"I-270, EXIT 32 & I-71, EXIT 116",Columbus,OH,315,3.69233,1,3.69233,3.69233,39.961180,-82.998790,city
68912,Chisholm Corner #13,"SR-19 & I-35, EXIT 72",Pauls Valley,OK,569,3.08900,1,3.08900,3.08900,34.740080,-97.222250,city
68913,CASEYS #3263,"I-90, EXIT 43 & SR-60",Worthington,MN,530,3.14233,1,3.14233,3.14233,43.619960,-95.596400,city
68915,PUMP & PANTRY #53,US-20,Jackson,NE,527,3.41233,1,3.41233,3.41233,42.448610,-96.564760,city
68916,YESWAY #1075,"I-20, EXIT 278",Tye,TX,575,2.87567,1,2.87567,2.87567,32.457620,-99.871480,city
68919,GULF MART 5150,"I-90 E, MM 117",Natick,MA,34,4.06567,1,4.06567,4.06567,42.283430,-71.349500,city
68921,GAS N GO,US-341/SR-7 & SR-96/SR-49,Fort Valley,GA,85,3.18233,1,3.18233,3.18233,32.553760,-83.887410,city
68923,STRIPES 7FLEET #42509,US-67 & SR-137,Big Lake,TX,612,3.59900,1,3.59900,3.59900,31.191540,-101.460390,city
68924,KWIK TRIP #326,"I-90, EXIT 171 & US-51 & US-14",Janesville,WI,420,3.37400,1,3.37400,3.37400,42.682790,-89.018720,city
68925,KWIK TRIP #874,"I-35, EXIT 132 & US-8",Chisago City,MN,448,3.32733,1,3.32733,3.32733,45.373580,-92.889940,city
68926,KWIK TRIP #872,SR-26,Jefferson,WI,420,3.38233,1,3.38233,3.38233,43.005560,-88.807330,city
68927,MARATHON,US-19 & SR-80,Rosedale,VA,185,3.74900,1,3.74900,3.74900,36.959280,-81.931240,city
68928,PILOT TRAVEL CENTER #475,"I-40, EXIT 196 & SR-41",Moriarty,NM,580,3.24400,1,3.24400,3.24400,34.990050,-106.049190,city
68929,SPEEDWAY #6953,"I-74/US-311, EXIT 65",High Point,NC,65,3.52900,1,3.52900,3.52900,35.955690,-80.005320,city
68930,PILOT #4569,"I-95, EXIT 5",Hardeeville,SC,195,3.37567,1,3.37567,3.37567,32.287140,-81.080670,city
68933,RUTTERS #23,US-30 & SR-462,Mountville,PA,70,3.97900,1,3.97900,3.97900,40.039260,-76.430800,city
68935,JACKSONS FOOD STORES #144,I-84 & SR-55,Nampa,ID,785,3.89900,1,3.89900,3.89900,43.540720,-116.563460,city
68936,AMOCO,US-421/SR-11 & SR-53,Burgaw,NC,245,3.59900,1,3.59900,3.59900,34.552110,-77.926100,city
68937,LANTZ CORNERS MINI MART #255,US-6 & US-219,Kane,PA,240,3.71567,1,3.71567,3.71567,41.662840,-78.811140,city
68938,TOOT N TOTUM #23,SR-136/207 & SR-152,Borger,TX,585,3.01567,1,3.01567,3.01567,35.667820,-101.397390,city
68941,ALLTOWN MARKETS #2743,"US-3, EXIT 28",North Billerica,MA,178,3.68233,1,3.68233,3.68233,42.583430,-71.284500,city
68946,FLYING J #97,"I-75, EXIT 64",Vandalia,OH,317,3.35233,1,3.35233,3.35233,39.890610,-84.198830,city
68947,PILOT TRAVEL CENTER #593,"I-10, EXIT 268",Tucson,AZ,980,3.30233,1,3.30233,3.30233,32.221740,-110.926480,city
68949,JOES KWIK MARTS #475,US-15 & SR-20,Orange,VA,180,3.33233,1,3.33233,3.33233,38.245410,-78.110830,city
68950,KWIK TRIP #608,US-52 & SR-30,Chatfield,MN,515,3.48233,1,3.48233,3.48233,43.845520,-92.189050,city
68951,KWIK TRIP #313,US-10 & SR-73,Neillsville,WI,395,3.33900,1,3.33900,3.33900,44.559960,-90.596250,city
68952,MAVERIK COUNTRY STORE #425,"I-84, EXIT 376, US-30/US-95",Fruitland,ID,785,3.36567,1,3.36567,3.36567,44.007660,-116.916550,city
68956,SPEEDWAY #4533,"US-18/US-12, EXIT 146",Madison,WI,448,3.59900,1,3.59900,3.59900,43.073050,-89.401230,city
68957,TA EXPRESS #6259,US-85/SR-200,Alexander,ND,273,3.52567,1,3.52567,3.52567,47.843080,-103.642700,city
68959,SPEEDWAY #5215,"I-70, EXIT 66 & SR-54",South Vienna,OH,315,3.15900,1,3.15900,3.15900,39.927000,-83.612420,city
68960,MAVERIK COUNTRY STORE #484,"I-15/84, EXIT 343 & SR-126",Ogden,UT,835,3.39233,1,3.39233,3.39233,41.223000,-111.973830,city
68964,JIFFY TRIP #201,US-64/SR-58,Cherokee,OK,337,3.26900,1,3.26900,3.26900,36.754470,-98.356740,city
68969,MAVERIK COUNTRY STORE #474,"I-80, EXIT 115, CR-154",Salt Lake City,UT,835,3.38900,1,3.38900,3.38900,40.760780,-111.891050,city
68971,FLYING J #580,"I-20, EXIT 121",Odessa,TX,710,3.56567,1,3.56567,3.56567,31.845680,-102.367640,city
68972,SUNOCO CLARA BARTON PLAZA #7005,NJTP MM 5 SB,Penns Grove,NJ,115,3.89900,1,3.89900,3.89900,39.729560,-75.467970,city
68974,STRIPES #40801,US-181 & SR-123 & CR-347,Karnes City,TX,625,3.17400,1,3.17400,3.17400,28.884980,-97.900840,city
68976,MAVERIK COUNTRY STORE #453,"I-80, EXIT 223 & SR-305",Battle Mountain,NV,835,3.38900,1,3.38900,3.38900,40.642130,-116.934270,city
68977,MAVERIK COUNTRY STORE #444,US-491 & US-666,Monticello,UT,835,3.48900,1,3.48900,3.48900,37.871380,-109.342890,city
68978,MAVERIK COUNTRY STORE #287,"I-84, EXIT 36 & US-30",Nampa,ID,785,3.38567,1,3.38567,3.38567,43.540720,-116.563460,city
68979,MAVERIK COUNTRY STORE #478,"I-40, EXIT 286 & SR-77",Holbrook,AZ,930,3.22400,1,3.22400,3.22400,34.902250,-110.158180,city
68981,PETRO-CARD 24 #910450,US-63 & US-36,Macon,MO,494,3.23900,1,3.23900,3.23900,39.742260,-92.472690,city
68982,SHELL,US-23,Grand Blanc,MI,342,3.79900,1,3.79900,3.79900,42.927530,-83.629950,city
68985,LOVES TRAVEL STOP #500,"I-35, EXIT 106",Eagleville,MO,320,3.78900,1,3.78900,3.78900,40.469170,-93.987170,city
68987,STRIPES #40535,I-35,Cotulla,TX,625,3.33900,1,3.33900,3.33900,28.436930,-99.235030,city
68988,7-ELEVEN #40547,US-281 & SR-29,Burnet,TX,740,2.95733,1,2.95733,2.95733,30.758240,-98.228360,city
68989,QUARLES #4907,SR-166,Norfolk,VA,130,3.80900,1,3.80900,3.80900,36.846810,-76.285220,city
68990,LOVES TRAVEL STOP #490,"I-24, EXIT 158",Jasper,TN,285,3.25233,1,3.25233,3.25233,35.074240,-85.626080,city
68991,LOVES TRAVEL STOPS #514,"I-90/US-395, EXIT 221 & SR-261",Ritzville,WA,970,3.98700,5,3.91900,4.04900,47.127550,-118.379990,city
68992,SHORT STOP #24,US-24,Saint Marys,KS,553,2.96733,1,2.96733,2.96733,39.194160,-96.071100,city
68993,SHORT STOP #22,SR-15,Clay Center,KS,316,2.97233,1,2.97233,2.97233,37.519460,-96.771140,city
68994,SHORT STOP #25,US-36 & SR-15,Washington,KS,316,2.90233,1,2.90233,2.90233,39.818060,-97.050860,city
68995,ALLTOWN MARKETS #839,"I-95, EXIT 10",Darien,CT,100,3.83233,1,3.83233,3.83233,41.078710,-73.469290,city
68996,BLU / DRIVEN FUELS,"I-15, EXIT 113",Idaho Falls,ID,825,3.47900,1,3.47900,3.47900,43.466580,-112.034140,city
69002,KWIK TRIP #863,US-10,Stevens Point,WI,395,3.58400,1,3.58400,3.58400,44.523580,-89.574560,city
69004,Maplefields,HWY 9 N & ROUTE 22,Ticonderoga,NY,39,3.74900,1,3.74900,3.74900,43.848670,-73.423450,city
69005,SPEEDWAY #1017,"I-70, EXIT 186 & SR-285",Lore City,OH,315,3.23233,1,3.23233,3.23233,39.984790,-81.458450,city
69006,PILOT #449,"I-70, EXIT 208",Belmont,OH,165,3.53900,1,3.53900,3.53900,39.729500,-84.139660,city
69007,SPEEDWAY #7136,US-41 & US-70,Nashville,TN,460,3.24233,1,3.24233,3.24233,36.165890,-86.784440,city
69008,SPEEDWAY #7137,SR-42 & SR-111,Cookeville,TN,460,3.07733,1,3.07733,3.07733,36.162840,-85.501640,city
69009,PILOT #1140,US-287,Rhome,TX,630,3.17567,1,3.17567,3.17567,33.053460,-97.471970,city
69010,PILOT TRAVEL CENTER #1023,US-69 & US-59/SR-287,Lufkin,TX,610,3.65900,1,3.65900,3.65900,31.338240,-94.729100,city
69013,SPEEDWAY #7124,US-231/SR-10,Lebanon,TN,460,3.02400,1,3.02400,3.02400,36.208110,-86.291100,city
69014,SPEEDWAY #4100,"I-94, EXIT 308 & US-41",Milwaukee,WI,448,3.59900,1,3.59900,3.59900,43.038900,-87.906470,city
69015,Joe's Kwik Mart,"I-75, EXIT 7 & US-11 & US-64",Chattanooga,TN,285,3.14900,1,3.14900,3.14900,35.045630,-85.309680,city
69016,SPEEDWAY #7606,"I-75, EXIT 25",Corbin,KY,405,3.51900,1,3.51900,3.51900,36.948700,-84.096880,city
69017,SHELL,US-71 & SR-511,Bossier City,LA,745,2.99900,1,2.99900,2.99900,32.515990,-93.732120,city
69021,SWEET CRUDE TRAVEL CENTER,HWY 85 & SR 200,Grassy Butte,ND,273,3.64067,1,3.64067,3.64067,47.392510,-103.247970,city
69027,SPINX #134 (DISCOUNT AVAILABLE),SR-55 & 418,Simpsonville,SC,30,3.06567,1,3.06567,3.06567,34.737060,-82.254280,city
69028,LOVES TRAVEL STOP #427,"I-75, EXIT 51",Dayton,OH,317,3.31900,1,3.31900,3.31900,39.758950,-84.191610,city
69029,LOVES TRAVEL STOP #461,"I-70, EXIT 246A",Saint Louis,MO,540,3.11400,1,3.11400,3.11400,38.627270,-90.197890,city
69030,LOVES TRAVEL STOP #424,"I-20, EXIT 51",Lexington,SC,135,3.40733,1,3.40733,3.40733,33.981540,-81.236210,city
69031,LOVES TRAVEL STOPS #492,"I-20, EXIT 42 & US-285",Pecos,TX,710,3.45200,2,3.44900,3.45500,31.422910,-103.493230,city
69036,REFUEL #1038,US-15 & SR-151,Hartsville,SC,46,3.36567,1,3.36567,3.36567,34.374040,-80.073400,city
69037,CIRCLE K #2723192,US-64 & US-421,Siler City,NC,177,2.94900,1,2.94900,2.94900,35.723470,-79.462240,city
69038,REFUEL #1028,US-421/US-52 & US-15,Society Hill,SC,63,3.39900,1,3.39900,3.39900,34.512660,-79.850900,city
69041,SPEEDWAY #7960,US-258/US-13,Farmville,NC,205,2.89900,1,2.89900,2.89900,35.595440,-77.585250,city
69042,Joes Kwik Mart #7012,US-17/701,Georgetown,SC,205,2.99900,1,2.99900,2.99900,33.376830,-79.294500,city
69043,KWIK TRIP #204,"US-51, EXIT 188",Wausau,WI,395,3.33233,1,3.33233,3.33233,44.959140,-89.630120,city
69045,TA BRUNSWICK #6258,"I-95, EXIT 29",Brunswick,GA,75,3.46067,1,3.46067,3.46067,31.150130,-81.491470,city
69046,SPEEDWAY #6303,"I-96, EXIT 4 & US-31",Muskegon,MI,456,3.32700,5,3.27900,3.37900,43.234180,-86.248390,city
69047,SPEEDWAY #7461,I-294 & SR-50/SR-31,Alsip,IL,293,3.21900,1,3.21900,3.21900,41.668920,-87.738660,city
69048,QUICK FUEL #2104,"I-74, EXIT 11",Indianapolis,IN,375,3.66233,1,3.66233,3.66233,39.768380,-86.158040,city
69049,CIRCLE K #2741787,"I-440, EXIT 7 & US-165",North Little Rock,AR,695,3.36900,1,3.36900,3.36900,34.769540,-92.267090,city
69051,PILOT TRAVEL CENTER #1225,"I-64, EXIT 23 & SR-4",Mascoutah,IL,540,3.83900,3,3.79900,3.85900,38.490330,-89.793150,city
69052,PILOT DEALER #1193,US-93,Wikieup,AZ,930,3.86900,2,3.83900,3.89900,34.703350,-113.611320,city
69053,PILOT DEALER #1192,US-60,Wittmann,AZ,930,4.89900,2,4.89900,4.89900,33.776420,-112.528500,city
69055,PILOT TRAVEL CENTER #1058,US-301 & SR-200,Waldo,FL,140,3.79900,2,3.79900,3.79900,29.789690,-82.167320,city
69057,MACH ONE FOOD SHOP #18,US-45/SR-15,Fairfield,IL,340,3.74400,2,3.72900,3.75900,42.219190,-88.061470,city
69058,FOOD N FUEL,SR-53,Joliet,IL,365,3.54900,2,3.49900,3.59900,41.525190,-88.083400,city
69059,LOVES TRAVEL STOP #530,"I-20, EXIT 147",Moody,AL,615,3.17567,1,3.17567,3.17567,33.590940,-86.490820,city
69061,SPINX #125 (DISCOUNT AVAILABLE),US-25 & SR-331,Piedmont,SC,30,3.06567,1,3.06567,3.06567,34.702340,-82.464570,city
69064,DUCK THRU #7,US-258,Rich Square,NC,130,3.69900,1,3.69900,3.69900,36.274040,-77.284410,city
69067,AP FUEL STOP,"I-75, EXIT 120",Lima,OH,411,3.08067,1,3.08067,3.08067,40.742550,-84.105230,city
69069,SPINX #179 (DISCOUNT AVAILABLE),SR-291,Greenville,SC,210,3.79900,1,3.79900,3.79900,34.852620,-82.394010,city
69073,LOVES TRAVEL CENTER #518,"I-15, EXIT 260 & SR-77",Springville,UT,835,3.74900,2,3.68900,3.80900,40.165230,-111.610750,city
69076,A PLUS MINI MARKET,"I-95, MM 82",Aberdeen,MD,22,3.83233,1,3.83233,3.83233,39.509560,-76.164120,city
69077,FLYING J #554,"I-37, EXIT 56",George West,TX,740,3.19900,1,3.19900,3.19900,28.332500,-98.117510,city
69078,PILOT #559,"I-20, EXIT 178",Big Spring,TX,612,3.65900,1,3.65900,3.65900,32.250400,-101.478740,city
69079,Circle K #2746432,SR-2,Stanley,ND,452,3.54900,1,3.54900,3.54900,48.317240,-102.390450,city
69084,TIGER MART #79,SR-287 & FM-664,Waxahachie,TX,630,2.84900,1,2.84900,2.84900,32.386530,-96.848330,city
69085,FATDOGS OGALLALA,"US-80, EXIT 126 & US-26/SR-61",Ogallala,NE,475,3.01400,1,3.01400,3.01400,41.128050,-101.719620,city
69088,SPEEDWAY #3478,US-9 & SR-184,Perth Amboy,NJ,115,3.41900,1,3.41900,3.41900,40.506770,-74.265420,city
69091,SPEEDWAY #6670,US-36/SR-67,Indianapolis,IN,375,3.22900,1,3.22900,3.22900,39.768380,-86.158040,city
69095,JACKSONS FOOD STORE #23,"SR-395, EXIT 78",Reno,NV,966,3.99900,1,3.99900,3.99900,39.529630,-119.813800,city
69096,SPEEDWAY #2907,US-62 & SR-18,Hermitage,PA,165,3.93733,1,3.93733,3.93733,41.233390,-80.448680,city
69097,CIRCLE K #2741192,"I-30, EXIT 42B & SR-180",Dallas,TX,630,2.89900,1,2.89900,2.89900,32.783060,-96.806670,city
69098,CIRCLE K #2741318,SR-285 & CR-160,Dripping Springs,TX,595,3.04900,1,3.04900,3.04900,30.190210,-98.086680,city
69099,LOVES TRAVEL STOP #523,"I-10, EXIT 92",Rayne,LA,600,3.14900,1,3.14900,3.14900,30.234930,-92.268460,city
69100,DADS NORTH YELLOWSTONE,US-26,Idaho Falls,ID,825,3.59900,1,3.59900,3.59900,43.466580,-112.034140,city
69101,BROMPTON VALERO,"I-20, EXIT 147 WEST",Moody,AL,615,3.12233,1,3.12233,3.12233,33.590940,-86.490820,city
69102,CIRCLE K #4701445,"I-57, EXIT 250 & US-36",Rantoul,IL,280,3.69900,2,3.59900,3.79900,40.308370,-88.155880,city
69103,LOVES TRAVEL STOP #539,US-385 & FM-1910,Andrews,TX,710,3.68900,1,3.68900,3.68900,32.318720,-102.545720,city
69104,QUIKTRIP #970,SR-12 & SR-180,Dallas,TX,630,2.97567,1,2.97567,2.97567,32.783060,-96.806670,city
69106,SPINX #201,"I-185, EXIT 1A, I-385, EXIT 30",Simpsonville,SC,30,2.96567,1,2.96567,2.96567,34.737060,-82.254280,city
69109,SHEETZ #497,"I-99, EXIT 15 & US-220 (BUSINESS)",Claysburg,PA,14,3.64400,1,3.64400,3.64400,40.296740,-78.449740,city
69110,SHEETZ #498,US-22/US-119,Blairsville,PA,165,3.52733,1,3.52733,3.52733,40.431180,-79.260870,city
69112,LOVES TRAVEL STOP #529,"I-39, EXIT 54",Oglesby,IL,290,3.48900,3,3.38900,3.58900,41.295310,-89.059530,city
69115,BP,"I-90, EXIT 387/CR-151",Hartford,SD,530,2.97733,1,2.97733,2.97733,43.623030,-96.942550,city
69117,SPEEDWAY #6395,US-24 & SR-64,Waterville,OH,550,3.69900,1,3.69900,3.69900,41.500890,-83.718270,city
69119,CIRCLE K #2741217,"I-24, EXIT 242 & US-550/SR-24",Bernalillo,NM,580,3.52567,1,3.52567,3.52567,35.300040,-106.551140,city
69122,DOUBLE QUICK #61,US-82,Leland,MS,655,3.29900,1,3.29900,3.29900,33.405390,-90.897600,city
69123,LATTA TRAVEL STOP,SR-1,Ada,OK,569,3.10733,1,3.10733,3.10733,34.774530,-96.678340,city
69124,LOVES TRAVEL STOP #467,"I-95, EXIT 131 & SR-68",Fort Pierce,FL,95,3.50567,1,3.50567,3.50567,27.446710,-80.325610,city
69125,TA BROOKLYN,"I-80, EXIT 197",Brooklyn,IA,380,3.81900,1,3.81900,3.81900,41.733610,-92.445460,city
69127,TALL TIMBERS TRUCK STOP,"I-55, EXIT 46 & SR-16",Amite,LA,600,2.99900,1,2.99900,2.99900,30.726570,-90.508980,city
69128,BEACON & BRIDGE #34,"US-127, EXIT 194 & SR-55",Houghton Lake,MI,260,3.39900,1,3.39900,3.39900,44.314740,-84.764750,city
69132,PILOT #1001,US-67 & SR-137,Big Lake,TX,710,4.05900,1,4.05900,4.05900,31.191540,-101.460390,city
69133,PILOT TRAVEL CENTERS #557,US-180 & US-62,Hobbs,NM,593,3.72900,1,3.72900,3.72900,32.702610,-103.136040,city
69134,LOVES TRAVEL STOP #486,"I-40 & US-270, EXIT 166",Choctaw,OK,483,3.33733,1,3.33733,3.33733,35.497560,-97.268920,city
69135,SPEEDWAY #8013,"I-70, EXIT 21",Brookville,OH,317,3.34067,1,3.34067,3.34067,39.836720,-84.411340,city
69137,CIRCLE K #2741564,"I-35/US-77, EXIT 338B",Waco,TX,765,2.88900,1,2.88900,2.88900,31.549330,-97.146670,city
69139,CIRCLE K #2741545,SR-72 & US-87,Cuero,TX,747,3.09900,1,3.09900,3.09900,29.093870,-97.289160,city
69141,LOVES TRAVEL STOP #558,US-283 & US-400/US-56,Dodge City,KS,570,3.78900,1,3.78900,3.78900,37.752800,-100.017080,city
69142,LOVES TRAVEL STOP #517,"I-70, EXIT 26 & US-50/6",Grand Junction,CO,800,3.98900,1,3.98900,3.98900,39.063870,-108.550650,city
69143,MACH 1 #21,US-45 & SR-34,Harrisburg,IL,510,3.68900,1,3.68900,3.68900,37.738380,-88.540610,city
69144,STRIPES 7FLEET #42530,SR-71 & SR-16,Llano,TX,740,3.23233,1,3.23233,3.23233,30.759350,-98.675040,city
69145,SPEEDWAY #9561,"I-77, EXIT 132",Ripley,WV,44,3.49900,1,3.49900,3.49900,38.818700,-81.710690,city
69146,DRUMS FUEL STOP,I-80 EXIT 262,Drums,PA,200,3.56900,1,3.56900,3.56900,41.018140,-75.994930,city
69149,BLU STATION- LAMAR AVE,"I-240, EXIT 30",Memphis,TN,435,2.96900,1,2.96900,2.96900,35.149530,-90.048980,city
69150,BLU STATION,"I-70, EXIT 66 & SR-267",Plainfield,IN,375,3.47900,1,3.47900,3.47900,39.704210,-86.399440,city
69151,PILOT TRAVEL CENTER #592,"I-70, EXIT 26 & US-50",Grand Junction,CO,800,3.99900,2,3.99900,3.99900,39.063870,-108.550650,city
69152,LOVES TRAVEL STOP #557,"US-64/167, EXIT 44 & SR-367",Searcy,AR,695,3.36233,1,3.36233,3.36233,35.250640,-91.736250,city
69153,Pilot Travel Center #1550,"I-65, EXIT 304 & SR-69/CR-437",Cullman,AL,615,3.85900,2,3.85900,3.85900,34.174820,-86.843610,city
69155,PILOT TRAVEL CENTERS #1004,"I-35, EXIT 214 & US-60",Tonkawa,OK,500,3.59567,1,3.59567,3.59567,36.678370,-97.310040,city
69156,BLU STATION,"I-55, EXIT 5A",Memphis,TN,435,2.96900,1,2.96900,2.96900,35.149530,-90.048980,city
69159,EXXON,US-15 & SR-49,Lawrenceville,PA,32,3.69900,1,3.69900,3.69900,40.467570,-79.960610,city
69162,Shell,US-20 & SR-15,Goshen,IN,370,3.54900,1,3.54900,3.54900,41.582270,-85.834440,city
69163,CUBBYS #406,"I-229, EXIT 9 & SR-115",Sioux Falls,SD,530,3.09900,1,3.09900,3.09900,43.543690,-96.727960,city
69164,CIRCLE K #2741557,US-190 & SR-195 & SR-3470,Killeen,TX,765,2.76233,1,2.76233,2.76233,31.117120,-97.727800,city
69165,EL TIPI QUICK STOP,US-283 & SR-15,Shattuck,OK,337,3.23233,1,3.23233,3.23233,36.276140,-99.882760,city
69167,HOBO TRUCK STOP 2,US-50/400 & US-83,Garden City,KS,525,3.39900,1,3.39900,3.39900,37.971690,-100.872660,city
69168,STRIPES 7FLEET #42470,I-20 EXIT 324 & CR-134,Cisco,TX,575,3.12733,1,3.12733,3.12733,32.388190,-98.979230,city
69169,LAMBOS #5,"I-57, EXIT 212 & SR-36/CR-950",Tuscola,IL,280,3.22900,1,3.22900,3.22900,39.799200,-88.283100,city
69170,SPEEDWAY #9381,US-50 & SR-14,Parkersburg,WV,430,3.46400,1,3.46400,3.46400,39.266740,-81.561510,city
69171,KWIK STAR #215,US-61,Davenport,IA,270,3.64900,1,3.64900,3.64900,41.523640,-90.577640,city
69172,KWIK TRIP #210,"US-53, EXIT 90",Eau Claire,WI,295,3.40733,1,3.40733,3.40733,44.811350,-91.498490,city
69173,KWIK TRIP #231,US-61 & SR-310,Boscobel,WI,335,3.47400,1,3.47400,3.47400,43.134430,-90.705400,city
69174,KWIK TRIP #860,SR-17,Rhinelander,WI,395,3.45233,1,3.45233,3.45233,45.636620,-89.412080,city
69175,KWIK TRIP #854,US-212 & CR-33,Norwood Young America,MN,453,3.67400,1,3.67400,3.67400,44.773570,-93.921630,city
69176,FLYING J TRAVEL PLAZA #1015- TOWN PUMP,SR-200/SR-16 & CR-123,Sidney,MT,780,3.38400,1,3.38400,3.38400,47.716680,-104.156330,city
69177,LOVES TRAVEL STOP #426,"I-80, EXIT 34",Shelby,IA,433,3.64900,1,3.64900,3.64900,41.516100,-95.450280,city
69178,LOVES TRAVEL STOP #495,"I-75, EXIT 143 & CR-78",North Fort Myers,FL,225,3.78900,1,3.78900,3.78900,26.667290,-81.880090,city
69182,XtraMart #1513,"I-87, EXIT 10 & US-9",Clifton Park,NY,12,3.89900,1,3.89900,3.89900,42.865630,-73.770950,city
69183,SPEEDWAY #7611,"I-71, EXIT 65 & SR-435",Jeffersonville,OH,315,3.22900,1,3.22900,3.22900,39.653670,-83.563810,city
69185,LOVES TRAVEL STOPS #560,US-258 & US-58,Franklin,VA,130,3.88900,2,3.88900,3.88900,36.677650,-76.922460,city
69186,LOVES TRAVEL STOP #551,US-20 & CR-127,Angola,IN,465,3.88900,1,3.88900,3.88900,41.634770,-84.999410,city
69187,LOVES TRAVEL STOP #559,US-82 & US-49,Indianola,MS,655,3.31567,1,3.31567,3.31567,33.450950,-90.655090,city
69188,PILOT TRAVEL CENTER #1013-TOWN PUMP,"I-90, EXIT 298",Belgrade,MT,786,3.63067,1,3.63067,3.63067,45.776040,-111.176900,city
69189,LOVES TRAVEL STOP #542,"I-10, EXIT 261/US-67 & I-10 BUS",Fort Stockton,TX,710,3.64900,1,3.64900,3.64900,30.894040,-102.879320,city
69190,LOVES TRAVEL STOP #561,"I-10, EXIT 70 & US-90 & SR-285",Defuniak Springs,FL,20,3.60900,1,3.60900,3.60900,30.721020,-86.115220,city
69193,Certified Oil #400305,SR-2 & SR-7,New Martinsville,WV,317,3.31733,1,3.31733,3.31733,39.644520,-80.857600,city
69194,CHESAPEAKE HOUSE SUNOCO,"I-95, EXIT 97",North East,MD,243,3.83233,1,3.83233,3.83233,39.600110,-75.941330,city
69200,BECKS EXPRESS MART #22,"I-55, EXIT 126",Lincoln,IL,280,3.29900,1,3.29900,3.29900,40.148380,-89.364820,city
69201,CASEYS #3654,SR-210,Brainerd,MN,522,3.44567,1,3.44567,3.44567,46.358020,-94.200830,city
69203,SPEEDWAY #1414,US-45,Mokena,IL,293,3.33900,1,3.33900,3.33900,41.526140,-87.889220,city
69207,CIRCLE K #2705988,"I-10, EXIT 209A & US-90/SR-10",Tallahassee,FL,20,3.61900,1,3.61900,3.61900,30.438260,-84.280730,city
69211,KWIK TRIP #213,"I-35/US-61, EXIT 139 & CR-19",Stacy,MN,451,3.37733,1,3.37733,3.37733,45.398020,-92.987440,city
69213,Circle K #2741498,SR-72 & SR-16,Tilden,TX,747,3.19900,1,3.19900,3.19900,28.461940,-98.549180,city
69214,MAVERIK #5031,"I-70, EXIT 90 & US-24",Rifle,CO,800,3.46233,1,3.46233,3.46233,39.534700,-107.783120,city
69215,GASWAY,US-1,North Brunswick,NJ,115,3.15900,1,3.15900,3.15900,40.454000,-74.482000,city
69217,Circle K #4705624,"I-76, EXIT 2 & US-224",Seville,OH,249,3.06567,1,3.06567,3.06567,41.010060,-81.862360,city
69218,DANDY MINI MART #58,"I-86, EXIT 41 & US-17/15",Campbell,NY,32,3.94900,2,3.89900,3.99900,42.233130,-77.197470,city
69220,CIRCLE K #2705097,"I-275, EXIT 2 & US-41",Palmetto,FL,225,3.69900,1,3.69900,3.69900,27.521430,-82.572320,city
69221,PILOT TRAVEL CENTER #483,"I-80, EXIT 112 & SR-47",Morris,IL,290,3.79900,1,3.79900,3.79900,41.357250,-88.421180,city
69222,PILOT TRAVEL CENTERS #1003,US-287 & US-283,Childress,TX,585,3.79900,1,3.79900,3.79900,34.426450,-100.204000,city
69223,LOVES TRAVEL STOP #566,"US-231/CR-53, EXIT 12",Ozark,AL,20,3.98900,1,3.98900,3.98900,31.459060,-85.640490,city
69226,STRIPES #40812,US-77,Odem,TX,625,3.19900,1,3.19900,3.19900,27.950570,-97.582220,city
69228,QUIKTRIP #993,"I-20, EXIT 501 & SR-34",Terrell,TX,630,2.87067,1,2.87067,2.87067,32.735960,-96.275260,city
69229,SPEEDWAY #7154,"I-40, EXIT 87 & US-70",Jackson,TN,460,3.39900,1,3.39900,3.39900,35.614520,-88.813950,city
69230,JOES KWIK MARTS #6013,SR-16 & SR-73,Denver,NC,46,3.18900,1,3.18900,3.18900,35.531250,-81.029800,city
69233,PILOT TRAVEL CENTER #597,US-23 & US-50,Chillicothe,OH,315,3.79900,1,3.79900,3.79900,39.333120,-82.982400,city
69234,KWIK TRIP #220,US-53/SR-194,Duluth,MN,334,3.49900,1,3.49900,3.49900,46.783270,-92.106580,city
69235,KWIK TRIP #203,US-2 & SR-35,Superior,WI,334,3.33900,1,3.33900,3.33900,46.720770,-92.104080,city
69236,KWIK TRIP #225,SR-54/SR-55,Seymour,WI,582,3.39067,1,3.39067,3.39067,44.514990,-88.330380,city
69237,KWIK TRIP #239,"I-43, EXIT 50 & SR-164",Big Bend,WI,444,3.33233,1,3.33233,3.33233,42.881400,-88.206760,city
69238,KWIK TRIP #242,"US-41, EXIT 97",Fond Du Lac,WI,444,3.34067,1,3.34067,3.34067,43.775000,-88.438830,city
69239,LOVES TRAVEL STOP #580,SR-20/157 & SR-133,Tuscumbia,AL,615,3.84900,1,3.84900,3.84900,34.731200,-87.702530,city
69245,SPEEDWAY #7946,SR-24,Newport,NC,205,3.69900,1,3.69900,3.69900,34.786550,-76.859110,city
69250,MAVERIK #5150,"I-25, EXIT 278 & SR-1",Wellington,CO,800,3.19900,1,3.19900,3.19900,40.703870,-105.008590,city
69252,SPEEDWAY #6977,SR-96,Youngsville,NC,205,2.95233,1,2.95233,2.95233,36.024870,-78.474440,city
69255,THE LANDING,US-82,Greenwood,MS,655,3.19900,1,3.19900,3.19900,33.516230,-90.179530,city
69257,CATARINA ONE STOP,US-83,Catarina,TX,693,3.02400,1,3.02400,3.02400,28.345550,-99.613380,city
69258,TEX-BEST #525,"I-37, EXIT 109 & SR-97",Pleasanton,TX,740,3.09900,1,3.09900,3.09900,28.967190,-98.478630,city
69259,SPEEDWAY #7162,US-74/SR-311,Cleveland,TN,285,3.44900,1,3.44900,3.44900,35.159520,-84.876610,city
69261,THORNTONS #314,SR-83,Bensenville,IL,290,3.43900,3,3.40900,3.45900,41.955030,-87.940070,city
69263,LOVES TRAVEL STOP #564,US-82 & SR-50 & SR-12,Columbus,MS,615,3.24900,1,3.24900,3.24900,33.495670,-88.427260,city
69288,KWIK STAR #207,"US-61, EXIT 311B & US-30",De Witt,IA,270,3.62400,1,3.62400,3.62400,41.823360,-90.538190,city
69289,KWIK TRIP #224,"I-35, EXIT 254",Duluth,MN,334,3.49900,1,3.49900,3.49900,46.783270,-92.106580,city
69290,LOVES TRAVEL STOP #587,"I-41/US-45, EXIT 97",Fond Du Lac,WI,444,3.44567,1,3.44567,3.44567,43.775000,-88.438830,city
69291,LOVES TRAVEL STOP #581,"I-70, EXIT 56 & US-89",Salina,UT,835,3.70567,1,3.70567,3.70567,38.957740,-111.859930,city
69294,KWIK TRIP #317,"I-90, EXIT 28 & SR-16",Sparta,WI,515,3.24233,1,3.24233,3.24233,43.944130,-90.812910,city
69296,KWIK TRIP #234,"I-35, EXIT 239",Cloquet,MN,334,3.31900,1,3.31900,3.31900,46.721610,-92.459360,city
69297,KWIK TRIP #241,"US-51, EXIT 208 & SR-64",Merrill,WI,395,3.40733,1,3.40733,3.40733,45.180520,-89.683460,city
69299,SPEEDWAY #7912,US-421/SR-16,Wilkesboro,NC,65,3.13400,1,3.13400,3.13400,36.145960,-81.160640,city
69300,SPEEDWAY #8262,SR-306 & SR-55,Grantsboro,NC,205,3.44067,1,3.44067,3.44067,35.140440,-76.842440,city
69301,SPEEDWAY #6969,US-264 & SR-99,Belhaven,NC,205,3.19733,1,3.19733,3.19733,35.540170,-76.622990,city
69305,ROAD RANGER #268,"I-64, EXIT 130 & SR-1",Grayville,IL,340,3.79900,1,3.79900,3.79900,38.257550,-87.993640,city
69306,PILOT TRAVEL CENTER #500,"I-75, EXIT 460 & SR-6",Jasper,FL,10,3.36900,1,3.36900,3.36900,30.518270,-82.948190,city
69307,LOVES TRAVEL STOP #578,I-55 EXIT 30 & SR-140,Hamel,IL,540,3.52650,4,3.41900,3.68900,38.888940,-89.845380,city
69308,LOVES TRAVEL STOP #535,SR-283,Middletown,PA,70,3.75900,1,3.75900,3.75900,40.199810,-76.731080,city
69309,PILOT TRAVEL CENTER #1012,"US-218, EXIT 42B & US-34",Mount Pleasant,IA,270,3.56567,1,3.56567,3.56567,40.963640,-91.557940,city
69310,PILOT TRAVEL CENTER #1006,"I-10, EXIT 456 & US-377",Junction,TX,740,3.59900,1,3.59900,3.59900,30.489360,-99.772010,city
69311,GOLDEN GATE TRUCKSTOP HAWTHORNE,US-95/SR-362,Hawthorne,NV,966,4.07900,1,4.07900,4.07900,38.524640,-118.624580,city
69312,ONVO TRAVEL PLAZA - DUNCANNON,US-11/15,Duncannon,PA,70,3.55233,1,3.55233,3.55233,40.398140,-77.023030,city
69313,PETERSONS DIESEL FUELING,"I-5, EXIT 156",Seattle,WA,962,4.39900,1,4.39900,4.39900,47.606210,-122.332070,city
69314,Circle K #4706799,"I-55, EXIT 283 & SR-43",Bridgeview,IL,291,3.91900,1,3.91900,3.91900,41.750030,-87.804220,city
69315,ROAD RANGER #269,"I-70, EXIT 147 & SR-1",Marshall,IL,510,3.33567,3,3.24900,3.44900,39.391430,-87.693640,city
69318,FUEL ONE,US-9 & SR-35,Avenel,NJ,115,3.37233,1,3.37233,3.37233,40.580380,-74.285150,city
69319,SPEEDWAY #8190,US-117/13 BYP S,Goldsboro,NC,205,3.59900,1,3.59900,3.59900,35.384880,-77.992770,city
69321,CIRCLE K #2741546,US-90,Gonzales,TX,747,2.87567,1,2.87567,2.87567,29.501630,-97.452490,city
69322,SHELL SERVICE STATION,"I-10, EXIT 828 & SR-73",Winnie,TX,610,3.23233,1,3.23233,3.23233,29.820220,-94.384080,city
69324,CIRCLE K #4707006,"I-95, EXIT 302 & US-1",Houlton,ME,170,3.89900,1,3.89900,3.89900,46.126160,-67.840300,city
69330,KWIK TRIP #292,"I-43, EXIT 183",Green Bay,WI,582,3.39067,1,3.39067,3.39067,44.519160,-88.019830,city
69333,SPEEDWAY #3578,"US-131, EXIT 64",Wayland,MI,456,3.59900,3,3.49900,3.69900,42.673920,-85.644740,city
69336,SPEEDWAY #7148,"I-40, EXIT 232 & SR-109",Lebanon,TN,460,2.92233,1,2.92233,2.92233,36.208110,-86.291100,city
69338,SPEEDWAY #6139,US-30 & SR-13,Pierceton,IN,465,3.72900,1,3.72900,3.72900,41.200320,-85.705540,city
69339,SPEEDWAY #9383,"I-75, EXIT 29 & SR-63",Monroe,OH,300,3.20233,1,3.20233,3.20233,39.440340,-84.362160,city
69341,CIRCLE K #2741067,"I-410/US-281, EXIT 41",San Antonio,TX,740,2.89900,1,2.89900,2.89900,29.424120,-98.493630,city
69342,WARREN OIL,"I-90, EXIT 3 & US-41 & SR-912",Hammond,IN,365,3.43900,1,3.43900,3.43900,41.583370,-87.500040,city
69344,CIRCLE K #2741078,SR-97 & SR-123,Stockdale,TX,747,3.07900,1,3.07900,3.07900,29.236910,-97.960000,city
69345,RUTTERS #20,"I-76, EXIT 247 & I-283, EXIT 1A",Middletown,PA,70,3.82233,1,3.82233,3.82233,40.199810,-76.731080,city
69346,D AND C FUEL SALES,US-6 & CR-4019,Tunkhannock,PA,200,3.69900,1,3.69900,3.69900,41.538690,-75.946590,city
69353,SPEEDWAY #2910,"I-79, EXIT 55",Pittsburgh,PA,165,3.90900,1,3.90900,3.90900,40.440620,-79.995890,city
69354,CIRCLE K #4702411,US-36,Danville,IN,375,3.78900,1,3.78900,3.78900,39.760600,-86.526390,city
69362,HART MARATHON,US-31,Hart,MI,456,3.47400,2,3.44900,3.49900,43.698340,-86.363970,city
69365,Circle K #4703911,SR-109 & SR-52,Portland,TN,460,2.95900,1,2.95900,2.95900,36.581710,-86.516380,city
69369,SPEEDWAY #2912,SR-65,Baden,PA,165,3.91233,1,3.91233,3.91233,40.635070,-80.228120,city
69374,7-ELEVEN #40558,SR-6 & CR-185,Woodway,TX,765,2.98567,1,2.98567,2.98567,31.506000,-97.205010,city
69377,CIRCLE K #4705628,SR-21 & SR-585,Barberton,OH,249,3.58233,1,3.58233,3.58233,41.012830,-81.605120,city
69379,Kum & Go #0535,US-6 & US-65,Des Moines,IA,320,2.98733,1,2.98733,2.98733,41.600540,-93.609110,city
69380,CASEYS #2967,SR-43 & SR-2,Bennet,NE,413,3.22900,1,3.22900,3.22900,40.680000,-96.506400,city
69384,KWIK TRIP #209,"US-41, EXIT 148 & SR-55",Kaukauna,WI,582,3.36900,1,3.36900,3.36900,44.278040,-88.272050,city
69390,MINIT MART #600625,"I-57, EXIT 283 & US-24",Gilman,IL,280,3.44400,2,3.39900,3.48900,40.766700,-87.992260,city
69392,LOVES TRAVEL STOP #600,"I-69, EXIT 214",Pendleton,IN,457,3.57567,1,3.57567,3.57567,39.997540,-85.746640,city
69393,LOVES TRAVEL STOP #594,US-35 & SR-850,Bidwell,OH,315,3.84900,1,3.84900,3.84900,38.918690,-82.299040,city
69394,SPEEDWAY #3424,"I-75, EXIT 73 & SR-55",Troy,OH,411,3.13567,1,3.13567,3.13567,40.039500,-84.203280,city
69395,SPEEDWAY #3766,US-52,Indianapolis,IN,375,3.59900,1,3.59900,3.59900,39.768380,-86.158040,city
69396,SPEEDWAY #7158,"I-40, EXIT 320 & SR-98",Crossville,TN,460,3.07233,1,3.07233,3.07233,35.948960,-85.026900,city
69397,SPEEDWAY #7163,"I-40/US-412, EXIT 85",Jackson,TN,460,3.34900,1,3.34900,3.34900,35.614520,-88.813950,city
69398,SPEEDWAY #7114,"I-75, EXIT 4, SR-153, EXIT 1 & US-64/US-11",Chattanooga,TN,285,3.08233,1,3.08233,3.08233,35.045630,-85.309680,city
69399,SPEEDWAY #7147,"I-75, EXIT 49 & SR-30",Athens,TN,285,3.34900,1,3.34900,3.34900,35.442850,-84.592990,city
69400,CASEYS #4411,US-641 & SR-58,Benton,KY,490,3.19900,1,3.19900,3.19900,36.857280,-88.350310,city
69401,CASEYS #3205,"I-29, EXIT 47 & US-275/SR-92",Council Bluffs,IA,319,3.59900,1,3.59900,3.59900,41.261940,-95.860830,city
69402,SHELL,"I-71, EXIT 151 & SR-95",Mount Gilead,OH,315,3.75900,1,3.75900,3.75900,40.549230,-82.827400,city
69403,SHORTYS ONE STOP,US-83/12/SR-20,Selby,SD,248,3.08900,1,3.08900,3.08900,45.506380,-100.032070,city
69405,FLYING J #551,"I-20, EXIT 330 & SR-206",Cisco,TX,575,3.14233,1,3.14233,3.14233,32.388190,-98.979230,city
69407,Cenex,US-14/CR-812 & US-83,Blunt,SD,571,3.10150,1,3.10150,3.10150,44.512200,-99.992070,city
69410,LOVES TRAVEL STOP #602,"I-90, EXIT 67B",Box Elder,SD,506,3.98900,1,3.98900,3.98900,44.112490,-103.068230,city
69412,CIRCLE K #4705724,US-127 & CR-144,Paulding,OH,411,3.69900,1,3.69900,3.69900,41.138110,-84.580510,city
69413,ASAP GENERAL STORE #300,"I-40, EXIT 66 & US-183",Clinton,OK,483,3.14900,1,3.14900,3.14900,35.515610,-98.967310,city
69414,FLEX MARKET,"I-65 EXIT20, US-31 W EXIT 4",Bowling Green,KY,460,2.99900,1,2.99900,2.99900,36.990320,-86.443600,city
69416,CIRCLE K #2740541,HWY 90,Roans Prairie,TX,670,3.07233,1,3.07233,3.07233,30.584370,-95.943840,city
69417,LOVLEN FOODS,US-58 & SR-615,Drewryville,VA,130,3.04900,1,3.04900,3.04900,36.715710,-77.306360,city
69421,CIRCLE K #2741257,"I-10, EXIT 19B",El Paso,TX,640,2.91567,1,2.91567,2.91567,31.758720,-106.486930,city
69423,FAST MARKET #4574,SR-375 & CR-258,El Paso,TX,640,2.90567,1,2.90567,2.90567,31.758720,-106.486930,city
69425,5R TRAVEL CENTER,"I-10, US HWY 180, EXIT 82A",Deming,NM,640,3.04900,1,3.04900,3.04900,32.268700,-107.758640,city
69426,LOVES TRAVEL STOP #553,"I-40 E, EXIT 163",Williams,AZ,930,3.59567,1,3.59567,3.59567,35.249460,-112.191000,city
69434,CIRCLE K #2741559,US-281 & SR-29,Burnet,TX,595,2.91567,1,2.91567,2.91567,30.758240,-98.228360,city
69436,CIRCLE K #2741077,SR-97 & CR-433,Pleasanton,TX,747,2.94900,1,2.94900,2.94900,28.967190,-98.478630,city
69437,CountryMark,SR-66,Evansville,IN,340,3.69900,1,3.69900,3.69900,37.974760,-87.555850,city
69438,LOVES TRAVEL STOP #585,"I-49/US-71, EXIT 27 & SR-86",Neosho,MO,277,3.39733,1,3.39733,3.39733,36.868960,-94.368000,city
69439,LOVES TRAVEL STOP #608,"I-135, EXIT 60 & US-56",Mcpherson,KS,570,3.32400,1,3.32400,3.32400,38.370840,-97.664210,city
69440,LOVES TRAVEL STOP #592,US-24 & SR-101,Woodburn,IN,370,3.84900,1,3.84900,3.84900,41.125330,-84.853300,city
69441,LOVES TRAVEL STOP #610,"I-20, EXIT 307 & US-283",Baird,TX,575,3.10733,1,3.10733,3.10733,32.394020,-99.394240,city
69442,Eagle #51,US-83 & FM-1917,Carrizo Springs,TX,740,3.27900,1,3.27900,3.27900,28.521930,-99.860610,city
69446,SUPER SAVE #4,SR-33 & SR-15,Farmerville,LA,719,3.47900,1,3.47900,3.47900,32.773470,-92.405700,city
69448,STRIPES #42525,"I-27/US-87, EXIT 2",Lubbock,TX,700,2.95733,1,2.95733,2.95733,33.577860,-101.855170,city
69451,LOVES TRAVEL STOP #603,I-95 EXIT 366 AT PECAN PARK RD,Jacksonville,FL,75,3.39900,1,3.39900,3.39900,30.332180,-81.655650,city
69452,DANDY MINI MART #5,HWY 6,Towanda,PA,32,3.99900,1,3.99900,3.99900,41.767580,-76.442720,city
69453,7-ELEVEN #41033,US-69,Woodville,TX,610,3.14900,1,3.14900,3.14900,30.775200,-94.415480,city
69454,SPEEDWAY #6092,"I-65, EXIT 76A & US-31",Taylorsville,IN,375,3.35733,1,3.35733,3.35733,39.295880,-85.950830,city
69455,SPEEDWAY #4214,"I-45, EXIT 46 & US-100",Milwaukee,WI,448,3.36567,1,3.36567,3.36567,43.038900,-87.906470,city
69458,PEOSTA KWIK STOP,"US-20, EXIT 308",Peosta,IA,335,3.48900,1,3.48900,3.48900,42.450560,-90.850410,city
69459,LOVES TRAVEL STOP #583,"I-64, EXIT 27 & SR-161",New Baden,IL,540,3.84900,1,3.84900,3.84900,38.535050,-89.700650,city
69462,LOVES TRAVEL STOP #619,"I-59, EXIT 29 & SR-26",Poplarville,MS,725,3.17567,1,3.17567,3.17567,30.840190,-89.534230,city
69465,MAVERIK COUNTRY STORE #476,US-59,Gillette,WY,790,3.36567,1,3.36567,3.36567,44.291090,-105.502220,city
69467,CIRCLE K #2741547,US-181,Floresville,TX,740,2.99567,1,2.99567,2.99567,29.133580,-98.156120,city
69468,TOOT N TOTUM #100,US-83,Perryton,TX,585,2.99900,1,2.99900,2.99900,36.400030,-100.802650,city
69469,QUIKTRIP #1110,"I-85, EXIT 60 & US-101",Greer,SC,210,3.08567,1,3.08567,3.08567,34.938730,-82.227060,city
69471,Circle K #2741501,"I-37, EXIT 3A",Corpus Christi,TX,625,3.10400,1,3.10400,3.10400,27.800580,-97.396380,city
69474,LOVES TRAVEL STOP #577,"I-85, EXIT 22",Shorter,AL,720,3.22067,1,3.22067,3.22067,32.394860,-85.916900,city
69475,GUTHRIE TRAVEL CENTER,I-35 EXT 138C,Guthrie,OK,483,2.96567,1,2.96567,2.96567,35.878940,-97.425320,city
69477,LOVES TRAVEL STOP #621,US-36 & SR-110,Bevier,MO,310,3.43900,1,3.43900,3.43900,39.746980,-92.564080,city
69480,VAN HOOK TRAVEL CENTER,US-23,New Town,ND,452,3.56233,1,3.56233,3.56233,47.980850,-102.490180,city
69483,LOVES TRAVEL STOP #607,"US-63, EXIT 40 & SR-463",Jonesboro,AR,435,3.43900,1,3.43900,3.43900,35.842300,-90.704280,city
69484,KWIK TRIP #774,SR-13,Adams,WI,395,3.27400,1,3.27400,3.27400,43.956080,-89.818180,city
69485,7-ELEVEN #41036,US-96,San Augustine,TX,618,3.15900,1,3.15900,3.15900,31.529900,-94.106030,city
69486,DUCK THRU FOOD STORE #42,SR-186 & SR-305,Seaboard,NC,130,3.29900,1,3.29900,3.29900,36.490150,-77.441360,city
69487,CIRCLE K #2742034,"I-35, EXIT 176",Schertz,TX,740,2.79400,1,2.79400,2.79400,29.552170,-98.269730,city
69489,SPRINT FOODS #728,SR-38,Bennettsville,SC,63,3.39900,1,3.39900,3.39900,34.617380,-79.684780,city
69492,GOOD 2 GO #418,"I-15, EXIT 273 & US-54 & US-91",Mona,UT,835,3.42900,1,3.42900,3.42900,39.816070,-111.855490,city
69494,TMI FUEL STOP,SR 1,Port Allen,LA,600,3.06567,1,3.06567,3.06567,30.452140,-91.210110,city
69495,QUIKTRIP #72,US-69 & US-62,Muskogee,OK,560,3.03233,1,3.03233,3.03233,35.747880,-95.369690,city
69496,LOVES TRAVEL STOP #601,"I-70, EXIT 115 & SR-109",Knightstown,IN,375,3.94900,1,3.94900,3.94900,39.795600,-85.526360,city
69497,MACH ONE FOOD SHOP #10,"I-70 & EXIT 129, SR-49",Casey,IL,510,3.33233,3,3.19900,3.49900,39.299200,-87.992530,city
69499,HANKS TRUCK STOP,US-39 & US-30,Hanna,IN,457,3.49900,1,3.49900,3.49900,41.411990,-86.780020,city
69500,ROAD RANGER #271,"I-20, EXIT 108",Odessa,TX,710,3.51567,1,3.51567,3.51567,31.845680,-102.367640,city
69501,VALLEY COUNTRY STORE,"I-84, EXIT 16B & SR-79",Jerome,ID,787,3.43233,1,3.43233,3.43233,42.724070,-114.518650,city
69504,KWIK TRIP #245,SR-42,Plainview,MN,515,3.62400,1,3.62400,3.62400,44.164970,-92.171560,city
69505,KWIK TRIP #282,"I-43, EXIT 43 & SR-83",Mukwonago,WI,444,3.33733,1,3.33733,3.33733,42.866680,-88.333430,city
69506,KWIK TRIP #290,"I-94/US-41, EXIT 321",Oak Creek,WI,444,3.71900,1,3.71900,3.71900,42.885850,-87.863140,city
69508,KWIK TRIP #777,SR-49 & CR-F,Berlin,WI,582,3.42567,1,3.42567,3.42567,43.968040,-88.943450,city
69510,CLARK #3121,SR-46 & SR-24,Caro,MI,260,3.39900,1,3.39900,3.39900,43.490730,-83.398850,city
69512,LOVES TRAVEL STOP #589,"I-27/US-87, EXIT 8 & FM-2641",Lubbock,TX,700,3.33233,1,3.33233,3.33233,33.577860,-101.855170,city
69513,KWIK TRIP #885,WI-29 EXIT 132,Abbotsford,WI,395,3.45233,1,3.45233,3.45233,44.946360,-90.315970,city
69514,Flying J #1033,"I-20, EXIT 138 & SR-158",Midland,TX,710,3.56567,1,3.56567,3.56567,31.997350,-102.077910,city
69520,SPEEDWAY #2908,SR-51,Perryopolis,PA,165,3.91567,1,3.91567,3.91567,40.087020,-79.750600,city
69521,CASEYS #3319,"US-30, EXIT 158",Nevada,IA,320,2.98900,1,2.98900,2.98900,42.022770,-93.452430,city
69522,FUEL EXPRESSO 17,"I-35 & EXIT 187, SR-68",Ottawa,KS,400,3.17233,1,3.17233,3.17233,38.615570,-95.267750,city
69524,CONCORD XTRAMART,"I-93, EXIT 17 & US-4",Concord,NH,178,3.65900,1,3.65900,3.65900,43.208140,-71.537570,city
69525,DILLEY TRUCK STOP,"I-35 & EXIT 85, FM 117",Dilley,TX,740,3.06567,1,3.06567,3.06567,28.667480,-99.170590,city
69526,STRIPES 7FLEET #42469,"I-20, US-80 EXIT 15A",Santo,TX,575,2.91733,1,2.91733,2.91733,32.603190,-98.215320,city
69527,Exxon,"I-96, EXIT 129",Fowlerville,MI,406,3.74900,1,3.74900,3.74900,42.660590,-84.073010,city
69528,KWIK STAR #283,"I-380/US-218/SR-27, EXIT 13",Cedar Rapids,IA,380,3.53233,1,3.53233,3.53233,42.008330,-91.644070,city
69530,CIRCLE K #2741030,"I-35, EXIT 160",San Antonio,TX,740,2.99900,1,2.99900,2.99900,29.424120,-98.493630,city
69531,Kwik Star#223,"I-35, EXIT 194 & US-18/SR-122",Clear Lake,IA,433,3.07900,1,3.07900,3.07900,43.138020,-93.379370,city
69532,JACKSONS FOOD STORE #147,"I-84, EXIT 27/US-20 & SR-19",Caldwell,ID,785,3.57900,1,3.57900,3.57900,43.662940,-116.687360,city
69534,CAIRO TRAVEL CENTER,US-84/SR-38,Cairo,GA,20,3.42400,1,3.42400,3.42400,30.877510,-84.202140,city
69536,7-ELEVEN #40802,US-87,Nixon,TX,740,3.07900,1,3.07900,3.07900,29.267460,-97.764440,city
69541,PILOT #1027,US-385 & CR-E,Vega,TX,585,3.30567,1,3.30567,3.30567,35.242830,-102.428260,city
69542,PILOT TRAVEL CENTER #1030,"I-57, EXIT 353",Alsip,IL,290,3.47500,5,3.35900,3.59900,41.668920,-87.738660,city
69545,LOVES TRAVEL STOP #628,"I-35E, EXIT 386 & FM-1134",Italy,TX,630,3.10233,1,3.10233,3.10233,32.184040,-96.884720,city
69546,KWIK TRIP #186,"I-35, EXIT 183",Hinckley,MN,334,3.35233,1,3.35233,3.35233,46.011340,-92.944370,city
69547,KWIK TRIP #297,"US-10, WI-441",Menasha,WI,582,3.49067,1,3.49067,3.49067,44.202210,-88.446500,city
69549,KWIK TRIP #178,"I-494, EXIT 64B & SR-156",South Saint Paul,MN,451,3.60733,1,3.60733,3.60733,44.892740,-93.034940,city
69550,KWIK TRIP #273,"I-35, EXIT 251B & SR-23",Duluth,MN,334,3.49900,1,3.49900,3.49900,46.783270,-92.106580,city
69553,SPEEDWAY #2120,US-30,Oswego,IL,293,3.26900,3,3.24900,3.29900,41.682810,-88.351460,city
69554,SPEEDWAY #8047,"I-70, EXIT 104 & SR-9",Greenfield,IN,375,3.59900,1,3.59900,3.59900,39.785040,-85.769420,city
69558,CIRCLE K #2741070,FM-1560,San Antonio,TX,740,2.91400,1,2.91400,2.91400,29.424120,-98.493630,city
69559,CASEYS #3424,"I-35, EXIT 26 & SR-30",Ellendale,MN,433,3.49900,1,3.49900,3.49900,43.872740,-93.301320,city
69560,LOVES TRAVEL STOP #614,"I-40, EXIT 149",Albuquerque,NM,580,3.52067,1,3.52067,3.52067,35.084490,-106.651140,city
69561,SPEEDWAY #7156,"I-40/75, EXIT 374 & SR-131",Knoxville,TN,405,3.26567,1,3.26567,3.26567,35.960640,-83.920740,city
69562,SPEEDWAY #8796,"I-496, EXIT 11",Lansing,MI,406,3.69900,1,3.69900,3.69900,42.732530,-84.555530,city
69563,SPEEDWAY #9651,"I-75, EXIT 104",Lexington,KY,410,3.14900,1,3.14900,3.14900,37.988690,-84.477720,city
69564,SPEEDWAY #7106,"I-40, EXIT 280 & SR-56",Baxter,TN,460,3.06567,1,3.06567,3.06567,36.153670,-85.643590,city
69565,PILOT #1021,"I-196, EXIT 49",Holland,MI,406,4.04900,2,3.99900,4.09900,42.787520,-86.108930,city
69566,PILOT TRAVEL CENTER #1024,"I-80, EXIT 132B & SR-53",Joliet,IL,290,3.79900,2,3.79900,3.79900,41.525190,-88.083400,city
69567,KWIK TRIP #166,"I-35, EXIT 214",Moose Lake,MN,334,3.31900,1,3.31900,3.31900,46.454110,-92.761870,city
69568,KWIK TRIP #295,SR-26 & SR-59,Milton,WI,420,3.39900,1,3.39900,3.39900,42.775560,-88.944000,city
69570,CENEX CONVENIENCE,SR-34 & CR-21,Detroit Lakes,MN,341,3.49900,1,3.49900,3.49900,46.817180,-95.845330,city
69572,AC & T GARLAND GROH,I-81 EXIT 7B,Hagerstown,MD,70,3.55900,1,3.55900,3.55900,39.641760,-77.719990,city
69573,AC & T Falling Waters,"I-81, EXIT 23",Falling Waters,WV,70,3.84900,1,3.84900,3.84900,39.559260,-77.890830,city
69574,LOVES TRAVEL STOP #622,"I-94, EXIT 45 & CR-B",Menomonie,WI,450,3.57900,1,3.57900,3.57900,44.875520,-91.919340,city
69575,LOVES TRAVEL STOP #537,"I-68, EXIT 46 & US-220/SR-144",Cumberland,MD,14,4.24900,1,4.24900,4.24900,39.652870,-78.762520,city
69576,PILOT #498,US-69/75 & SR-7,Atoka,OK,253,3.49900,1,3.49900,3.49900,34.385930,-96.128330,city
69580,GORES TRAVEL PLAZA,US-270/SR-3,Seiling,OK,483,3.14900,1,3.14900,3.14900,36.148100,-98.924260,city
69581,BYRNE DAIRY #22,"I-81, EXIT 15 & US-20",La Fayette,NY,220,4.29900,1,4.29900,4.29900,42.892290,-76.105200,city
69584,LOVES TRAVEL STOP #648,US-70,Valliant,OK,253,3.09900,1,3.09900,3.09900,34.002330,-95.093840,city
69585,LOVES TRAVEL STOP #618,"I-75, EXIT 136 & SR-32",Sadieville,KY,300,3.13900,1,3.13900,3.13900,38.389240,-84.537440,city
69587,LAMBOS #3,"I-57, EXIT 190A & SR-16",Mattoon,IL,280,3.39900,1,3.39900,3.39900,39.483090,-88.372830,city
69588,FUEL CITY,"I-30, EXIT 52B & US-80",Mesquite,TX,630,2.96567,1,2.96567,2.96567,32.766800,-96.599160,city
69589,LOVES TRAVEL STOP #604,I-35 EXIT 157 & SR-33,Guthrie,OK,483,3.31900,1,3.31900,3.31900,35.878940,-97.425320,city
69590,LOVES TRAVEL STOP #654,US-81,Union City,OK,483,3.37567,1,3.37567,3.37567,35.391720,-97.941440,city
69591,REBEL PLUS #841,"I-75, EXIT 116 & CR-865",Bonita Springs,FL,225,3.53900,1,3.53900,3.53900,26.339810,-81.778700,city
69592,SPEEDWAY #6131,"I-465, EXIT 49",Indianapolis,IN,375,3.79900,1,3.79900,3.79900,39.768380,-86.158040,city
69594,SPEEDWAY #8480,US-30 & CR-36,Plainfield,IL,293,3.30900,2,3.27900,3.33900,41.626970,-88.203950,city
69595,SPEEDWAY #7176,US-31/SR-6,Columbia,TN,460,3.35900,1,3.35900,3.35900,35.615070,-87.035280,city
69596,SPEEDWAY #4250,SR-72,Des Plaines,IL,293,3.39400,2,3.28900,3.49900,42.033360,-87.883400,city
69597,SPEEDWAY #2918,US-119,Uniontown,PA,165,3.91567,1,3.91567,3.91567,39.900080,-79.716430,city
69598,SPEEDWAY #8133,SR-237,Berea,OH,305,3.49900,1,3.49900,3.49900,41.366160,-81.854300,city
69599,One9 SPEEDWAY #2917,SR-48 & SR-130,Monroeville,PA,165,3.99233,1,3.99233,3.99233,40.421180,-79.788100,city
69601,LOVES TRAVEL STOP #638,US-54,Texhoma,OK,585,3.50900,1,3.50900,3.50900,36.505030,-101.782940,city
69605,CASEYS #3305,SR-23 & SR-47,Ogilvie,MN,333,3.37100,1,3.37100,3.37100,45.832180,-93.426340,city
69607,PANOLA PINES PLAZA,I-59,Carthage,TX,618,3.13900,1,3.13900,3.13900,32.157380,-94.337420,city
69608,STRIPES,FM 1924,Mission,TX,639,3.09900,1,3.09900,3.09900,26.215910,-98.325290,city
69611,CUBBYS #2104,CR-131,Shelby,NE,313,3.39900,1,3.39900,3.39900,41.192240,-97.425320,city
69612,ROAD RANGER #272,"I-35, EXIT 39 & SR-44",Encinal,TX,693,3.53900,1,3.53900,3.53900,28.041120,-99.354480,city
69614,RUTTERS #36,US-15 & SR-234,York Springs,PA,70,4.29900,1,4.29900,4.29900,40.008980,-77.115540,city
69615,LOVES TRAVEL STOP #631,US-275/SR-64,Valley,NE,270,3.34567,1,3.34567,3.34567,41.312780,-96.346140,city
69616,FLYING J #552,"I-71, EXIT 32 & SR-350",Lebanon,OH,407,3.39900,1,3.39900,3.39900,39.435340,-84.202990,city
69618,LOVES TRAVEL STOP #656,US-50/400,Holcomb,KS,525,3.72900,1,3.72900,3.72900,37.986140,-100.989330,city
69621,Circle K #2741096,"I-10/US-90, EXIT 591 & FM-1518",Converse,TX,740,2.93567,1,2.93567,2.93567,29.518010,-98.316120,city
69625,RUTTERS #34,US-30 & SR-23,Leola,PA,70,4.19900,1,4.19900,4.19900,40.087870,-76.184950,city
69626,CASEYS #2860,US-160 & FM-6070,West Plains,MO,535,3.41900,1,3.41900,3.41900,36.728120,-91.852370,city
69627,STRIPES #40601,US-83 & FM-2360,Rio Grande City,TX,639,2.99567,1,2.99567,2.99567,26.379790,-98.820300,city
69629,SWANTON MOBIL,"I-89, EXIT 21 & SR-78",Swanton,VT,39,3.53900,1,3.53900,3.53900,44.918100,-73.124300,city
69630,MANSFIELD TRAVEL PLAZA,SR-175 & SR-509,Mansfield,LA,745,3.01900,1,3.01900,3.01900,32.037660,-93.700180,city
69632,Circle K #2709300,US-72/SR-2,Huntsville,AL,460,2.97733,1,2.97733,2.97733,34.730400,-86.585940,city
69633,ONE9 EXPRESS FUEL,"I-10, EXIT 42 & FM-1110",Clint,TX,640,2.80233,1,2.80233,2.80233,31.592340,-106.224140,city
69636,PETRO WILMINGTON,"I-55, EXIT 240",Wilmington,IL,290,3.47150,4,3.39900,3.53900,41.307810,-88.146720,city
69637,PILOT TRAVEL CENTER #1041,SR-64 & CR-23,Carol Stream,IL,290,3.76400,4,3.69900,3.79900,41.912530,-88.134790,city
69643,Tex-Best #524,SR-44 E,Alice,TX,625,2.89900,1,2.89900,2.89900,27.752250,-98.069720,city
69646,Arco dba One9 #1258,"I-10, EXIT 19",Quartzsite,AZ,930,3.36900,2,3.35900,3.37900,33.663910,-114.229950,city
69647,SPEEDWAY #6207,SR-25,Batavia,IL,293,3.64900,2,3.59900,3.69900,41.850030,-88.312570,city
69648,BP-GIANT OIL #440,"I-71, EXIT 204 & SR-83",Burbank,OH,249,3.23233,1,3.23233,3.23233,40.988670,-81.994870,city
69649,SPEEDWAY #2921,"I-80, EXIT 29 & SR-8",Harrisville,PA,573,3.43400,1,3.43400,3.43400,41.136730,-80.009220,city
69651,LOVES TRAVEL STOP #074,SR-19 & SR-76,Lindsay,OK,483,3.09067,1,3.09067,3.09067,34.834800,-97.602530,city
69652,LOVES TRAVEL STOP #633,US-30,Plymouth,IN,365,3.84900,1,3.84900,3.84900,41.343660,-86.309730,city
69653,LOVES TRAVEL STOP #644,"I-70, EXIT 437 & US-385",Burlington,CO,800,3.88900,1,3.88900,3.88900,39.306110,-102.269360,city
69654,LOVES TRAVEL STOP #636,US-169,Nowata,OK,500,3.39900,1,3.39900,3.39900,36.700650,-95.638030,city
69657,JIFFY MART,US-7 & SR-22A,Ferrisburgh,VT,39,3.59900,1,3.59900,3.59900,44.205610,-73.246230,city
69658,Missouri Travel,"I-29, EXIT 75 & US-30",Missouri Valley,IA,319,3.42400,1,3.42400,3.42400,41.556380,-95.887790,city
69659,QUIKTRIP #1092,"I-77, EXIT 77 & US-21/SR-5",Rock Hill,SC,46,3.13400,1,3.13400,3.13400,34.924870,-81.025080,city
69662,STRIPES 7FLEET #42472,US-377,Brownwood,TX,575,2.96233,1,2.96233,2.96233,31.709320,-98.991160,city
69663,STRIPES #2484,SR-480 & FM-1021,Eagle Pass,TX,740,3.19900,1,3.19900,3.19900,28.709140,-100.499520,city
69664,7-ELEVEN #40544,US-281,Lampasas,TX,765,2.91567,1,2.91567,2.91567,31.063780,-98.181700,city
69666,7-ELEVEN #40587,SR-21 & FM-150,Maxwell,TX,595,3.15233,1,3.15233,3.15233,29.881050,-97.793340,city
69668,LOVES TRAVEL STOP #643,"I-55/57, EXIT 66A & US-60",Sikeston,MO,490,3.54900,1,3.54900,3.54900,36.876720,-89.587860,city
69669,LOVES TRAVEL STOP #623,"I-20/SR-349, EXIT 131",Midland,TX,710,3.55567,1,3.55567,3.55567,31.997350,-102.077910,city
69670,LOVES TRAVEL STOP #611,"I-90, EXIT B3 & SR-22",Canaan,NY,12,3.98400,2,3.97900,3.98900,42.412030,-73.447060,city
69671,LOVES TRAVEL STOP #655,US-83 & SR-96,Scott City,KS,525,3.63733,1,3.63733,3.63733,38.482520,-100.907090,city
69672,STRIPES 7FLEET #42507,US-285,Pecos,TX,710,3.37900,1,3.37900,3.37900,31.422910,-103.493230,city
69673,QUIKTRIP #1863,"SEC HWY 114, I-35",Roanoke,TX,630,2.97567,1,2.97567,2.97567,33.004010,-97.225850,city
69674,WEIGLES #64,"I-75, EXIT 122 & SR-61",Clinton,TN,405,2.99567,1,2.99567,2.99567,36.103410,-84.131860,city
69676,SPEEDWAY #8495,"US-19/SR-400, EXIT 12",Alpharetta,GA,18,3.34900,1,3.34900,3.34900,34.075380,-84.294090,city
69679,LOVES TRAVEL STOP #627,US-27 & SR-54,Davenport,FL,140,3.55233,1,3.55233,3.55233,28.161400,-81.601740,city
69680,PILOT TRAVEL CENTER #1042,I-55 EXIT 283,Bridgeview,IL,290,3.79900,2,3.79900,3.79900,41.750030,-87.804220,city
69681,PILOT TRAVEL CENTER #1549,"I-20, EXIT168 & SR-77",Lincoln,AL,615,3.15400,2,3.10900,3.19900,33.613160,-86.118310,city
69682,PILOT #1577,"I-75, EXIT 141 & SR-63",Pioneer,TN,405,3.02567,1,3.02567,3.02567,36.417580,-84.314100,city
69683,GOOD TO GO #88,"I-55, EXIT 283",Chicago,IL,291,3.61900,1,3.61900,3.61900,41.850030,-87.650050,city
69684,KWIK TRIP #140,"SR-29, EXIT 177",Schofield,WI,395,3.42400,1,3.42400,3.42400,44.909690,-89.604570,city
69686,CASEYS #3472,SR-125 & SR-78,Virginia,IL,368,3.73900,3,3.65900,3.79900,39.951160,-90.212340,city
69687,CASEYS #3470,US-421 & SR-16,Monon,IN,375,3.77900,1,3.77900,3.77900,40.867820,-86.878900,city
69688,CASEYS #3431,US-150 & SR-54,Farmer City,IL,368,3.33900,1,3.33900,3.33900,40.243370,-88.642570,city
69693,MAVERIK COUNTRY STORE #527,"US-89, EXIT 405",Ogden,UT,835,3.43900,1,3.43900,3.43900,41.223000,-111.973830,city
69694,MAVERIK COUNTRY STORE #533,US-91 & SR-101,Wellsville,UT,835,3.44400,1,3.44400,3.44400,41.638540,-111.933830,city
69695,MAVERIK COUNTRY STORE #488,"I-15/US-89, EXIT 288",Draper,UT,835,3.44567,1,3.44567,3.44567,40.524670,-111.863820,city
69696,MAVERIK COUNTRY STORE #531,"I-80/15, EXIT 305D",Logan,UT,835,3.43067,1,3.43067,3.43067,41.735490,-111.834390,city
69698,KUM & GO #0891,I-44 (EASTBOUND),Vinita,OK,560,3.05900,1,3.05900,3.05900,36.638690,-95.154130,city
69699,CIRCLE K #2741552,"SR-969, SR-130, EXIT 444",Austin,TX,595,2.93233,1,2.93233,2.93233,30.267150,-97.743060,city
69701,PUMP & PANTRY #48,US-30 & SR-25,Fremont,NE,486,3.31900,1,3.31900,3.31900,41.433330,-96.498080,city
69702,SPEEDWAY #7159,"I-40/SR-66, EXIT 412",Dandridge,TN,405,3.25900,1,3.25900,3.25900,36.015370,-83.414890,city
69703,CIRCLE K #2741831,"I-35, EXIT 8B & SR-20",Laredo,TX,693,2.90233,1,2.90233,2.90233,27.506410,-99.507540,city
69707,SUPER S TRAVEL PLAZA,"I-49, EXIT 241",Ida,LA,745,3.05900,1,3.05900,3.05900,33.004300,-93.894900,city
69708,TA Express #289,US-59,Nacogdoches,TX,618,3.13900,1,3.13900,3.13900,31.603510,-94.655490,city
69709,LOVES TRAVEL STOP #626,US-287,Dumas,TX,585,3.41567,1,3.41567,3.41567,35.865590,-101.973240,city
69710,LOVES TRAVEL STOP #625,"I-80, EXIT 59 & SR-17J",Sidney,NE,475,3.47233,1,3.47233,3.47233,41.142760,-102.977980,city
69711,PILOT TRAVEL CENTER #1047,"I-295, EXIT 25",Jacksonville,FL,75,3.37150,2,3.35900,3.38400,30.332180,-81.655650,city
69712,LOVES TRAVEL STOP #650,"I-84/US-30, EXIT 159",Boardman,OR,935,3.52233,1,3.52233,3.52233,45.839860,-119.700580,city
69713,EAGLE #56,"I-45, Exit 189",Teague,TX,765,3.48233,1,3.48233,3.48233,31.627110,-96.283860,city
69715,CASEYS #2712,SR-8/SR-14,Superior,NE,413,3.36233,1,3.36233,3.36233,40.020850,-98.070040,city
69719,SHEETZ #033,"I-99/US-220, EXIT 41 & SR-865",Altoona,PA,14,3.52900,1,3.52900,3.52900,40.518680,-78.394740,city
69720,PILOT TRAVEL CENTER #1046,US-27 & SR-80,South Bay,FL,176,3.79900,2,3.79900,3.79900,26.663960,-80.716170,city
69721,MFA,US-36,Brookfield,MO,276,3.24900,1,3.24900,3.24900,39.784470,-93.073530,city
69723,SPEEDWAY #5036,I-90 & US-20,Hampshire,IL,293,3.36900,1,3.36900,3.36900,42.097800,-88.530360,city
69727,PETRO-CARD 24 #910880,SR-6/13,Gallatin,MO,276,3.29900,1,3.29900,3.29900,39.914450,-93.962170,city
69729,MFA OIL,US-63 & HWY E,Queen City,MO,494,3.24900,1,3.24900,3.24900,40.409200,-92.567690,city
69731,PETRO-CARD 24 #910561,"I-49, EXIT 102A",Nevada,MO,277,3.34900,1,3.34900,3.34900,37.839210,-94.354670,city
69732,PETRO-CARD 24 #911043,US-65,Sedalia,MO,392,3.24900,1,3.24900,3.24900,38.704460,-93.228260,city
69735,PETRO-CARD 24 #910200,US-65 & BUS US-36,Chillicothe,MO,276,3.28900,1,3.28900,3.28900,39.795290,-93.552440,city
69740,LOVES TRAVEL STOP #613,"I-81, EXIT 24 & SR-80",Meadowview,VA,185,3.59900,1,3.59900,3.59900,36.760390,-81.862900,city
69741,LOVES TRAVEL STOP #659,"I-10, EXIT 133B",Tolleson,AZ,930,3.56900,1,3.56900,3.56900,33.450040,-112.259320,city
69742,LOVES TRAVEL STOP #630,US-412/64,Enid,OK,337,3.78733,1,3.78733,3.78733,36.395590,-97.878390,city
69743,LOVES TRAVEL STOP #647,US-81,Belleville,KS,523,3.81567,1,3.81567,3.81567,39.824450,-97.632540,city
69744,LOVES TRAVEL STOP #632,US-54 & US-83,Liberal,KS,585,3.66567,1,3.66567,3.66567,37.043080,-100.921000,city
69745,PILOT #1070,"I-40/US-54, EXIT 277 & US-84",Santa Rosa,NM,580,3.46233,1,3.46233,3.46233,34.938670,-104.682490,city
69746,Maverik Country Store #5014,I-80 E EXIT 110 & HWY169,De Soto,IA,320,3.09900,1,3.09900,3.09900,41.531660,-94.009670,city
69747,SUNOCO,I-69 & YS HWY 30,Fort Wayne,IN,370,3.60400,1,3.60400,3.60400,41.130600,-85.128860,city
69748,SUNOCO,SR-930 E,Fort Wayne,IN,370,3.59733,1,3.59733,3.59733,41.130600,-85.128860,city
69750,CIRCLE K #2704041,"I-35, EXIT 183",New Braunfels,TX,740,2.85900,1,2.85900,2.85900,29.703000,-98.124450,city
69751,MFA,CR-37,Purdy,MO,416,3.34900,1,3.34900,3.34900,36.817290,-93.920760,city
69755,PILOT #1082,"I-526, EXIT 19",Charleston,SC,42,3.41567,1,3.41567,3.41567,32.776320,-79.932750,city
69758,MAVERIK COUNTRY STORE #537,I-215 EXIT 21,Salt Lake City,UT,835,3.38233,1,3.38233,3.38233,40.760780,-111.891050,city
69764,MAVERIK COUNTRY STORE #538,I-15 & SR-99,Fillmore,UT,835,3.38733,1,3.38733,3.38733,38.968850,-112.323550,city
69765,7-ELEVEN #40509,I-90/80 EB,Howe,IN,465,3.89900,1,3.89900,3.89900,41.721440,-85.420540,city
69766,Marathon,"I-75, EXIT 99 & SR-119",Anna,OH,411,3.02900,1,3.02900,3.02900,40.394490,-84.172720,city
69770,SASSYS TRUCK STOP,"I-86, EXIT 23 & US-219",Limestone,NY,240,3.15900,1,3.15900,3.15900,42.027290,-78.629470,city
69772,CIRCLE K #2741825,"I-410, EXIT 2 & FM-2536",San Antonio,TX,740,3.09900,1,3.09900,3.09900,29.424120,-98.493630,city
69780,Bolingbrook Mart,"I-55, EXIT 269",Bolingbrook,IL,293,3.63900,1,3.63900,3.63900,41.698640,-88.068400,city
69782,BYRNE DAIRY #14,SR-414 & SR-318,Waterloo,NY,190,3.99900,1,3.99900,3.99900,42.904790,-76.862740,city
69783,SHEETZ #603,"I-78 US-22, EXIT 13 & SR-501",Bethel,PA,208,3.32733,1,3.32733,3.32733,40.474540,-76.291340,city
69784,KWIK TRIP #158,US-10 & SR-23,Saint Cloud,MN,451,3.27733,1,3.27733,3.27733,45.560800,-94.162490,city
69785,LOVES TRAVEL STOP #662,US-287 & SR-285,Quanah,TX,585,3.84900,1,3.84900,3.84900,34.297850,-99.740370,city
69786,LOVES TRAVEL STOP #671,"I-55, EXIT 63 & US-61",Blytheville,AR,275,3.45567,1,3.45567,3.45567,35.927300,-89.918980,city
69787,LOVES TRAVEL STOP #616,"I-49, EXIT 158",Harrisonville,MO,400,3.42900,1,3.42900,3.42900,38.653340,-94.348840,city
69788,LOVES TRAVEL STOP #612,"SR-370, EXIT 9 & SR-141",Bridgeton,MO,540,3.12067,1,3.12067,3.12067,38.767000,-90.411510,city
69789,LOVES TRAVEL STOP #620,US-301 & SR-20,Hawthorne,FL,140,3.78900,1,3.78900,3.78900,29.591910,-82.087320,city
69790,LOVES TRAVEL STOP #641,I-155/US-412 EXIT 13 & SR-78,Dyersburg,TN,275,3.40233,1,3.40233,3.40233,36.034520,-89.385630,city
69791,PILOT #1083,US-287 & US-54,Stratford,TX,585,3.49900,1,3.49900,3.49900,36.336140,-102.072120,city
69792,FLYING J #1061,"I-44, EXIT 72",Springfield,MO,416,3.38233,1,3.38233,3.38233,37.215330,-93.298240,city
69797,KWIK TRIP #149,US-10,Saint Cloud,MN,451,3.21067,1,3.21067,3.21067,45.560800,-94.162490,city
69798,LOVES TRAVEL STOP #060,US-36 & US-283,Norton,KS,525,3.10900,1,3.10900,3.10900,39.833890,-99.891510,city
69799,MAVERIK COUNTRY STORE #387,"I-40, EXIT 253",Winslow,AZ,930,3.23567,1,3.23567,3.23567,35.024190,-110.697360,city
69800,MAVERIK COUNTRY STORE #502,US-385 & SR-2,Alliance,NE,795,3.25900,1,3.25900,3.25900,42.101630,-102.872150,city
69801,MAVERIK COUNTRY STORE #409,"I-580, EXIT 41 & SR-531",Carson City,NV,966,3.58900,1,3.58900,3.58900,39.163800,-119.767400,city
69803,THORNTONS #319,"I-55, EXIT 248 & US-6",Channahon,IL,399,3.27400,2,3.24900,3.29900,41.429480,-88.228670,city
69804,KWIK TRIP #184,"I-94, EXIT 293",Pewaukee,WI,444,3.44900,1,3.44900,3.44900,43.080570,-88.261200,city
69809,KWIK TRIP #162,"I-94, EXIT 202",Elk River,MN,451,3.29733,1,3.29733,3.29733,45.303850,-93.567180,city
69811,Chisholm Corner #16,US-81 & SR-7,Marlow,OK,569,3.01567,1,3.01567,3.01567,34.648130,-97.958090,city
69813,SHEETZ #608,"I-81, EXIT 24 & CR-696",Shippensburg,PA,70,3.28567,1,3.28567,3.28567,40.050650,-77.520260,city
69814,Allsup's #2454,US-87 & SR-163,Sterling City,TX,612,3.22400,1,3.22400,3.22400,31.836250,-100.984830,city
69815,CENEX ZIP TRIP #75,"I-94/US-12, EXIT 138 & US-59",Miles City,MT,780,3.49733,1,3.49733,3.49733,46.408340,-105.840560,city
69816,STRIPES #42503,"I-27, EXIT 1",Lubbock,TX,700,2.95067,1,2.95067,2.95067,33.577860,-101.855170,city
69817,LOVES TRAVEL STOP #639,"I-20, EXIT 96",Lake,MS,705,3.16233,1,3.16233,3.16233,32.343200,-89.328680,city
69818,LOVES TRAVEL STOP #675,US-75,Okmulgee,OK,560,3.21733,1,3.21733,3.21733,35.623440,-95.960550,city
69819,FLYING J TRAVEL PLAZA #1086,SR-18 & SR-5,Marion,IN,457,3.56900,2,3.48900,3.64900,40.558370,-85.659140,city
69820,CUBBYS #304,SR-7,Manson,IA,319,3.29900,1,3.29900,3.29900,42.529140,-94.534140,city
69821,FUEL CITY HALTOM CITY,"I-35W, EXIT 52B & TX-121",Haltom City,TX,630,2.96567,1,2.96567,2.96567,32.799570,-97.269180,city
69823,LOVES TRAVEL STOP #664,US-41,Terre Haute,IN,375,3.94900,1,3.94900,3.94900,39.466700,-87.413910,city
69824,LOVES TRAVEL STOP #663,US-190 & LA-103,Port Barre,LA,730,3.12400,1,3.12400,3.12400,30.560200,-91.954010,city
69825,KWIK TRIP #154,MN-15,Sauk Rapids,MN,451,3.30233,1,3.30233,3.30233,45.591910,-94.166100,city
69826,LOVES TRAVEL STOP #629,I-65 EXIT 108 & SR-76,White House,TN,460,3.15900,1,3.15900,3.15900,36.470320,-86.651380,city
69827,KWIK TRIP #164,US-12/SR-29,Menomonie,WI,295,3.49900,1,3.49900,3.49900,44.875520,-91.919340,city
69830,RUTTERS #69,"I-78/US-22, EXIT 29 & SR-61",Hamburg,PA,208,3.86567,1,3.86567,3.86567,40.555650,-75.981880,city
69832,LOVES TRAVEL STOP #595,"I-10, EXIT 28 & SR-49",Gulfport,MS,733,3.14400,1,3.14400,3.14400,30.367420,-89.092820,city
69833,LOVES TRAVEL STOP #658,US-412,Watts,OK,416,3.34733,1,3.34733,3.34733,36.109250,-94.570220,city
69835,LOVES TRAVEL STOP #653,US-287,Eads,CO,800,3.47567,1,3.47567,3.47567,38.480560,-102.781860,city
69837,LOVES TRAVEL STOP #606,"I-94, EXIT 73B & US-6",South Holland,IL,290,3.45400,4,3.32900,3.54900,41.600870,-87.606990,city
69840,KUM & GO #0370,"I-80, EXIT 439 & SR-370",Gretna,NE,486,2.92067,1,2.92067,2.92067,41.140830,-96.239740,city
69842,KUM & GO #0863,"I-44, EXIT 215 & SR-97",Sapulpa,OK,560,3.23233,1,3.23233,3.23233,35.998700,-96.114170,city
69845,Maverik Country Store #5013,US-40 & SR-13,Craig,CO,800,3.45900,1,3.45900,3.45900,40.515250,-107.546450,city
69847,KWIK STAR #145,US-52,Guttenberg,IA,335,3.59900,1,3.59900,3.59900,42.785820,-91.099570,city
69848,KWIK TRIP #173,SR-17,Rhinelander,WI,395,3.45233,1,3.45233,3.45233,45.636620,-89.412080,city
69850,KUM & GO #0539,"I-80 E, & SR-415 EXIT 135",Des Moines,IA,320,3.07233,1,3.07233,3.07233,41.600540,-93.609110,city
69851,SPEEDWAY #3995,I-90,Belvidere,IL,293,3.84900,1,3.84900,3.84900,42.263910,-88.844270,city
69852,KWIK TRIP #141,SR-61,Two Harbors,MN,334,3.49900,1,3.49900,3.49900,47.022710,-91.670730,city
69854,LOVES TRAVEL STOP #637,"I-39, EXIT 115 & CR-CS",Poynette,WI,420,3.78900,1,3.78900,3.78900,43.390260,-89.402900,city
69855,LOVES TRAVEL STOP #670,US-18,Floyd,IA,433,3.64900,1,3.64900,3.64900,43.127750,-92.736300,city
69856,LOVES TRAVEL STOP #657,"I-77, EXIT 5 & SR-48",Cayce,SC,46,3.39733,1,3.39733,3.39733,33.965710,-81.073980,city
69858,TEX-BEST #528,US-181,Elmendorf,TX,740,2.89233,1,2.89233,2.89233,29.256070,-98.332790,city
69859,BIG BOSS TRAVEL PLAZA,I-12 EXIT 22,Livingston,LA,600,3.16567,1,3.16567,3.16567,30.502130,-90.747870,city
69861,HUCKS FOOD & FUEL #379,"I-57, EXIT 53",Marion,IL,340,3.15900,3,2.92900,3.54900,37.730610,-88.933130,city
69862,CASEYS #3503,US-69/SR-52,Pleasanton,KS,400,3.19900,1,3.19900,3.19900,38.177810,-94.711350,city
69863,GOLDEN GATE,I-80 EXIT 352A & US-93,Wells,NV,835,3.41567,1,3.41567,3.41567,41.111590,-114.964490,city
69865,7-ELEVEN #40036,SR-33 & SR-632,Lanexa,VA,180,3.65900,1,3.65900,3.65900,37.423760,-76.901080,city
69870,CIRCLE K #4705720,"I-280, EXIT 7 & SR-2",Oregon,OH,550,3.60900,1,3.60900,3.60900,41.643660,-83.486880,city
69871,CIRCLE K #2741595,SR-71 & FM-1209,Bastrop,TX,595,2.95400,1,2.95400,2.95400,30.110490,-97.315270,city
69873,KWIK TRIP #142,"US-10, EXIT 186 & SR-13",Marshfield,WI,395,3.47900,1,3.47900,3.47900,44.668850,-90.171800,city
69874,LOVES TRAVEL STOP #687,"I-72, EXIT 64 & US-67",Jacksonville,IL,540,3.53900,2,3.48900,3.58900,39.733940,-90.229010,city
69875,LOVES TRAVEL STOP #680,US-81,Norfolk,NE,470,3.31567,1,3.31567,3.31567,42.028340,-97.417000,city
69876,LOVES TRAVEL STOP #684,"I-35, EXIT 133 & SR-175",Ellsworth,IA,433,3.68900,1,3.68900,3.68900,42.312760,-93.578820,city
69877,LOVES TRAVEL STOP #669,US-61 & SR-19,New London,MO,345,3.23567,1,3.23567,3.23567,39.585320,-91.400980,city
69878,SPEEDWAY #7412,SR-83 & SR-19,Bensenville,IL,293,3.37900,1,3.37900,3.37900,41.955030,-87.940070,city
69879,SPEEDWAY #3700,I-70 EXIT 77,Indianapolis,IN,375,3.31900,1,3.31900,3.31900,39.768380,-86.158040,city
69880,Speedway #6809,"I-290, EXIT 13A",Franklin Park,IL,293,3.35400,2,3.32900,3.37900,41.935310,-87.865620,city
69881,KWIK TRIP #458,SR-55,Buffalo,MN,451,3.54900,1,3.54900,3.54900,45.171910,-93.874690,city
69882,SPEEDWAY #7103,US-43,Lawrenceburg,TN,460,3.57400,1,3.57400,3.57400,35.242300,-87.334740,city
69884,AKAL TRAVEL CENTER,"I-40, EXIT 267 & SR-379",Santa Rosa,NM,721,2.87900,1,2.87900,2.87900,34.938670,-104.682490,city
69885,BELL STORES #146,SR-43 & SR-183,Malvern,OH,249,3.57900,1,3.57900,3.57900,40.691730,-81.181210,city
69886,LOVES TRAVEL STOP #676,SR-50,Syracuse,NE,413,3.44400,1,3.44400,3.44400,40.657220,-96.186400,city
69887,CIRCLE K #2701869,SR-21 & SR-307,Savannah,GA,195,3.11567,1,3.11567,3.11567,32.083540,-81.099830,city
69888,OASIS STOP N GO #17,US-30,Twin Falls,ID,787,3.69900,1,3.69900,3.69900,42.562970,-114.460870,city
69892,MAVERIK COUNTRY STORE #547,US-26,Casper,WY,790,3.18567,1,3.18567,3.18567,42.866630,-106.313080,city
69893,DOMINO EXPRESS #24,US-412/US-270/US-183/SR-3 & SR-15,Woodward,OK,337,2.99900,1,2.99900,2.99900,36.433650,-99.390390,city
69894,Circle K #2746446,US-2,Williston,ND,452,4.04233,1,4.04233,4.04233,48.146970,-103.617970,city
69895,Shell,"I-80, EXIT 122",Minooka,IL,290,3.19900,3,3.14900,3.24900,41.455310,-88.261730,city
69900,LOVES TRAVEL STOP #605,"I-70, EXIT 59 & SR-41",Springfield,OH,315,3.47900,1,3.47900,3.47900,39.924230,-83.808820,city
69901,KWIK TRIP #638,SR-42,Two Rivers,WI,582,3.39067,1,3.39067,3.39067,44.153880,-87.569250,city
69902,MAVERIK COUNTRY STORE #441,"I-182/US-12, EXIT 9",Pasco,WA,925,4.27900,1,4.27900,4.27900,46.239580,-119.100570,city
69903,LOVES TRAVEL STOP #642,US-60 & US-385,Hereford,TX,585,3.41567,1,3.41567,3.41567,34.815210,-102.399320,city
69904,LOVES TRAVEL STOP #695,US-54/400,Cunningham,KS,570,3.65733,1,3.65733,3.65733,37.643910,-98.431190,city
69905,KWIK TRIP #105,"I-41, EXIT 157",De Pere,WI,582,3.35233,1,3.35233,3.35233,44.448880,-88.060380,city
69906,LOVES TRAVEL STOP #692,US-169 & SR-39,Chanute,KS,570,3.27567,1,3.27567,3.27567,37.679210,-95.457200,city
69907,STRIPES #41023,SR-358 & FM-665,Corpus Christi,TX,625,3.07067,1,3.07067,3.07067,27.800580,-97.396380,city
69908,LOVES TRAVEL STOP #685,"I-74, EXIT 51",Knoxville,IL,270,3.88900,1,3.88900,3.88900,40.908370,-90.284850,city
69912,AMPM,"I-10, EXIT 140",Phoenix,AZ,930,3.28233,1,3.28233,3.28233,33.448380,-112.074040,city
69913,ROSS FUEL CENTER,US-60/US-67,Poplar Bluff,MO,275,3.49067,1,3.49067,3.49067,36.757000,-90.392890,city
69914,PETRO COLUMBIA,"I-77, EXIT 5 & SR-48",Columbia,SC,46,3.41233,1,3.41233,3.41233,34.000710,-81.034810,city
69915,PETES #16,"I-49/US-71, EXIT 120 & CR-B",Rich Hill,MO,277,3.14900,1,3.14900,3.14900,38.096420,-94.361060,city
69921,LOVES TRAVEL STOP #688,"I-70, EXIT 119 & SR-130",Greenup,IL,510,3.39300,5,3.28900,3.48900,39.247820,-88.163370,city
69922,LOVES TRAVEL STOP #686,"I-84/I-15, EXIT 363",Brigham City,UT,835,3.75567,1,3.75567,3.75567,41.510210,-112.015500,city
69923,Circle K #2741821,FM 471 & SR 211,San Antonio,TX,740,3.03233,1,3.03233,3.03233,29.424120,-98.493630,city
69926,TONKAWA TRADING POST,"I-35, EXIT 214 & US-60",Tonkawa,OK,500,2.99900,1,2.99900,2.99900,36.678370,-97.310040,city
69927,LOVES TRAVEL STOP #682,"I-81, EXIT 10A",Hagerstown,MD,22,3.94900,1,3.94900,3.94900,39.641760,-77.719990,city
69928,KUM & GO #1837,SR-51,Broken Arrow,OK,560,3.05233,1,3.05233,3.05233,36.052600,-95.790820,city
69929,PETES #14,US-69/SR 7,Fort Scott,KS,307,3.19900,1,3.19900,3.19900,37.839760,-94.708300,city
69930,CONCORDE TRAVEL CENTER,"I-65, EXIT 219 & CR-42",Jemison,AL,720,3.29900,1,3.29900,3.29900,32.959850,-86.746650,city
69931,SHELL,"I-565, EXIT 7 & CR-127",Madison,AL,615,3.34900,1,3.34900,3.34900,34.699260,-86.748330,city
69932,CIRCLE K #2741847,SR-16,San Antonio,TX,740,3.07233,1,3.07233,3.07233,29.424120,-98.493630,city
69933,Flyers #3202,"I-17, EXIT 201",Phoenix,AZ,930,3.36900,1,3.36900,3.36900,33.448380,-112.074040,city
69934,KWIK TRIP #135,SR-35 N,Superior,WI,334,3.49900,1,3.49900,3.49900,46.720770,-92.104080,city
69935,KWIK TRIP #586,"I-41, EXIT 45",Butler,WI,444,3.47400,1,3.47400,3.47400,43.105840,-88.069530,city
69936,LOVES TRAVEL STOP #683,US-27,Moore Haven,FL,176,3.78900,1,3.78900,3.78900,26.833120,-81.093120,city
69937,MAVERIK COUNTRY STORE #385,"I-15, EXIT 119",Idaho Falls,ID,825,3.42567,1,3.42567,3.42567,43.466580,-112.034140,city
69938,MAVERIK COUNTRY STORE #388,US-60 & SR-77,Show Low,AZ,930,3.22900,1,3.22900,3.22900,34.254210,-110.029830,city
69939,MAVERIK COUNTRY STORE #377,"I-15, EXIT 244 & US-6",Santaquin,UT,835,3.40233,1,3.40233,3.40233,39.975510,-111.785210,city
69940,SAPP BROS TRAVEL CENTER,"I-49, EXIT 157",Harrisonville,MO,400,3.40233,1,3.40233,3.40233,38.653340,-94.348840,city
69941,QUIKTRIP #949,"I-20 E, EXIT 406",Weatherford,TX,630,2.91733,1,2.91733,2.91733,32.759300,-97.797250,city
69943,ASAP GENERAL STORE #313,US-81,Duncan,OK,483,3.13233,1,3.13233,3.13233,34.502300,-97.957810,city
69944,TRUCK WORLD,"I-76, EXIT 57",North Jackson,OH,573,3.25900,1,3.25900,3.25900,41.100060,-80.857310,city
69945,BP,"I-465, EXIT 49",Indianapolis,IN,375,3.79900,1,3.79900,3.79900,39.768380,-86.158040,city
69946,KUM & GO #0119,"I-35, EXIT 214 & SR-105",Northwood,IA,433,3.11567,1,3.11567,3.11567,43.444120,-93.221040,city
69947,THORNTONS #607,I-24 EXIT 62 & SR-171,Antioch,TN,460,2.89900,1,2.89900,2.89900,35.789790,-88.974230,city
69948,CIRCLE T,US-190/SR-21,Bryan,TX,670,3.45900,1,3.45900,3.45900,30.674360,-96.369960,city
69949,THE CROSSING TRAVEL MARK,US-83 & SR-153,Winters,TX,575,3.04067,1,3.04067,3.04067,31.956530,-99.962310,city
69952,HUTCH'S #120,"I-40, EXIT 25",Sayre,OK,483,2.98400,1,2.98400,2.98400,35.291160,-99.640100,city
69954,Exxon,"I-80, EXIT 27A & US-46",Budd Lake,NJ,79,3.11900,1,3.11900,3.11900,40.871210,-74.734050,city
69955,QUIKTRIP #1044,"I-85, EXIT 63 & SR-2180",Kannapolis,NC,46,3.15400,1,3.15400,3.15400,35.487360,-80.621730,city
69957,LOVES TRAVE STOP #698,"I-75/SR-401, EXIT 153",Macon,GA,85,3.36900,1,3.36900,3.36900,32.840690,-83.632400,city
69958,LOVES TRAVEL STOP #693,US-30/23 & SR-199,Upper Sandusky,OH,411,3.88900,1,3.88900,3.88900,40.827280,-83.281310,city
69959,BISCUIT HILL TRAVEL PLAZA,"I-40, EXIT 192",Shawnee,OK,483,2.90900,1,2.90900,2.90900,35.327290,-96.925300,city
69960,PILOT CENTER #1014- TOWN PUMP,"I-94, EXIT 213 & SR-16",Glendive,MT,807,3.41900,1,3.41900,3.41900,47.105290,-104.712460,city
69962,LUFKIN TRAVEL PLAZA,US-59 & CR-819,Lufkin,TX,618,2.81567,1,2.81567,2.81567,31.338240,-94.729100,city
69963,7 CLANS RED ROCK GASINO,US-177,Red Rock,OK,500,3.08900,1,3.08900,3.08900,36.459210,-97.178930,city
69964,SHEETZ #621,"I-77 & US-70, Exit 49A",Statesville,NC,46,2.84900,1,2.84900,2.84900,35.782640,-80.887300,city
69969,USA GAS,SR-47,Newfield,NJ,150,3.16900,1,3.16900,3.16900,39.546880,-75.026360,city
69974,LOVES TRAVEL STOP #672,US-77BUS & FM-1945,Sinton,TX,625,3.14900,1,3.14900,3.14900,28.036680,-97.509160,city
69975,LOVES TRAVEL STOP #703,US-50,South Hutchinson,KS,570,3.30067,1,3.30067,3.30067,38.028070,-97.940330,city
69976,KWIK TRIP #583,"I-94, EXIT 89 & SR-23",Wisconsin Dells,WI,420,3.23733,1,3.23733,3.23733,43.627480,-89.770960,city
69977,KWIK TRIP #855,US-12,Baraboo,WI,420,3.11567,1,3.11567,3.11567,43.471090,-89.744290,city
69978,LOVES TRAVEL STOP #678,US-271,Paris,TX,630,3.36567,1,3.36567,3.36567,33.660940,-95.555510,city
69979,LOVES TRAVEL STOP #681,"I-82/US-12, EXIT 80",Prosser,WA,925,4.58900,1,4.58900,4.58900,46.206800,-119.768920,city
69980,RUTTERS #70,SR-896 & SR-741,Strasburg,PA,208,4.19900,1,4.19900,4.19900,39.983160,-76.184120,city
69981,RANCHLAND GAS STATION,US-82,Benjamin,TX,770,3.29900,1,3.29900,3.29900,33.583980,-99.792310,city
69982,RUTTERS #68,US-422 & SR-934,Annville,PA,70,4.29900,1,4.29900,4.29900,40.329540,-76.515240,city
69983,MICKEY MART #57,US-250,Strasburg,OH,249,3.49233,1,3.49233,3.49233,40.594780,-81.526790,city
69986,YESWAY #1061,US-180 & SR-137,Lamesa,TX,612,3.09900,1,3.09900,3.09900,32.737600,-101.950990,city
69987,LOVES TRAVEL STOP #679,"I-90, EXIT 495 & SR-47",Hardin,MT,780,3.70400,1,3.70400,3.70400,45.732480,-107.612030,city
69988,LOVES TRAVEL STOP #640,"I-43, EXIT 120 & CR-OK",Sheboygan,WI,444,3.28900,1,3.28900,3.28900,43.750830,-87.714530,city
69989,LOVES TRAVEL STOP #677,US-45A,West Point,MS,615,3.25900,1,3.25900,3.25900,33.607620,-88.650330,city
69990,LOVES TRAVEL STOP #691,US-50/93 & US-6,Ely,NV,910,3.64900,1,3.64900,3.64900,39.247440,-114.888630,city
69991,WA SHE SHU TRAVEL PLAZA,US-395,Gardnerville,NV,966,3.69900,1,3.69900,3.69900,38.941300,-119.749620,city
69992,KWIK TRIP #120,SR-15 & CR-4,Saint Cloud,MN,451,3.27733,1,3.27733,3.27733,45.560800,-94.162490,city
69993,CEFCO #99,US-290,Giddings,TX,595,3.15900,1,3.15900,3.15900,30.182720,-96.936370,city
69995,PILOT EXPRESS #1178,"I-10, EXIT 273",Tucson,AZ,980,3.21900,1,3.21900,3.21900,32.221740,-110.926480,city
69996,YESWAY #1078,US-83 & SR-153,Winters,TX,575,2.99900,1,2.99900,2.99900,31.956530,-99.962310,city
69998,CASEYS #3604,US-75,Hinton,IA,527,3.29900,1,3.29900,3.29900,42.627770,-96.291690,city
69999,RUTTERS #71,"I-99, EXIT 28 & US-22",Duncansville,PA,14,4.09900,1,4.09900,4.09900,40.423410,-78.433900,city
70001,LOVES TRAVEL STOP #690,US-23,Circleville,OH,315,3.78900,1,3.78900,3.78900,39.600620,-82.946010,city
70002,LOVES TRAVEL STOP #699,US-49,Magee,MS,620,3.60733,1,3.60733,3.60733,31.873770,-89.733690,city
70003,SPEEDWAY #2926,SR-837,Clairton,PA,165,3.92567,1,3.92567,3.92567,40.292290,-79.881710,city
70004,SPEEDWAY #7775,US-23 & CR-192,Delaware,OH,315,3.61900,1,3.61900,3.61900,40.298670,-83.067970,city
70007,FLYING J TRAVEL PLAZA #1096,"I-95, EXIT 201 & CR-524",Cocoa,FL,143,3.69900,2,3.69900,3.69900,28.386120,-80.742000,city
70008,Amigo's,"I-10, EXIT 661 & FM-609",Flatonia,TX,610,3.08233,1,3.08233,3.08233,29.687730,-97.108600,city
70009,KWIK TRIP #661,SR-69 & BUS-11,Monroe,WI,420,3.36233,1,3.36233,3.36233,42.601120,-89.638450,city
70010,Kwik Star #567,US-65 & SR-3,Hampton,IA,565,3.50400,1,3.50400,3.50400,42.741920,-93.202420,city
70011,KWIK TRIP #279,"US-63, EXIT 59",Rochester,MN,515,3.54900,1,3.54900,3.54900,44.021630,-92.469900,city
70012,MAVERIK COUNTRY STORE #549,"I-70, EXIT 283",Aurora,CO,800,3.18567,1,3.18567,3.18567,39.729430,-104.831920,city
70014,PETRO-CARD 24 #919141,SR-179,Jamestown,MO,310,3.47900,1,3.47900,3.47900,38.765590,-92.480740,city
70016,CASEYS #2743,SR-43/SR-2 & SR-66A,Palmyra,NE,413,3.19900,1,3.19900,3.19900,40.704450,-96.387510,city
70017,PACIFIC PRIDE,I-79 & US-19,Morgantown,WV,430,3.45900,1,3.45900,3.45900,39.629530,-79.955900,city
70019,QUICKLEES #1,"I-390, EXIT 9 & SR-15",Avon,NY,190,3.99900,1,3.99900,3.99900,42.912010,-77.745560,city
70022,SHEETZ #583,US-322 & SR-655,Reedsville,PA,14,3.41567,1,3.41567,3.41567,40.663960,-77.595830,city
70024,KWIK TRIP #827,"I-41, EXIT 167",Green Bay,WI,582,3.49900,1,3.49900,3.49900,44.519160,-88.019830,city
70025,SPEEDWAY #6245,SR-43,Carrollton,OH,249,3.55900,1,3.55900,3.55900,40.572840,-81.085650,city
70026,SPEEDWAY #8883,I-80 EXIT 73,Peru,IL,293,3.17400,2,3.14900,3.19900,41.327530,-89.128970,city
70027,SPEEDWAY #8851,SR-31,South Elgin,IL,293,3.60900,2,3.55900,3.65900,41.994190,-88.292300,city
70028,LOVES TRAVEL STOP #697,"US-321, EXIT 37",Newton,NC,46,3.68900,1,3.68900,3.68900,35.669860,-81.221470,city
70029,LOVES TRAVEL STOP #696,"I-10, EXIT 843",Beaumont,TX,610,3.29400,1,3.29400,3.29400,30.086050,-94.101850,city
70030,SPEEDWAY #3991,"I-80 E, & I-94 E",Gary,IN,290,3.71233,1,3.71233,3.71233,41.593370,-87.346430,city
70031,SPEEDWAY #8020,US-30,Upper Sandusky,OH,550,3.79900,1,3.79900,3.79900,40.827280,-83.281310,city
70032,Kwik Star #569,US-20,Waterloo,IA,565,3.57400,1,3.57400,3.57400,42.492760,-92.342960,city
70033,KWIK TRIP #111,SR-36 & CR-15,Stillwater,MN,448,3.54067,1,3.54067,3.54067,45.056360,-92.806040,city
70034,SPEEDWAY #8799,I-55 EXIT 282A & SR-171,Bedford Park,IL,293,3.59900,1,3.59900,3.59900,41.762810,-87.800060,city
70035,SPEEDWAY #8064,"I-55, EXIT 178 & SR-43",West Lafayette,IN,375,3.58233,1,3.58233,3.58233,40.425870,-86.908070,city
70036,Speedway #3994,SR-38 & CR-21,West Chicago,IL,293,3.59900,1,3.59900,3.59900,41.884750,-88.203960,city
70037,SPEEDWAY #8738,"I-70, EXIT 23 & SR-59",Brazil,IN,375,3.69900,1,3.69900,3.69900,39.523650,-87.125020,city
70038,SPEEDWAY #1830,US-31,Grand Haven,MI,456,3.89900,1,3.89900,3.89900,43.063070,-86.228390,city
70039,TEX-BEST #527,SR-162 & SR-16,Jourdanton,TX,747,2.92067,1,2.92067,2.92067,28.918030,-98.546410,city
70040,TEX BEST #503,"I-35, EXIT 215 & CR-210",Kyle,TX,595,2.80567,1,2.80567,2.80567,29.989110,-97.877230,city
70041,LOVES TRAVEL STOP #705,"I-64/SR-33, EXIT 211 & SR-609",Providence Forge,VA,180,3.88900,1,3.88900,3.88900,37.441810,-77.043580,city
70042,Kwik Star #103,US-65,Iowa Falls,IA,565,3.37400,1,3.37400,3.37400,42.522480,-93.251310,city
70043,KWIK TRIP #571,"I-35, EXIT 235 & SR-210",Carlton,MN,515,3.31900,1,3.31900,3.31900,46.663830,-92.424910,city
70044,Thorntons #325,"I-94, EXIT 73B & US-6",South Holland,IL,365,3.69900,1,3.69900,3.69900,41.600870,-87.606990,city
70049,KWIK STAR #581,"I-380, EXIT 17",Cedar Rapids,IA,380,3.54067,1,3.54067,3.54067,42.008330,-91.644070,city
70050,KWIK TRIP #124,US-51,De Forest,WI,420,3.23567,1,3.23567,3.23567,43.247770,-89.343730,city
70053,KWIK TRIP #964,"US-12, EXIT 250 & CR-M",Middleton,WI,420,3.52900,1,3.52900,3.52900,43.097220,-89.504290,city
70054,KWIK TRIP #976,CR-241 & CR-ZZ,Oak Creek,WI,444,3.57900,1,3.57900,3.57900,42.885850,-87.863140,city
70058,KWIK TRIP #590,CR-4 & CR-22,Rochester,MN,515,3.62400,1,3.62400,3.62400,44.021630,-92.469900,city
70059,KWIK TRIP #118,US-2 & LAKESHORE DRIVE,Ashland,WI,334,3.69900,1,3.69900,3.69900,46.592440,-90.883800,city
70062,KWIK TRIP #970,SR-164 & SR-59,Waukesha,WI,444,3.53233,1,3.53233,3.53233,43.011680,-88.231480,city
70063,QUICK FUEL #2206,US-41,Marietta,GA,18,3.51900,1,3.51900,3.51900,33.952600,-84.549930,city
70066,KWIK TRIP #957,US-18 & CR-PD,Madison,WI,420,3.60400,1,3.60400,3.60400,43.073050,-89.401230,city
70067,KWIK TRIP #240,"I-94, EXIT 115 & CR-A",Black River Falls,WI,395,3.31233,1,3.31233,3.31233,44.294680,-90.851530,city
70068,LOVES TRAVEL STOP #712,"I-44, EXIT 107",Newcastle,OK,483,3.42567,1,3.42567,3.42567,35.247290,-97.599760,city
70069,CASEYS #3486,"I-49, EXIT 159",Harrisonville,MO,400,3.22900,1,3.22900,3.22900,38.653340,-94.348840,city
70074,CASEYS #3430,US-71 & US-136/SR-46,Maryville,MO,400,3.13733,1,3.13733,3.13733,40.346100,-94.872470,city
70075,KWIK TRIP #815,US-63 & SR-48,Cumberland,WI,295,3.62400,1,3.62400,3.62400,45.532180,-92.019350,city
70076,PETRO-CARD 24 #910681,SR-32,Salem,MO,392,3.09900,1,3.09900,3.09900,37.645600,-91.535980,city
70078,KWIK TRIP #573,I-94 & CR-EE,Eau Claire,WI,295,3.39900,1,3.39900,3.39900,44.811350,-91.498490,city
70079,PILOT #1118,US-60,Clovis,NM,593,4.07900,1,4.07900,4.07900,34.404800,-103.205230,city
70080,FLYING J TRAVEL PLAZA #1117,SR-25,Rochester,IN,370,3.85900,2,3.85900,3.85900,41.064760,-86.215830,city
70081,PILOT EXPRESS #1032,SR-7,Steubenville,OH,249,3.62900,1,3.62900,3.62900,40.369790,-80.633960,city
70082,KWIK TRIP #588,US-51 & SR-70,Woodruff,WI,395,3.09567,1,3.09567,3.09567,45.896340,-89.699040,city
70083,KWIK TRIP #596,US-14,Black Earth,WI,420,3.44400,1,3.44400,3.44400,43.137220,-89.746790,city
70084,SPEEDWAY #4440,SR-131,Waukegan,IL,293,3.72400,2,3.65900,3.78900,42.363630,-87.844790,city
70085,Pilot Travel Center #1114,SR-83,Bensenville,IL,290,3.51900,5,3.38900,3.65900,41.955030,-87.940070,city
70087,PILOT EXPRESS  #1098,"I-95, EXIT 14",Newark,NJ,105,3.99900,1,3.99900,3.99900,40.735660,-74.172370,city
70088,KWIK TRIP #138,SR-13,Park Falls,WI,395,3.14733,1,3.14733,3.14733,45.934400,-90.441550,city
70090,SPEEDWAY #7111,"I-40, EXIT 143 & SR-13",Hurricane Mills,TN,460,3.03233,1,3.03233,3.03233,35.971170,-87.781970,city
70091,SPEEDWAY #7503,I-70 & I-57 EXIT 159,Effingham,IL,293,3.24900,2,3.19900,3.29900,39.120040,-88.543380,city
70093,LOVES TRAVEL STOP #694,US-45/SR-5 & SR-57,Ramer,TN,435,3.46233,1,3.46233,3.46233,35.069530,-88.622270,city
70095,LOVES TRAVEL STOP #713,US-380 & FM-1304,Bridgeport,TX,630,2.94900,1,2.94900,2.94900,33.210120,-97.754760,city
70096,LOVES TRAVEL STOP #661,US-65 & SR-81,Pine Bluff,AR,695,3.31900,1,3.31900,3.31900,34.228430,-92.003200,city
70097,KWIK TRIP #112,SR-32 & SR-23,Sheboygan Falls,WI,444,3.29233,1,3.29233,3.29233,43.731970,-87.822130,city
70098,KWIK TRIP #110,US-2,Ashland,WI,334,3.69900,1,3.69900,3.69900,46.592440,-90.883800,city
70099,QUIKTRIP #1883,"I-35, EXIT 497 & US-82",Gainesville,TX,253,2.97567,1,2.97567,2.97567,33.625940,-97.133350,city
70100,LOVES TRAVEL STOP #718,"I-65, EXIT 158",Hope Hull,AL,720,3.26567,1,3.26567,3.26567,32.269860,-86.357190,city
70104,LOVES TRAVEL STOP #649,"I-76/US-6, EXIT 89",Brush,CO,800,4.08900,1,4.08900,4.08900,40.258870,-103.623840,city
70105,LOVES TRAVEL STOP #708,"I-75, EXIT 314 & CR-48",Bushnell,FL,225,3.29567,1,3.29567,3.29567,28.664990,-82.112860,city
70106,LOVES TRAVEL STOPS #719,"I-35, EXIT 308",Troy,TX,765,3.16300,2,3.15900,3.16700,31.206840,-97.302780,city
70107,LOVES TRAVEL STOP #711,"I-71, EXIT 165 & SR-97",Bellville,OH,315,3.70900,1,3.70900,3.70900,40.620060,-82.510720,city
70108,RICKY ROCKETS FUEL CENTER,SR-50 & SR-83,Midlothian,IL,291,3.14900,2,3.09900,3.19900,41.625310,-87.717550,city
70111,KWIK TRIP #557,"I-39, EXIT 126 & CR-V",De Forest,WI,420,3.31067,1,3.31067,3.31067,43.247770,-89.343730,city
70117,RUTTERS #72,"I-81, EXIT 16 & US-30",Saint Thomas,PA,70,4.39900,1,4.39900,4.39900,39.917590,-77.797770,city
70118,SPEEDWAY #7118,US-41,Smyrna,TN,460,3.01567,1,3.01567,3.01567,35.982840,-86.518600,city
70122,Circle K #2709301,SR-67,Decatur,AL,615,3.89900,1,3.89900,3.89900,34.605930,-86.983340,city
70124,TA Express Lamar,US-50/385,Lamar,CO,525,3.43900,1,3.43900,3.43900,38.087230,-102.620750,city
70125,SPEEDWAY #7391,I-76 EXIT 232,North Lima,OH,305,3.69900,1,3.69900,3.69900,40.948390,-80.658960,city
70126,SPEEDWAY #3535,"I-71,EXIT 165 & SR-97",Bellville,OH,315,3.59900,1,3.59900,3.59900,40.620060,-82.510720,city
70127,SPEEDWAY #2929,"US-22, US-119",New Alexandria,PA,165,3.97233,1,3.97233,3.97233,40.398680,-79.421980,city
70128,CIRCLE K #4703913,"I-40 E, EXIT 87",Jackson,TN,460,3.34900,1,3.34900,3.34900,35.614520,-88.813950,city
70130,SIDE TRACK,SR-57,Wrightsville,GA,85,3.31567,1,3.31567,3.31567,32.729330,-82.719860,city
70131,THORNTONS #323,SR-64,Lombard,IL,290,3.31567,6,3.29900,3.34900,41.880030,-88.007840,city
70135,KUM & GO #1455,"I-44, EXIT 130",Lebanon,MO,535,3.09233,1,3.09233,3.09233,37.680600,-92.663790,city
70136,FUEL CITY SAGINAW,CR-156,Fort Worth,TX,630,2.96567,1,2.96567,2.96567,32.725410,-97.320850,city
70137,RUTTERS #8,"I-83, EXIT 14 & SR-182",York,PA,70,4.19900,1,4.19900,4.19900,39.962600,-76.727740,city
70140,CASEYS #3593,SR-7 & US-50,North Vernon,IN,375,3.59233,1,3.59233,3.59233,39.006170,-85.623580,city
70142,ONVO TRAVEL PLAZA - AVIS,"US-220, EXIT 118",Avis,PA,138,3.53900,1,3.53900,3.53900,41.184790,-77.313860,city
70143,KWIK TRIP #104,"I-94, HWY-24, EXIT 178",Clearwater,MN,448,3.27733,1,3.27733,3.27733,45.419410,-94.048870,city
70144,LOVES TRAVEL STOP #635,"I-49, EXIT 24 & SR-282",Alma,AR,645,3.45900,1,3.45900,3.45900,35.477870,-94.221880,city
70145,MAVERIK COUNTRY STORE #578,US-26 & US-91,Idaho Falls,ID,825,3.40233,1,3.40233,3.40233,43.466580,-112.034140,city
70146,MAVERIK COUNTRY STORE #567,"I-90, EXIT 291A",Spokane,WA,970,3.98400,4,3.96900,3.99900,47.659660,-117.429080,city
70150,LOVES TRAVEL STOP #704,"I-29, EXIT 35B & US-34",Pacific Junction,IA,319,3.78900,1,3.78900,3.78900,41.018610,-95.799170,city
70151,LOVES TRAVEL STOP #721,"I-45, EXIT 246 & FM-1183",Ennis,TX,630,3.03567,1,3.03567,3.03567,32.329310,-96.625270,city
70154,Stinker,"US-34, CR-56",Kersey,CO,800,3.49900,1,3.49900,3.49900,40.387480,-104.561630,city
70155,MARATHON,"US-24, I-96 EXIT 179",Redford,MI,549,4.99900,1,4.99900,4.99900,42.383370,-83.296600,city
70156,MAVERIK COUNTRY STORE #348,"US-91, SR-130",Cedar City,UT,791,3.45233,1,3.45233,3.45233,37.677480,-113.061890,city
70157,LOVES TRAVEL STOP #702,US-63,Waterloo,IA,565,3.76900,1,3.76900,3.76900,42.492760,-92.342960,city
70158,FLYING J #1068,"I-26, EXIT 194 & SR-16",Summerville,SC,42,3.50900,1,3.50900,3.50900,33.018500,-80.175650,city
70159,LOVES TRAVEL STOP #717,US-460 & SR-156,Disputanta,VA,180,3.56233,1,3.56233,3.56233,37.124320,-77.225810,city
70160,COMMON CENTS #212,I-90 & SR-337,Sheridan,WY,836,3.56067,1,3.56067,3.56067,44.797190,-106.956180,city
70162,PILOT #1049,US-58,Suffolk,VA,130,3.89900,1,3.89900,3.89900,36.728360,-76.584960,city
70163,KWIK TRIP #598,SR-23,Paynesville,MN,451,3.39900,1,3.39900,3.39900,45.380520,-94.711950,city
70164,ONVO TRAVEL PLAZA - BLAKESLEE,I-80 EXIT 284,Blakeslee,PA,200,3.56567,1,3.56567,3.56567,41.092590,-75.592690,city
70168,KWIK TRIP #575,CR-75,Saint Joseph,MN,451,3.30233,1,3.30233,3.30233,45.564960,-94.318330,city
70169,ROCKING Oil,SR-21,Caldwell,TX,670,3.09900,1,3.09900,3.09900,30.531320,-96.693030,city
70170,LOVES TRAVEL STOP #716,SR-3005,Elizabethtown,KY,460,3.59900,1,3.59900,3.59900,37.693950,-85.859130,city
70171,CITGO HERITAGE RIDGE,US-151 & SR-26,Waupun,WI,582,3.14733,1,3.14733,3.14733,43.633320,-88.729550,city
70172,MACH 1 #3,I-57 & SR-14,Benton,IL,540,3.48900,2,3.37900,3.59900,37.996720,-88.920070,city
70174,LOVES TRAVEL STOP #701,"I-69, EXIT 176",Capac,MI,342,3.94900,1,3.94900,3.94900,43.012530,-82.927990,city
70176,MAVERIK COUNTRY STORE #565,I-84,Boise,ID,785,3.39567,1,3.39567,3.39567,43.613500,-116.203450,city
70177,MAVERIK COUNTRY STORE #497,US-160 & SR-145,Cortez,CO,614,3.41567,1,3.41567,3.41567,37.348880,-108.585930,city
70179,WORKMANS TRAVEL CENTER,"I-49, EXIT 78 & SR-264",Lowell,AR,645,3.40233,1,3.40233,3.40233,36.255350,-94.130760,city
70180,Gulf,SR-83,Bensenville,IL,297,3.07900,2,3.05900,3.09900,41.955030,-87.940070,city
70181,CIRCLE K #2723778,US-501 & SR-78/CR-1303,Sanford,NC,177,3.04900,1,3.04900,3.04900,35.479880,-79.180300,city
70182,SHELL,US-169,Blue Earth,MN,425,3.29900,1,3.29900,3.29900,43.637460,-94.102180,city
70183,PILOT # 1134,US-285 & CR-652,Orla,TX,593,3.75900,1,3.75900,3.75900,31.825130,-103.908810,city
70185,PILOT # 1147,SR-302,Kermit,TX,710,3.25567,1,3.25567,3.25567,31.857630,-103.092670,city
70187,PILOT # 1146,I-20 & SR-17,Pecos,TX,710,3.46567,1,3.46567,3.46567,31.422910,-103.493230,city
70188,KUM & GO #0890,I-44 (WESTBOUND),Vinita,OK,560,3.05900,1,3.05900,3.05900,36.638690,-95.154130,city
70189,HUDSON IRVING 24,SR-3A,Hudson,NH,34,3.79900,1,3.79900,3.79900,42.764810,-71.439790,city
70190,LOVES TRAVEL STOP #726,I-25 EXIT 191,Belen,NM,580,3.52233,1,3.52233,3.52233,34.662840,-106.776420,city
70191,LOVES TRAVEL STOP #734,"I-44, EXIT 5 & US-70",Randlett,OK,770,3.12067,1,3.12067,3.12067,34.177310,-98.463670,city
70192,LOVES TRAVEL STOP #720,"I-49, EXIT 94 & SR-1",Boyce,LA,730,3.17400,1,3.17400,3.17400,31.390460,-92.669310,city
70207,PILOT TRAVEL CENTERS #1344,I-20 EXIT 425,Fort Worth,TX,630,2.90900,1,2.90900,2.90900,32.725410,-97.320850,city
70208,GOLDEN GATE PETRO,SR-648,Sparks,NV,966,3.98567,1,3.98567,3.98567,39.534910,-119.752690,city
70209,PUMP N PETES #42,"I-49, EXIT 66 & CR-K",Jasper,MO,416,3.19900,1,3.19900,3.19900,37.336160,-94.301340,city
70210,CASEYS #3889,SR-29 & CR-1350,Henry,IL,368,3.34900,1,3.34900,3.34900,41.111420,-89.356480,city
70214,RACETRAC #688,I-20 & SR-6,Lithia Springs,GA,18,2.97233,1,2.97233,2.97233,33.794000,-84.660490,city
70216,PILOT TRAVEL CENTER #1110,I-25 & SR-105,Monument,CO,803,3.60900,2,3.57900,3.63900,39.091660,-104.872760,city
70217,MR GAS #20,I-84 EXIT 165,Jerome,ID,785,3.40733,1,3.40733,3.40733,42.724070,-114.518650,city
70218,LOVES TRAVEL STOP #725,I-69 & SR-260,Hanson,KY,490,3.59900,1,3.59900,3.59900,37.417270,-87.480830,city
70219,LOVES TRAVEL STOP #709,US-59 & SR-116,Lufkin,TX,610,3.64900,1,3.64900,3.64900,31.338240,-94.729100,city
70220,LOVES TRAVEL STOP #497,"I-40, EXIT 154 & US-64",Statesville,NC,46,3.68900,1,3.68900,3.68900,35.782640,-80.887300,city
70221,PILOT TRAVEL CENTER #1092,CR-70 E,Cedar Rapids,IA,380,3.77900,2,3.77900,3.77900,42.008330,-91.644070,city
70222,GOOD TO GO #45,"US-52 & SR-55, SR-18",Fowler,IN,375,3.69900,1,3.69900,3.69900,40.616700,-87.320850,city
70223,SPEEDWAY #8749,"I-75, EXIT 116",Flint,MI,342,3.21233,3,3.08900,3.28900,43.012530,-83.687460,city
70224,GOLDEN GATE PETROLEUM,I-70 EXIT 42,Palisade,CO,810,3.54900,1,3.54900,3.54900,39.110260,-108.350920,city
70225,Union 76 Pilot,US-130,Riverton,NJ,105,3.99900,1,3.99900,3.99900,40.011500,-75.014890,city
70227,LOVES TRAVEL STOP #724,"I-75, EXIT 414 & US-41",Lake City,FL,225,3.33900,1,3.33900,3.33900,30.189680,-82.639290,city
70229,TA EXPRESS HENDERSON #969,I-11 EXIT 15A,Henderson,NV,910,3.63900,1,3.63900,3.63900,36.039700,-114.981940,city
70232,RUTTERS #73,"I-81, EXIT 8 & CR-32",Inwood,WV,70,3.65900,1,3.65900,3.65900,39.357880,-78.040000,city
70233,RUDS,SR-31 & I-94 EXIT 127,New Salem,ND,390,3.49900,1,3.49900,3.49900,46.845000,-101.411250,city
70236,LOVES TRAVEL STOP #733,"I-25, EXIT 347",Las Vegas,NM,580,3.48900,1,3.48900,3.48900,35.593930,-105.223900,city
70238,ROAD RANGER #275,"I-10, EXIT 400 & US-277",Sonora,TX,740,3.54900,1,3.54900,3.54900,30.566850,-100.643430,city
70239,GOOD 2 GO #717,"I-25, EXIT 145",Colorado Springs,CO,803,3.47900,1,3.47900,3.47900,38.833880,-104.821360,city
70240,MAVERIK COUNTRY STORE #370,"I-15, EXIT 10",Saint George,UT,910,3.54150,1,3.54150,3.54150,37.104150,-113.584120,city
70241,MAVERIK COUNTRY STORE #460,SR-88,Minden,NV,966,3.52567,1,3.52567,3.52567,38.954070,-119.765730,city
70242,ROAD RANGER #276,"I-35, EXIT 342A",Waco,TX,765,3.04900,1,3.04900,3.04900,31.549330,-97.146670,city
70243,CASEYS #4415,US-68 & US-31W /SR-526,Bowling Green,KY,460,2.99900,1,2.99900,2.99900,36.990320,-86.443600,city
70245,YESWAY #1168,US-287 & CR-368,Iowa Park,TX,770,2.88900,1,2.88900,2.88900,33.951480,-98.668670,city
70246,7-Eleven #37565,SR-944 & SR-9,Miami,FL,95,3.24900,1,3.24900,3.24900,25.774270,-80.193660,city
70247,EXXON DBA ONE9 #1416,I-20 EXIT 458,Dallas,TX,630,2.99233,1,2.99233,2.99233,32.783060,-96.806670,city
70249,Caseys #4466,US-231 & SR-100,Scottsville,KY,460,3.31233,1,3.31233,3.31233,36.753380,-86.190540,city
70251,Marathon,SR-42 & US-49,Hattiesburg,MS,620,3.03233,1,3.03233,3.03233,31.327120,-89.290340,city
70254,LOVES TRAVEL STOP #732,I-70 & CR-829,Abilene,KS,523,3.76233,1,3.76233,3.76233,38.917220,-97.213910,city
70255,J&H  FAMILY STORE #152,SR-55,Cadillac,MI,344,3.40900,2,3.25900,3.55900,44.251950,-85.401160,city
70256,PILOT TRAVEL CENTER #1128,SR-60,Bartow,FL,140,3.59900,2,3.59900,3.59900,27.896410,-81.843140,city
70257,LOVES TRAVEL STOP #739,I-2,Donna,TX,639,3.64900,1,3.64900,3.64900,26.170350,-98.051950,city
70258,CASEYS #3677,US-59 & SR-30,Slayton,MN,530,3.29900,1,3.29900,3.29900,43.987740,-95.755850,city
70262,ASAP GENERAL STORE #332,US-70 & US-377,Madill,OK,569,3.01567,1,3.01567,3.01567,34.090380,-96.771670,city
70263,ENMARKET #769,US-301,Statesboro,GA,195,3.69900,1,3.69900,3.69900,32.448790,-81.783170,city
70265,Speedee Mart # 2875,I-80 & CR-238,Milford,NE,413,3.43233,1,3.43233,3.43233,40.774450,-97.050590,city
70266,PILOT #1161,I-20,Odessa,TX,710,3.56567,1,3.56567,3.56567,31.845680,-102.367640,city
70267,LOVES TRAVEL STOP #728,"I-5, EXIT 238 & SR-164",Albany,OR,935,3.84733,1,3.84733,3.84733,44.636510,-123.105930,city
70268,CASEYS #3396,SR-92 & SR-149,Sigourney,IA,380,3.36233,1,3.36233,3.36233,41.333340,-92.204630,city
70269,CASEYS #3589,"I-29, EXIT 2",North Sioux City,SD,527,3.05900,1,3.05900,3.05900,42.527220,-96.483090,city
70270,CASEYS #3685,US-50/US400  & SR-25,Lakin,KS,525,3.19233,1,3.19233,3.19233,37.940580,-101.254890,city
70271,CASEYS #1160,US-20,Plainview,NE,470,3.22900,1,3.22900,3.22900,42.349730,-97.792010,city
70273,SPEEDWAY #5457,"I-264 E, EXIT 14 & SR-864 N",Louisville,KY,415,3.02900,1,3.02900,3.02900,38.254240,-85.759410,city
70274,Kwik Star #920,US-18 & US-69,Garner,IA,433,3.39900,1,3.39900,3.39900,43.102460,-93.601880,city
70276,STAR EXPRESS #5,US-301 & SR-648,Petersburg,VA,180,3.04900,1,3.04900,3.04900,37.227930,-77.401930,city
70277,KWIK TRIP #595,SR-46,Amery,WI,448,3.56067,1,3.56067,3.56067,45.306910,-92.362140,city
70278,KWIK TRIP #923,"I-41, EXIT 146 & CR-N",Little Chute,WI,582,3.26900,1,3.26900,3.26900,44.279990,-88.318440,city
70279,KWIK TRIP #926,SR-19 & SR-21,New Prague,MN,448,3.29067,1,3.29067,3.29067,44.543300,-93.576070,city
70280,LOVES TRAVEL STOP #668,"I-25, EXIT 250 & SR-56",Berthoud,CO,800,3.39067,1,3.39067,3.39067,40.308320,-105.081090,city
70281,LOVES TRAVEL STOP #645,"I-75, EXIT 18",Monroe,MI,325,3.40567,6,3.23900,3.54900,41.916430,-83.397710,city
70282,PLEASANT SPRINGS TRAVEL,"I-39, EXIT 147 & CR-N",Cottage Grove,WI,420,3.39067,1,3.39067,3.39067,43.076110,-89.199560,city
70283,SPEEDWAY #3996,US-12 & SR-120,Round Lake,IL,293,3.44233,3,3.39900,3.47900,42.353360,-88.093410,city
70284,ROBINSON CORINTH IRVING,"I-395 N, EXIT 3",Corinth,ME,170,3.93233,1,3.93233,3.93233,,,unknown
70285,IRVING MAINWAY,SR-16 E,Dover Foxcroft,ME,170,3.86567,1,3.86567,3.86567,45.183390,-69.226990,city
70286,ROBINSONS IRVING,SR-7,Corinna,ME,170,3.93233,1,3.93233,3.93233,44.921170,-69.261710,city
70287,LOVES TRAVEL STOP #710,US-31 & SR 28,Tipton,IN,457,3.84733,1,3.84733,3.84733,40.282260,-86.041100,city
70291,LOVES TRAVEL STOP #723,"I-80, EXIT 310 & CR-322",Laramie,WY,795,3.61567,1,3.61567,3.61567,41.311370,-105.591100,city
70292,FLYING J #1171,I-15,Mesquite,NV,910,3.70567,1,3.70567,3.70567,36.805530,-114.067190,city
70293,KWIK TRIP #922,US-8,Cameron,WI,295,3.66400,1,3.66400,3.66400,45.408570,-91.744060,city
70295,SPEEDWAY #8080,I-69 & US-20,Angola,IN,465,3.59900,1,3.59900,3.59900,41.634770,-84.999410,city
70296,MAVERIK COUNTRY STORE #573,SR-68 & SR-154,Riverton,UT,835,3.13567,1,3.13567,3.13567,40.521890,-111.939100,city
70297,KWIK STAR #509,SR-169 & BUS-20,Fort Dodge,IA,433,3.20233,1,3.20233,3.20233,42.497470,-94.168020,city
70298,LOVES TRAVEL STOP #740,"I-95, EXIT 38 & SR-68",Yemassee,SC,42,3.41900,1,3.41900,3.41900,32.690180,-80.850660,city
70299,Mr Fuel Travel Center dba Pilot Express #1149,"I-295, EXIT 41 & SR-105",Jacksonville,FL,75,3.23900,3,3.23900,3.23900,30.332180,-81.655650,city
70300,PILOT DEALER #1194,I-10 & US-60,Phoenix,AZ,930,6.03900,2,6.03900,6.03900,33.448380,-112.074040,city
70301,GOLDEN GATE TRUCKSTOP,I-80 & SR-535,Elko,NV,787,3.59900,1,3.59900,3.59900,40.832420,-115.763120,city
70302,KWIK TRIP #117,CR-9 & CR-4,Duluth,MN,334,3.49900,1,3.49900,3.49900,46.783270,-92.106580,city
70303,Kwik Star #1004,US-63,Waterloo,IA,565,3.57400,1,3.57400,3.57400,42.492760,-92.342960,city
70304,Rusty Lantern,"I-95, EXIT 109A & SR-202",Augusta,ME,170,3.88733,1,3.88733,3.88733,44.310620,-69.779490,city
70305,LOVES TRAVEL STOP #737,I-40/US-270,El Reno,OK,483,3.34400,1,3.34400,3.34400,35.532270,-97.955050,city
70306,KWIK STAR #1001,US-6,Newton,IA,320,3.24900,1,3.24900,3.24900,41.699710,-93.047980,city
70307,KWIK TRIP #592,"I-35, EXIT 159 & CR-1",Rush City,MN,451,3.37733,1,3.37733,3.37733,45.685510,-92.965490,city
70308,KWIK TRIP #946,SR-32,Pulaski,WI,582,3.45733,1,3.45733,3.45733,44.672220,-88.242600,city
70309,PILOT #1165,SR-18 & SR-128,Jal,NM,593,3.36567,1,3.36567,3.36567,32.113180,-103.193510,city
70310,LANCASTER CONVENIENCE,US-2 & US-70,Lancaster,MA,34,3.70567,1,3.70567,3.70567,42.455650,-71.673120,city
70311,RACING MART,SR-8,Adams,MA,215,3.69900,1,3.69900,3.69900,42.624250,-73.117600,city
70313,Flyer's #3207,"SR-143, EXIT 2",Phoenix,AZ,930,3.38900,1,3.38900,3.38900,33.448380,-112.074040,city
70314,CASEYS #2721,US-34,Lincoln,NE,413,3.33650,1,3.33650,3.33650,40.800000,-96.666960,city
70318,LOVES TRAVEL STOP #738,"I-30/US-67, EXIT 122 & SR-19/SR-11",Sulphur Springs,TX,723,3.30900,1,3.30900,3.30900,33.138450,-95.601070,city
70319,SPEEDWAY #3650,"I-76, EXIT 11 & SR-261",Wadsworth,OH,305,3.69900,1,3.69900,3.69900,41.025610,-81.729850,city
70320,SPEEDWAY #7177,"I-24, EXIT 158 & SR-27",Jasper,TN,285,3.01400,1,3.01400,3.01400,35.074240,-85.626080,city
70321,PILOT TRAVEL CENTER #1132,SR-171 & SR-78,Brawley,CA,900,4.82900,4,4.75900,4.89900,32.978660,-115.530270,city
70322,INDIAN HILL IRVING,SR 6,Greenville,ME,170,3.86567,1,3.86567,3.86567,45.459490,-69.590610,city
70323,LOVES TRAVEL STOP #750,I-74 EXIT 206,Oakwood,IL,280,3.48900,3,3.38900,3.58900,40.116150,-87.778360,city
70324,LOVES TRAVEL STOP #729,CR-17 & US-20,Goshen,IN,465,3.72233,1,3.72233,3.72233,41.582270,-85.834440,city
70325,KWIK STAR #927,US-169 & US-169 BUS/US-20 BUS,Fort Dodge,IA,433,3.20233,1,3.20233,3.20233,42.497470,-94.168020,city
70326,PILOT #1207,"I-20, EXIT 79 & SR-464",Monahans,TX,710,3.46567,1,3.46567,3.46567,31.594300,-102.892650,city
70328,Thorntons #7,US-12 & US-45,Franklin Park,IL,290,3.46233,3,3.32900,3.67900,41.935310,-87.865620,city
70329,1 STOP TRAVEL PLAZA,US-14 & US-83,Pierre,SD,571,3.38233,1,3.38233,3.38233,44.368320,-100.350970,city
70331,LOVES TRAVEL STOP #707,"I-64, EXIT 21",Covington,VA,185,3.64900,1,3.64900,3.64900,37.793460,-79.993950,city
70333,KWIK STAR #932,"I-80, EXIT 143 & CR-S14",Altoona,IA,320,2.95900,1,2.95900,2.95900,41.644160,-93.464660,city
70334,KWIK TRIP #1021,SR-11 & CR-E,Brodhead,WI,420,3.41567,1,3.41567,3.41567,42.618340,-89.376230,city
70336,SPEEDWAY #3962,"I-39,  EXIT 3 & SR-9",Roscoe,IL,293,3.46900,1,3.46900,3.46900,42.413350,-89.009270,city
70337,LOVES TRAVEL STOP #700,I-10 EXIT 404 & SR-467,Sonora,TX,710,3.64733,1,3.64733,3.64733,30.566850,-100.643430,city
70338,LOVES TRAVEL STOP #747,"I-75, EXIT 90",Sidney,OH,411,3.34567,1,3.34567,3.34567,40.284220,-84.155500,city
70340,PIT STOP,SR-53 & SR-74,Joliet,IL,399,3.49900,1,3.49900,3.49900,41.525190,-88.083400,city
70341,LOVES TRAVEL STOP #741,US-29,Reidsville,NC,65,3.99900,1,3.99900,3.99900,36.354860,-79.664470,city
70342,AF TRUCK CENTER,"I-294, EXIT 33 & SR-64",Melrose Park,IL,293,3.45900,1,3.45900,3.45900,41.900590,-87.856730,city
70343,PILOT TRAVEL CENTER #1103,"I-5, EXIT 208 & SR-530",Arlington,WA,962,4.55900,1,4.55900,4.55900,48.198710,-122.125140,city
70344,KWIK TRIP #928,US-169,Princeton,MN,451,3.39900,1,3.39900,3.39900,45.569970,-93.581630,city
70345,LOVES TRAVEL STOP #742,"I-196, EXIT 52",Holland,MI,406,4.08900,1,4.08900,4.08900,42.787520,-86.108930,city
70346,Kwik Star #924,SR-17 & US-20 EXIT 140,Webster City,IA,433,3.20233,1,3.20233,3.20233,42.469420,-93.816050,city
70349,WEIGELS #90,SR-139 & SR-66,Kodak,TN,405,3.19900,1,3.19900,3.19900,35.974530,-83.626840,city
70350,CIRCLE K #2741859,CR-802,Brownsville,TX,665,3.02900,1,3.02900,3.02900,25.901750,-97.497480,city
70351,MAVERIK COUNTRY STORE #606,US-91,Franklin,ID,825,3.57900,1,3.57900,3.57900,42.013540,-111.807170,city
70352,KWIK TRIP #1019,CR-5 & SR-65,Isanti,MN,448,3.47400,1,3.47400,3.47400,45.490240,-93.247730,city
70353,ASAP General Store #314,"US-62, US-81, SR-9",Chickasha,OK,483,3.13233,1,3.13233,3.13233,35.052570,-97.936430,city
70357,Certified Oil #400489,"I-71, EXIT 104",Columbus,OH,315,3.40900,1,3.40900,3.40900,39.961180,-82.998790,city
70358,FOOD N FUEL #25,SR-15 & US-12,Milbank,SD,248,3.36900,1,3.36900,3.36900,45.219130,-96.635620,city
70359,PILOT DEALER #1185,"I-15, EXIT 9   3",Littlefield,AZ,910,3.69900,2,3.68900,3.70900,36.887200,-113.929690,city
70360,MAVERIK COUNTRY STORE #595,"I-84, EXIT 28",Caldwell,ID,785,3.36900,1,3.36900,3.36900,43.662940,-116.687360,city
70361,MAVERIK COUNTRY STORE #599,US-89 & CR-122,Thayne,WY,825,3.66900,1,3.66900,3.66900,42.920760,-111.002160,city
70366,FAST STOP,US-41,Escanaba,MI,360,3.39900,1,3.39900,3.39900,45.745250,-87.064580,city
70371,KENT KWIK #440,US-277,Haskell,TX,575,3.53900,1,3.53900,3.53900,33.157600,-99.733700,city
70373,KWIK TRIP #791,US-45 & SR-54,New London,WI,582,3.48400,1,3.48400,3.48400,44.392760,-88.739830,city
70374,LOVES TRAVEL STOP #746,I-72 & SR-121,Decatur,IL,280,3.46900,2,3.44900,3.48900,39.840310,-88.954800,city
70375,QUIKTRIP #1853,US-81,Decatur,TX,630,2.89900,1,2.89900,2.89900,33.234280,-97.586140,city
70376,QUIKTRIP #1935,SR-183,Dallas,TX,630,2.97567,1,2.97567,2.97567,32.783060,-96.806670,city
70377,WEIGELS #81,I-81 & SR-32,Morristown,TN,405,3.25900,1,3.25900,3.25900,36.213980,-83.294890,city
70379,SPEEDWAY #7209,US-411 & SR-20,Cartersville,GA,18,3.11567,1,3.11567,3.11567,34.165330,-84.802310,city
70380,LOVES TRAVEL STOP #714,"I-85, EXIT 29",Charlotte,NC,46,3.52233,1,3.52233,3.52233,35.227090,-80.843130,city
70383,SPEEDWAY #4400,I-10 & SR-59,Loxley,AL,715,3.28233,1,3.28233,3.28233,30.618250,-87.753050,city
70385,LONGHORN EXPRESS,US-70,Ardmore,OK,253,3.00900,1,3.00900,3.00900,34.174260,-97.143630,city
70388,PILOT #1205,"I-20, EXIT 80",Monahans,TX,710,3.46567,1,3.46567,3.46567,31.594300,-102.892650,city
70389,PILOT #1145,SR-191,Midland,TX,710,3.56567,1,3.56567,3.56567,31.997350,-102.077910,city
70390,FLYING J #1206,SR-302 & CR-313,Kermit,TX,710,3.25567,1,3.25567,3.25567,31.857630,-103.092670,city
70391,MACH 1 #12,I-57 EXIT 65,West Frankfort,IL,510,3.24900,2,3.19900,3.29900,37.897830,-88.931460,city
70403,MAVERIK COUNTRY STORE #607,"I-90, EXIT 1",Post Falls,ID,970,3.37567,1,3.37567,3.37567,47.717960,-116.951590,city
70404,MAVERIK COUNTRY STORE #602,"I-25 EXIT, 138",Colorado Springs,CO,803,3.28900,1,3.28900,3.28900,38.833880,-104.821360,city
70405,LOVES TRAVEL STOP #760,SR-18 & SR-234,Eunice,NM,593,3.32900,1,3.32900,3.32900,32.437340,-103.159080,city
70406,LOVES TRAVEL STOP #754,SR-251,Rochelle,IL,520,3.79900,2,3.74900,3.84900,41.923920,-89.068710,city
70407,BOLLA MARKET,"I-495, EXIT 57",Islandia,NY,83,3.59233,3,3.53900,3.63900,40.804260,-73.169000,city
70408,BOLLA MARKET,"I-495, EXIT 64",Medford,NY,83,3.73900,3,3.53900,4.03900,40.817600,-73.000110,city
70409,SPEEDWAY #6512,"I-196, EXIT 49 & SR-40",Holland,MI,456,3.89900,1,3.89900,3.89900,42.787520,-86.108930,city
70410,SPEEDWAY #4107,I-285 & US-78,Stone Mountain,GA,18,3.52900,1,3.52900,3.52900,33.808160,-84.170200,city
70411,MARATHON,SR-72,Elberton,GA,16,3.89900,1,3.89900,3.89900,34.111590,-82.868630,city
70413,CASEYS #3782,US-169 & SR-2,Mount Ayr,IA,320,3.16400,1,3.16400,3.16400,40.714710,-94.235230,city
70415,GARDEN TRUCK STOP,SR-55 /EXIT 35,Vineland,NJ,150,3.99900,1,3.99900,3.99900,39.486230,-75.025730,city
70416,ALLSUPS CONVENIENCE STORE #2361,US-54 & US-287,Stratford,TX,585,2.95733,1,2.95733,2.95733,36.336140,-102.072120,city
70417,CASEYS #3434,US-63,Denver,IA,565,3.49900,1,3.49900,3.49900,42.671370,-92.337400,city
70419,FUEL AMERICA TRAVEL CENTER,I-35 EXIT 24,Laredo,TX,693,3.09900,1,3.09900,3.09900,27.506410,-99.507540,city
70420,Circle K #2709302,SR-67,Decatur,AL,615,3.50733,1,3.50733,3.50733,34.605930,-86.983340,city
70421,CASEYS #3581,US-62/US-67,Corning,AR,695,3.28233,1,3.28233,3.28233,36.407840,-90.579830,city
70422,CIRCLE K #2741675,"I-10, EXIT 134",Tolleson,AZ,930,3.51900,1,3.51900,3.51900,33.450040,-112.259320,city
70423,LOVES TRAVEL STOP #763,I-90 & US-20,Hampshire,IL,290,3.51900,5,3.44900,3.64900,42.097800,-88.530360,city
70424,LOVES TRAVEL STOP #743,"I-75, EXIT 144A",Bridgeport,MI,260,3.40500,5,3.27900,3.58900,43.359470,-83.881640,city
70425,LOVES TRAVEL STOP #731,"I-79, EXIT 105 & SR-108",Slippery Rock,PA,165,4.24900,1,4.24900,4.24900,41.063950,-80.056450,city
70426,BISHOPS TRAVEL CENTER,US-27,Attapulgus,GA,20,3.69900,1,3.69900,3.69900,30.749320,-84.485680,city
70427,PARKERS #64 (DISCOUNT AVAILABLE),SR-307,Savannah,GA,195,3.03233,1,3.03233,3.03233,32.083540,-81.099830,city
70428,PARKERS #63 (DISCOUNT AVAILABLE),US-301,Jesup,GA,195,3.11567,1,3.11567,3.11567,31.607850,-81.886340,city
70429,BP,SR-76,Adel,GA,10,2.96900,1,2.96900,2.96900,31.137270,-83.424080,city
70430,SPRINT FOODS #715,I-520 & SR-56,Augusta,GA,135,3.19233,1,3.19233,3.19233,33.470970,-81.974840,city
70431,TA EXPRESS HOLSTEIN #941,I-20 E,Holstein,IA,527,3.55900,1,3.55900,3.55900,42.489150,-95.545000,city
70432,GAS N WASH,SR-43,Frankfort,IL,365,3.54900,2,3.49900,3.59900,41.495870,-87.848660,city
70433,GAS N WASH,SR-126,Plainfield,IL,290,3.59900,1,3.59900,3.59900,41.626970,-88.203950,city
70434,HUCKS FOOD & FUEL #371,SR-148 & SR-142,Mount Vernon,IL,340,3.09900,1,3.09900,3.09900,38.317270,-88.903120,city
70436,CASEYS #3492,US-36,Marysville,KS,413,3.29900,1,3.29900,3.29900,39.841110,-96.647240,city
70437,Thorntons #155,"SR-1020 N, & SR1065 E",Louisville,KY,415,2.90567,1,2.90567,2.90567,38.254240,-85.759410,city
70438,BREAU BRIDGE TRUCKSTOP AND CASINO,SR-94,Breaux Bridge,LA,730,3.22900,1,3.22900,3.22900,30.273530,-91.899280,city
70439,CHEVRON,I-20 & SR-151,Arcadia,LA,590,3.18900,1,3.18900,3.18900,32.549040,-92.920160,city
70440,MOUND MINI MART,I-696,Warren,MI,325,3.69900,1,3.69900,3.69900,42.490440,-83.013040,city
70441,BREAK TIME #3165,US-50 & SR-13,Warrensburg,MO,400,3.29233,1,3.29233,3.29233,38.762790,-93.736050,city
70442,GOLDEN GATE PETRO,I-580 & US-50,Carson City,NV,966,3.59900,1,3.59900,3.59900,39.163800,-119.767400,city
70443,GLUCKSTADT FLEETWAY,"I-55, EXIT 112",Madison,MS,760,3.19900,1,3.19900,3.19900,32.461810,-90.115360,city
70445,CASEYS #3514,SR-1,Oakes,ND,341,3.38233,1,3.38233,3.38233,46.138580,-98.090380,city
70446,ALLSUPS CONVENIENCE STORE #2220,US-285,Loving,NM,640,3.59900,1,3.59900,3.59900,32.286230,-104.095770,city
70447,84 QUIK STOP,"I-84, EXIT 3 & US-6",New Hampton,NY,120,3.57900,2,3.45900,3.69900,41.410930,-74.407100,city
70448,CIRCLE K #4707623,"I-81, EXIT 31",Brewerton,NY,220,4.08900,1,4.08900,4.08900,43.238120,-76.140760,city
70450,QUEENSBURY,SR-149,Queensbury,NY,12,3.78900,1,3.78900,3.78900,43.377290,-73.613170,city
70452,LOVES TRAVEL STOP #749,SR-78,Westmorland,CA,900,4.82650,4,4.77900,4.88900,33.037270,-115.621380,city
70453,MARIETTA PETROLEUM,"I-35, EXIT 15 & SR-32",Marietta,OK,253,2.92233,1,2.92233,2.92233,33.937040,-97.116680,city
70454,DANDY MINI MART #36,US-220,Monroeton,PA,200,4.03233,1,4.03233,4.03233,41.712580,-76.474660,city
70455,RUTTERS #37,US-332/US-22 & SR-75,Mifflintown,PA,70,4.09900,1,4.09900,4.09900,40.569800,-77.396930,city
70456,RUTTERS #67,SR-16 & SR-75,Mercersburg,PA,70,4.39900,1,4.39900,4.39900,39.827870,-77.903330,city
70457,RUTTERS #15,"I-83, EXIT 22 & SR-4009",York,PA,70,4.19900,1,4.19900,4.19900,39.962600,-76.727740,city
70458,STOP-A MINIT,US-25 & SR-418,Pelzer,SC,30,2.89900,1,2.89900,2.89900,34.642340,-82.455960,city
70459,GET N GO #22,I-90 & SR-115,Sioux Falls,SD,530,2.93900,1,2.93900,2.93900,43.543690,-96.727960,city
70460,ALLSUPS CONVENIENCE STORE #2371,US-87,San Angelo,TX,612,3.20567,1,3.20567,3.20567,31.463770,-100.437040,city
70461,CIRCLE K #2741074,I-35 & FM-1103,New Braunfels,TX,740,2.84400,1,2.84400,2.84400,29.703000,-98.124450,city
70463,CIRCLE K #2741496,US-290,Chappell Hill,TX,670,2.99900,1,2.99900,2.99900,30.142720,-96.256910,city
70464,GOLDEN GATE PETEROLEUM 24 RD,US-6,Grand Junction,CO,810,3.53900,1,3.53900,3.53900,39.063870,-108.550650,city
70466,Circle K #2741925,SR-19,Trinity,TX,670,2.89900,1,2.89900,2.89900,30.945190,-95.375500,city
70467,QUIKTRIP #598,"I-80, EXIT 439, SR-370",Omaha,NE,486,2.92733,1,2.92733,2.92733,41.256260,-95.940430,city
70468,CIRCLE K #2741325,I-14 & SR-121,Belton,TX,765,2.88567,1,2.88567,2.88567,31.056010,-97.464450,city
70469,TA EXPRESS #286,I-30 & SR-423,Mount Vernon,TX,637,3.29900,1,3.29900,3.29900,33.188730,-95.221330,city
70472,SHELL/ONE9 #1304,I-820 & CR-156,Fort Worth,TX,630,2.89233,1,2.89233,2.89233,32.725410,-97.320850,city
70474,EXXON,"I-30, EXIT 42A",Dallas,TX,630,3.49900,1,3.49900,3.49900,32.783060,-96.806670,city
70476,KWIK TRIP #1037,SR-65/23,Mora,MN,451,3.39400,1,3.39400,3.39400,45.876900,-93.293840,city
70478,TA Express Salina,"I-70, EXIT 56",Salina,UT,835,3.64900,1,3.64900,3.64900,38.957740,-111.859930,city
70479,CROSSROADS MARKET,US-60 & SR-657,Gladstone,VA,185,3.43900,1,3.43900,3.43900,37.546810,-78.849460,city
70480,BIG B TRUCK STOP,"I-90, EXIT 321",Sprague,WA,962,3.89900,1,3.89900,3.89900,47.300160,-117.975510,city
70481,GOHL POST BP,"I-39, EXIT 100",Endeavor,WI,420,3.17567,1,3.17567,3.17567,43.715810,-89.466230,city
70482,BIG D OIL #19,SR-259 & SR-387,Midwest,WY,790,3.45900,1,3.45900,3.45900,43.411360,-106.280020,city
70483,BOLLA MARKET,SR-27 & CR-47,Copiague,NY,83,3.41900,2,3.39900,3.43900,40.681490,-73.399840,city
70484,ALLSUPS CONVENIENCE STORE #2117,SR-18 & CR-97,Lovington,NM,700,3.10400,1,3.10400,3.10400,32.944010,-103.348550,city
70485,ALLSUPS CONVENIENCE STORE #2145,SR-132,Hobbs,NM,593,3.38233,1,3.38233,3.38233,32.702610,-103.136040,city
70488,ALLSUPS CONVENIENCE STORE #2365,US-380 & SR-214,Plains,TX,700,3.36900,1,3.36900,3.36900,33.188710,-102.827990,city
70491,MFA OIL PETRO CARD 24,US-36,Hamilton,MO,276,3.24067,1,3.24067,3.24067,39.743620,-93.998270,city
70492,KWIK TRIP #1033,US-51 EXIT 191B,Wausau,WI,395,3.45400,1,3.45400,3.45400,44.959140,-89.630120,city
70493,LOVES TRAVEL STOP #759,US-63/SR-11,Hazen,AR,695,3.22567,1,3.22567,3.22567,34.780930,-91.580970,city
70494,7-ELEVEN #37570,I-76/US-6,Commerce City,CO,800,3.63900,1,3.63900,3.63900,39.808320,-104.933870,city
70495,LOVES TRAVEL STOP #689,US-65 & US-82,Lake Village,AR,695,3.26900,1,3.26900,3.26900,33.328730,-91.281780,city
70496,KWIK TRIP #1015,"I-43, EXIT 171",Denmark,WI,582,3.36233,1,3.36233,3.36233,44.347770,-87.827320,city
70498,KWIK TRIP #939,"SR-29, EXIT 101",Stanley,WI,295,3.46900,1,3.46900,3.46900,44.959970,-90.937080,city
70500,STRIPES 7FLEET #42526,SR-289,Lubbock,TX,700,3.05567,1,3.05567,3.05567,33.577860,-101.855170,city
70501,STRIPES 7FLEET #42527,SR-191 & US-349,Midland,TX,710,3.47233,1,3.47233,3.47233,31.997350,-102.077910,city
70502,STRIPES 7FLEET #42532,SR-302 & FM-1936,Odessa,TX,710,3.09900,1,3.09900,3.09900,31.845680,-102.367640,city
70503,STRIPES 7FLEET #42491,US-67 & SR-137,Big Lake,TX,710,3.54900,1,3.54900,3.54900,31.191540,-101.460390,city
70505,STRIPES #42593,LOOP 289 & MLK BLVD,Lubbock,TX,700,2.96567,1,2.96567,2.96567,33.577860,-101.855170,city
70507,ALLSUPS CONVENIENCE STORE #2154,SR-206 / US-283,Coleman,TX,575,3.15900,1,3.15900,3.15900,31.827370,-99.426450,city
70508,7-ELEVEN #34715,I-294 EXIT 20,Schiller Park,IL,290,4.57900,1,4.57900,4.57900,41.955860,-87.870900,city
70509,ALLSUPS CONVENIENCE STORE #2108,US-377 & US-183,Early,TX,575,2.93233,1,2.93233,2.93233,31.742100,-98.945610,city
70510,ALLSUPS CONVENIENCE STORE #2147,SR-6 & CR-454,De Leon,TX,630,3.15900,1,3.15900,3.15900,32.110970,-98.535880,city
70516,STRIPES 7FLEET #42528,"I-20, EXIT 217 & SR-139",Colorado City,TX,575,2.89900,1,2.89900,2.89900,32.388170,-100.864560,city
70527,THORNTONS #164,I-65 EXIT 16 & US-31,Memphis,IN,415,3.62567,1,3.62567,3.62567,38.483400,-85.761630,city
70530,LOVES TRAVEL STOP #767,FM-511 & SR-48,Brownsville,TX,625,3.15567,1,3.15567,3.15567,25.901750,-97.497480,city
70538,SPEEDWAY #9329,"I-64 EXIT 43, SR 395 & 2823",Waddy,KY,410,3.14900,1,3.14900,3.14900,38.137020,-85.074400,city
70539,PILOT TRAVEL CENTER #1174,"I-70/SR-1, EXIT 147",Marshall,IL,510,3.39100,5,3.29900,3.49900,39.391430,-87.693640,city
70540,LOVES TRAVEL STOP #674,US-27 & SR-60,Lake Wales,FL,140,3.55233,1,3.55233,3.55233,27.901410,-81.585910,city
70541,Kwik Star#1012,US-71 & SR-9,Spirit Lake,IA,440,3.29900,1,3.29900,3.29900,43.422180,-95.102220,city
70543,ALLSUPS CONVENIENCE STORE #2078,US-60,White Deer,TX,585,2.96900,1,2.96900,2.96900,35.435320,-101.172940,city
70544,ALLSUPS CONVENIENCE STORE #2100,US-87,Odonnell,TX,700,3.09900,1,3.09900,3.09900,32.963710,-101.832650,city
70545,ALLSUPS CONVENIENCE STORE #2205,SR-83,Denver City,TX,700,3.36567,1,3.36567,3.36567,32.964550,-102.829100,city
70546,ALLSUPS CONVENIENCE STORE #2370,US-287 & SR-70,Clarendon,TX,585,2.92900,1,2.92900,2.92900,34.937830,-100.888200,city
70547,ALLSUPS CONVENIENCE STORE #2140,SR-114,Bridgeport,TX,630,2.89900,1,2.89900,2.89900,33.210120,-97.754760,city
70548,ALLSUPS CONVENIENCE STORE #2114,US-84,Muleshoe,TX,700,3.19067,1,3.19067,3.19067,34.226470,-102.723830,city
70549,ALLSUPS CONVENIENCE STORE #2194,214 PLAINS HIGHWAY,Denver City,TX,700,3.38233,1,3.38233,3.38233,32.964550,-102.829100,city
70550,TEXACO #379545,US-290,Giddings,TX,595,3.39900,1,3.39900,3.39900,30.182720,-96.936370,city
70551,KWIK TRIP #1047,SR-100 & SR-59,Milwaukee,WI,444,3.54067,1,3.54067,3.54067,43.038900,-87.906470,city
70552,KWIK TRIP #941,US-2,Duluth,MN,334,3.49900,1,3.49900,3.49900,46.783270,-92.106580,city
70553,KWIK TRIP #1028,US-59,Worthington,MN,425,3.16567,1,3.16567,3.16567,43.619960,-95.596400,city
70554,HORSESHOE CONVENIENCE,SR 302 & IC 200,Mentone,TX,710,3.10733,1,3.10733,3.10733,31.705130,-103.599350,city
70555,THORNTONS #615,I-40 EXIT 188,Kingston Springs,TN,460,2.98233,1,2.98233,2.98233,36.102000,-87.115010,city
70556,ZIP ZONE EXPRESS,US-23,Catlettsburg,KY,255,3.69900,1,3.69900,3.69900,38.404800,-82.600440,city
70557,LOVES TRAVEL STOP #727,"I-44, EXIT 283 & US-69",Big Cabin,OK,560,3.41233,1,3.41233,3.41233,36.537870,-95.221360,city
70558,LOVES TRAVEL STOP #752,"I-43, EXIT 25 & SR-67",Elkhorn,WI,520,3.24067,1,3.24067,3.24067,42.672790,-88.544540,city
70559,KWIK TRIP #1026,"HWY-23/ HWY-169, EXIT 23",Milaca,MN,453,3.36900,1,3.36900,3.36900,45.755800,-93.654410,city
70560,PILOT DEALER #1235,"I-8, EXIT 42",Tacna,AZ,900,3.62900,2,3.59900,3.65900,32.697550,-113.953540,city
70561,PILOT #1143,I-20 & SR-302,Odessa,TX,710,3.59900,1,3.59900,3.59900,31.845680,-102.367640,city
70562,SPEEDWAY #7161,I-65 & US-31,Portland,TN,460,3.02400,1,3.02400,3.02400,36.581710,-86.516380,city
70563,PILOT DEALER #1234,US-93 & CR-145,Willow Beach,AZ,910,3.86900,2,3.83900,3.89900,33.714770,-110.978450,city
70564,SPEEDWAY #7236,"I-90/SR-2, EXIT 151",Avon,OH,305,3.65900,1,3.65900,3.65900,41.451710,-82.035420,city
70565,Kwik Star #1025,SR-9/SR-4,Estherville,IA,425,3.33233,1,3.33233,3.33233,43.401630,-94.832760,city
70567,LEDGEWOOD BP,I-80/SR-46,Ledgewood,NJ,115,3.29900,1,3.29900,3.29900,40.881210,-74.655990,city
70571,LOVES TRAVEL STOP #748,"I-90, I-80 & SR-49",Edon,OH,550,3.88733,1,3.88733,3.88733,41.556440,-84.768850,city
70572,LOVES TRAVEL STOP #745,I-94,Saint Clair,MI,342,3.94900,1,3.94900,3.94900,42.820870,-82.486020,city
70573,KWIK TRIP #1038,US-12,Prairie Du Sac,WI,420,3.48400,1,3.48400,3.48400,43.286930,-89.724010,city
70574,SPEEDWAY #3961,"I-55, EXIT 109",Williamsville,IL,318,3.29900,1,3.29900,3.29900,39.954220,-89.548710,city
70575,SPEEDWAY #6721,SR 51,Mc Kees Rocks,PA,165,3.89900,1,3.89900,3.89900,40.465620,-80.065610,city
70576,KWIK TRIP #593,"I-94, EXIT 41 & SR-25",Menomonie,WI,295,3.57400,1,3.57400,3.57400,44.875520,-91.919340,city
70577,SPEEDWAY #3715,US-30,Crest Hill,IL,293,3.32900,2,3.29900,3.35900,41.554750,-88.098670,city
70578,COMMON CENTS #125,"I-90/US-14, EXIT 61",Rapid City,SD,506,3.20733,1,3.20733,3.20733,44.080540,-103.231010,city
70579,Exxon/One9 #1338,I-35 & CR-372,Jarrell,TX,765,2.88567,1,2.88567,2.88567,30.824910,-97.604450,city
70580,LOVES TRAVEL STOP #753,I-90 EXIT 96 & SR-474,Missoula,MT,820,3.67400,1,3.67400,3.67400,46.872150,-113.994000,city
70581,LOVES TRAVEL STOP #773,"SR-14 & I-59/20, EXIT 40",Eutaw,AL,615,3.13733,1,3.13733,3.13733,32.840590,-87.887620,city
70582,Kwik Star #1039,I-80 EXIT 301,Bettendorf,IA,270,3.64900,1,3.64900,3.64900,41.524480,-90.515690,city
70583,LOVES TRAVEL STOP #783,US-60 & US-63,Willow Springs,MO,535,3.41900,1,3.41900,3.41900,36.992280,-91.969870,city
70584,PILOT TRAVEL CENTER #1209,"I-20, EXIT 136 & SR-349",Midland,TX,710,3.56567,1,3.56567,3.56567,31.997350,-102.077910,city
70585,PILOT TRAVEL CENTER #1211,US-385 & CR-1910,Andrews,TX,710,3.63900,1,3.63900,3.63900,32.318720,-102.545720,city
70586,MAVERIK COUNTRY STORE #610,I-80,Winnemucca,NV,966,3.38900,1,3.38900,3.38900,40.972960,-117.735680,city
70587,MAVERIK COUNTRY STORE #623,US-89,Gunnison,UT,835,3.41900,1,3.41900,3.41900,39.155240,-111.818260,city
70588,SPEEDWAY #7217,I-70 EXIT 49,Smithton,PA,165,3.91567,1,3.91567,3.91567,40.153960,-79.741150,city
70590,CIRCLE K #2722291,US-1 & SR-206,Saint Augustine,FL,75,3.37900,1,3.37900,3.37900,29.894690,-81.314520,city
70591,SPEEDWAY #6465,"I-77, EXIT 101",Canton,OH,249,3.60733,1,3.60733,3.60733,40.798950,-81.378450,city
70592,LOVES TRAVEL STOP #751,"I-20, EXIT 87",Elgin,SC,135,3.42567,1,3.42567,3.42567,34.672930,-80.718960,city
70593,LOVES TRAVEL STOP #735,I-75/SR-401,Calhoun,GA,285,3.27900,1,3.27900,3.27900,34.502590,-84.951050,city
70595,SPEEDWAY #6509,"I-74, EXIT 206",Oakwood,IL,280,3.28233,3,3.19900,3.34900,40.116150,-87.778360,city
70596,SPEEDWAY #7208,I-85 EXIT 137,Jefferson,GA,16,3.11900,1,3.11900,3.11900,34.117050,-83.572390,city
70597,SPEEDWAY #9394,SR-4 & US-25,Lexington,KY,410,3.12900,1,3.12900,3.12900,37.988690,-84.477720,city
70598,SPEEDWAY #7175,US-78 & SR-175,Memphis,TN,435,3.19900,1,3.19900,3.19900,35.149530,-90.048980,city
70599,Jet Food Store,US-278,Warrenton,GA,85,3.41567,1,3.41567,3.41567,33.407080,-82.662080,city
70600,KWIK STAR #1027,US-65,Mason City,IA,433,3.26400,1,3.26400,3.26400,43.153570,-93.201040,city
70601,24/7 TRAVEL STORE,I-70 EXIT 275,Abilene,KS,523,2.99400,1,2.99400,2.99400,38.917220,-97.213910,city
70603,ROAD RANGER #277,"I-30, EXIT 201 & SR-8",New Boston,TX,766,3.08067,1,3.08067,3.08067,33.459840,-94.415480,city
70604,KWIK STAR #940,US-69 & SR-9,Forest City,IA,433,3.44900,1,3.44900,3.44900,43.262460,-93.637160,city
70605,SPEEDWAY #1042,"I-55 & SR-50, EXIT 286",Cicero,IL,291,3.58400,2,3.56900,3.59900,41.845590,-87.753940,city
70606,SPEEDWAY #7179,"I-65 & SR-101, EXIT 38",Smiths Grove,KY,415,3.06567,1,3.06567,3.06567,37.052550,-86.207760,city
70607,SPEEDWAY #8544,"I-55 & US-6, EXIT 24B",Channahon,IL,291,3.27400,2,3.24900,3.29900,41.429480,-88.228670,city
70608,KWIK TRIP #1017,US-10/SR-47,Anoka,MN,451,3.62400,1,3.62400,3.62400,45.197740,-93.387180,city
70609,JP TRAVEL PLAZA,"I-75, EXIT 205 & SR-16",Jackson,GA,18,3.15900,1,3.15900,3.15900,33.294570,-83.966020,city
70611,Shell,US-6 & SR-3,Kendallville,IN,370,3.49900,1,3.49900,3.49900,41.441440,-85.264980,city
70612,SHREES TRUCK STOP #2,I-90 EXIT 101,Thorp,WA,920,3.83567,3,3.80900,3.85900,47.067900,-120.671180,city
70615,THORNTONS #0334,I-57 EXIT 350 & SR-83,Posen,IL,365,3.39900,1,3.39900,3.39900,41.631700,-87.681440,city
70617,QUIKTRIP #224,"I-435, EXIT 57",Kansas City,MO,400,3.09900,1,3.09900,3.09900,39.099730,-94.578570,city
70618,LOVES TRAVEL STOP #744,"I-270 N, EXIT 49",Lockbourne,OH,315,3.45567,1,3.45567,3.45567,39.809230,-82.972400,city
70619,KWIK TRIP #1049,US-212 & CR-68,Glencoe,MN,448,3.52400,1,3.52400,3.52400,44.769130,-94.151640,city
70620,LOVES TRAVEL STOP #779,I-30 EXIT 97,Malvern,AR,635,3.49900,1,3.49900,3.49900,34.362310,-92.812950,city
70621,FRIENDLY GUS STORE #24,I-16 EXIT 53 & SR-19,Dublin,GA,85,3.39900,1,3.39900,3.39900,32.540440,-82.903750,city
70622,SPEEDWAY #6781,US-422,Douglassville,PA,208,3.79900,1,3.79900,3.79900,40.257870,-75.726300,city
70623,SPEEDWAY #1127,"I-55, EXIT 267 & SR-53",Bolingbrook,IL,293,3.44400,2,3.29900,3.58900,41.698640,-88.068400,city
70624,KWIK STAR #929,I-74 EXIT 2,Bettendorf,IA,270,3.59900,1,3.59900,3.59900,41.524480,-90.515690,city
70625,BROWNVILLE IRVING,SR-11,Brownville,ME,170,3.93233,1,3.93233,3.93233,45.307000,-69.033370,city
70626,GOLDEN GATE PETROLEUM,"I-70, EXIT 97",Silt,CO,810,3.45900,1,3.45900,3.45900,39.548590,-107.656170,city
70628,PILOT #1195,"I-90, EXIT 106",Ellensburg,WA,977,3.88900,4,3.83900,3.95900,46.996510,-120.547850,city
70629,KWIK TRIP #930,"I-35, EXIT 147 & SR-95",North Branch,MN,448,3.40233,1,3.40233,3.40233,45.511350,-92.980220,city
70630,SPEEDWAY #3632,"I-76, EXIT 33 & SR-43",Kent,OH,249,3.53233,1,3.53233,3.53233,41.153670,-81.357890,city
70632,CIRCLE K #4706705,SR-394,Crete,IL,365,3.49900,1,3.49900,3.49900,41.444480,-87.631430,city
70634,CORNER MARKET #101,US-83 & SR-96,Scott City,KS,525,3.35900,1,3.35900,3.35900,38.482520,-100.907090,city
70635,CIRCLE K #4705706,US-224 & SR-99,Willard,OH,249,3.59900,1,3.59900,3.59900,41.053110,-82.726290,city
70637,CIRCLE K #2704111,I-2/US-83 & CR-493,Donna,TX,639,3.00900,1,3.00900,3.00900,26.170350,-98.051950,city
70638,LOVES TRAVEL STOP #769,"I-70, EXIT 358A & US-75",Topeka,KS,570,3.28400,1,3.28400,3.28400,39.048330,-95.678040,city
70640,LOVES TRAVEL STOP #794,SR-3/SR-33,Watonga,OK,483,3.37567,1,3.37567,3.37567,35.844770,-98.413130,city
70641,LOVES TRAVEL STOP #706,"I-81/I-64, EXIT 213",Staunton,VA,185,3.64900,1,3.64900,3.64900,38.149910,-79.073200,city
70642,LOVES TRAVEL STOP #776,"I-20, EXIT 15",Vicksburg,MS,760,3.54900,1,3.54900,3.54900,32.352650,-90.877880,city
70643,LOVES TRAVEL STOP #774,US-431/CR-248,Smiths Station,AL,720,3.19400,1,3.19400,3.19400,32.540140,-85.098550,city
70644,KWIK TRIP #1031,I-494 EXIT 20,Delano,MN,451,3.52400,1,3.52400,3.52400,45.041910,-93.789130,city
70645,QUIKTRIP #4048,"I-410, EXIT164B",San Antonio,TX,740,2.96567,1,2.96567,2.96567,29.424120,-98.493630,city
70646,KWIK TRIP #1051,I-43 & CR-N,Green Bay,WI,582,3.44067,1,3.44067,3.44067,44.519160,-88.019830,city
70647,PILOT #1227,I-20 EXIT 66,Pyote,TX,710,3.46567,1,3.46567,3.46567,31.534860,-103.126270,city
70648,BARRINGTON APPLEGREEN,SR-125 & SR-9,Barrington,NH,178,3.89900,1,3.89900,3.89900,43.222860,-71.047010,city
70649,KWIK TRIP #931,SR-95,North Branch,MN,448,3.42733,1,3.42733,3.42733,45.511350,-92.980220,city
70650,MAVERIK COUNTRY STORE #581,"I-15 N, EXIT 334 & SR-193",Clearfield,UT,835,3.33567,1,3.33567,3.33567,41.110780,-112.026050,city
70651,WALBURG TRAVEL CENTER,"I-35, EXIT 266",Georgetown,TX,595,2.83233,1,2.83233,2.83233,30.632690,-97.677230,city
70652,ROADYS MACH 1 #14,I-57 EXIT 94,Mount Vernon,IL,574,3.19900,3,3.09900,3.29900,38.317270,-88.903120,city
70653,MACH 1 #24,I-74 EXIT 215A & SR-1,Tilton,IL,280,3.24900,2,3.19900,3.29900,40.095310,-87.647520,city
70654,PILOT DEALER #1269,I-10 EXIT 378,San Simon,AZ,980,3.32150,2,3.30900,3.33400,32.267860,-109.227560,city
70655,GOLDEN GATE PETROLEUM,US-6,Grand Junction,CO,810,3.49900,1,3.49900,3.49900,39.063870,-108.550650,city
70656,LOVES TRAVEL STOP #757,"US-23, EXIT 25",Milan,MI,325,3.57150,4,3.48900,3.64900,42.085320,-83.682440,city
70657,INTERFUEL,I-96 EXIT 167,Springfield,VA,60,3.89900,1,3.89900,3.89900,38.789280,-77.187200,city
70658,CASEYS #3708,SR-235,New Carlisle,OH,411,3.25900,1,3.25900,3.25900,39.936170,-84.025490,city
70660,CASEYS #3852,"I-35, EXIT 33 & US-34",Creston,IA,320,3.34900,1,3.34900,3.34900,41.058600,-94.361350,city
70661,CASEYS #3238,US-52 EXIT 64 & CR-12,Oronoco,MN,451,3.51567,1,3.51567,3.51567,44.166080,-92.534910,city
70662,GETGO #3202,I-79 EXIT 183A,Erie,PA,240,3.89900,1,3.89900,3.89900,42.129220,-80.085060,city
70663,LENNYS GAS N WASH BOURBONNAIS,US-45/US-52,Bourbonnais,IL,296,3.34900,2,3.29900,3.39900,41.153760,-87.887540,city
70665,POCO LOCO MARKET,I-35 EXIT 219,Buda,TX,595,2.89233,1,2.89233,2.89233,30.085210,-97.840280,city
70666,Thorntons #322,"I-55, EXIT 288",Chicago,IL,290,3.59900,1,3.59900,3.59900,41.850030,-87.650050,city
70667,EZ TRIP #1226,"I-84, EXIT 104 & US-97",Wasco,OR,935,3.23900,1,3.23900,3.23900,45.591790,-120.698110,city
70668,LOVES TRAVEL STOP #784,US-30 & CR-9,Schuyler,NE,486,3.28233,1,3.28233,3.28233,41.447230,-97.059480,city
70669,TA EXPRESS BIGGS,"I-84, EXIT 104 & US-97",Wasco,OR,935,3.19900,1,3.19900,3.19900,45.591790,-120.698110,city
70670,MAVERIK COUNTRY STORE #625,"I-215, EXIT 27 & CR-68",North Salt Lake,UT,835,3.44233,1,3.44233,3.44233,40.848560,-111.906880,city
70673,PAC PRIDE,SR-202,Mesa,AZ,930,4.02400,1,4.02400,4.02400,33.422270,-111.822640,city
70674,ALLTOWN FRESH #769,SR-111,Ayer,MA,34,3.64900,1,3.64900,3.64900,42.561200,-71.589790,city
70676,PAC PRIDE,"I-10, EXIT 138",Phoenix,AZ,930,4.03650,1,4.03650,4.03650,33.448380,-112.074040,city
70677,PAC PRIDE,US-60,Glendale,AZ,930,4.02400,1,4.02400,4.02400,33.538650,-112.185990,city
70679,PAC PRIDE,"I-10, EXIT 151",Phoenix,AZ,930,4.02400,1,4.02400,4.02400,33.448380,-112.074040,city
70680,PAC PRIDE,"I-17, EXIT 215B",Phoenix,AZ,930,4.02400,1,4.02400,4.02400,33.448380,-112.074040,city
70681,PETRO STOP,US-60,Mesa,AZ,930,4.01567,1,4.01567,4.01567,33.422270,-111.822640,city
70682,LOVES TRAVEL STOP #758,"I-255/US-50, EXIT 15",East Saint Louis,IL,540,3.53650,4,3.37900,3.68900,38.624500,-90.150940,city
70686,HOLIDAY STATIONSTORE #2746471,US-12,Hudson,WI,448,3.53900,1,3.53900,3.53900,44.974690,-92.756870,city
70687,RUTTERS #87,"I-99, EXIT 78B & SR-150",Bellefonte,PA,70,4.01567,1,4.01567,4.01567,40.913390,-77.778330,city
70691,QUIKTRIP #4049,"I-10/US-90, EXIT 583",San Antonio,TX,740,2.96567,1,2.96567,2.96567,29.424120,-98.493630,city
70692,RUTLAND ROUTE 7 IRVING,US-4 & US-7,Rutland,VT,170,3.69900,1,3.69900,3.69900,43.610620,-72.972610,city
70693,MAPCO #3507,US-76 & SR-71,Dalton,GA,285,3.11900,1,3.11900,3.11900,34.769800,-84.970220,city
70695,ALLSUPS CONVENIENCE STORE #2132,US-54 & US-380,Carrizozo,NM,580,3.28233,1,3.28233,3.28233,33.641740,-105.877210,city
70696,DK #11822,I-20 EXIT 131,Midland,TX,612,2.85733,1,2.85733,2.85733,31.997350,-102.077910,city
70698,ALLSUPS CONVENIENCE STORE #2038,US-54,Logan,NM,585,3.19900,1,3.19900,3.19900,35.365330,-103.410790,city
70699,QUIK STOP,US-79,Paris,TN,490,2.95900,1,2.95900,2.95900,36.302000,-88.326710,city
70700,PATRIOT FUELING CENTER,US-231/SR-9,Wetumpka,AL,720,3.19900,1,3.19900,3.19900,32.543740,-86.211910,city
70704,KUM & GO #0702,"I-44, EXIT 6 & SR-86",Joplin,MO,535,3.00900,1,3.00900,3.00900,37.084230,-94.513280,city
70705,CASEYS #3464,SR-48 & CR-10,Morrisonville,IL,280,3.90567,3,3.75900,3.99900,39.420050,-89.455650,city
70706,BIG APPLE TRAVEL CENTER,I-44/US-71,Joplin,MO,416,3.21233,1,3.21233,3.21233,37.084230,-94.513280,city
70707,TA Express West Point #283,"I-85/SR-403, EXIT 2 & SR-18",West Point,GA,720,3.66567,1,3.66567,3.66567,32.877910,-85.183270,city
70708,LOVES TRAVEL STOP #785,"I-96, EXIT 90",Grand Ledge,MI,406,3.94900,1,3.94900,3.94900,42.753370,-84.746380,city
70709,VP Racing Fuels,SR-19,Center,MO,540,3.16567,1,3.16567,3.16567,39.508100,-91.528770,city
70710,LOVES TRAVEL STOP #799,US-72 & SR-15,Walnut,MS,655,3.55900,1,3.55900,3.55900,34.946200,-88.899780,city
70711,LOVES TRAVEL STOP #762,FM-1472,Laredo,TX,693,3.25567,1,3.25567,3.25567,27.506410,-99.507540,city
70714,PILOT TRAVEL CENTER #1281,US-89,Page,AZ,910,3.99900,2,3.99900,3.99900,36.914720,-111.455830,city
70717,Certified Oil #400491,I-270 EXIT 52,Columbus,OH,315,3.20233,1,3.20233,3.20233,39.961180,-82.998790,city
70718,ROAD RANGER #278,"I-40, EXIT 216 & US-49",Brinkley,AR,695,3.19900,1,3.19900,3.19900,34.887870,-91.194570,city
70719,FAST LANE #31,"I-70, EXIT 183",Jonesburg,MO,540,3.29900,1,3.29900,3.29900,38.853380,-91.305990,city
70720,SPEEDWAY #4453,SR-23,Sauk Rapids,MN,451,3.18900,1,3.18900,3.18900,45.591910,-94.166100,city
70722,SPEEDWAY #9935,I-90 EXIT 35 & SR-298,Syracuse,NY,190,4.09900,1,4.09900,4.09900,43.048120,-76.147420,city
70723,SPEEDWAY #9932,I-99 EXIT 8 & SR-417,Painted Post,NY,190,4.09900,1,4.09900,4.09900,42.162020,-77.094140,city
70724,LOVES TRAVEL STOP #790,"I-95, EXIT108",Summerton,SC,135,3.50900,1,3.50900,3.50900,33.608220,-80.351200,city
70725,LOVES TRAVEL STOP #782,"I-24 & US-41, EXIT 86",Oak Grove,KY,415,3.14233,1,3.14233,3.14233,37.344210,-86.754710,city
70726,CASEYS #1195,US-36,Belleville,KS,336,3.33900,1,3.33900,3.33900,39.824450,-97.632540,city
70727,CASEYS #2998,US-75 & SR-23,Pipestone,MN,530,3.44900,1,3.44900,3.44900,44.000530,-96.317530,city
70728,CASEYS #3245,US-81,Freeman,SD,530,3.29900,1,3.29900,3.29900,43.352490,-97.437290,city
70729,CASEYS #3785,US-14,Fort Pierre,SD,571,3.39900,1,3.39900,3.39900,44.353590,-100.373740,city
70730,CASEYS #3855,US-81,Yankton,SD,572,3.13900,1,3.13900,3.13900,42.871110,-97.397280,city
70731,PILOT TRAVEL CENTERS #1181,IL-38 E,Rochelle,IL,520,3.75900,2,3.75900,3.75900,41.923920,-89.068710,city
70732,MAVERIK COUNTRY STORE #627,I-15 EXIT 303,Salt Lake City,UT,835,3.44233,1,3.44233,3.44233,40.760780,-111.891050,city
70733,CASEYS #1607,US-63,Macon,MO,392,3.29067,1,3.29067,3.29067,39.742260,-92.472690,city
70735,CASEYS #1778,SR-267/SR-111,Brighton,IL,574,3.26700,5,3.23900,3.29900,39.039770,-90.140660,city
70736,CASEYS #1941,"I-35, EXIT 90 & SR-160",Ankeny,IA,320,3.13900,1,3.13900,3.13900,41.729710,-93.605770,city
70737,CASEYS #2272,I-80/US-6 EXIT 155 & SR-117,Colfax,IA,320,3.09900,1,3.09900,3.09900,41.677770,-93.245200,city
70738,QUIKTRIP #7061,I-49 EXIT 39A,Joplin,MO,413,3.02233,1,3.02233,3.02233,37.084230,-94.513280,city
70739,CASEYS #2602,US-36/SR-5 & SR-11,Brookfield,MO,276,3.24900,1,3.24900,3.24900,39.784470,-93.073530,city
70740,JACK FLASH,"I-70, EXIT 82 & SR 128",Altamont,IL,574,3.14900,2,3.09900,3.19900,39.061990,-88.748110,city
70741,CASEYS #3590,US-27,Geneva,IN,465,3.59400,1,3.59400,3.59400,40.591990,-84.957190,city
70742,CASEYS #3653,SR-14,Greene,IA,433,3.59900,1,3.59900,3.59900,42.895810,-92.802420,city
70743,CASEYS #3659,US-10 & SR-115,Randall,MN,250,3.48567,1,3.48567,3.48567,46.091080,-94.503620,city
70744,CASEYS #3686,I-80 EXIT 81,Utica,IL,296,3.04233,3,2.96900,3.15900,41.340590,-89.010080,city
70745,CASEYS #3752,",",Mountain Lake,MN,425,3.40233,1,3.40233,3.40233,43.938850,-94.929710,city
70746,CASEYS #3085,US-34 & SR-14,Aurora,NE,330,3.09900,1,3.09900,3.09900,40.867230,-98.004220,city
70747,CASEYS #3702,US-377/SR-99 & SR-9,Seminole,OK,560,3.02567,1,3.02567,3.02567,35.224520,-96.670570,city
70748,CASEYS #3717,US-218,Vinton,IA,380,3.19900,1,3.19900,3.19900,42.168610,-92.023510,city
70749,CASEYS #3719,US-160,Ulysses,KS,525,3.40900,1,3.40900,3.40900,37.581410,-101.355170,city
70750,CASEYS #3787,"I-35, EXIT 222",Blackwell,OK,483,2.99900,1,2.99900,2.99900,36.804480,-97.282820,city
70751,CASEYS #3795,"I-43, EXIT 96",Saukville,WI,444,3.28900,1,3.28900,3.28900,43.381670,-87.940650,city
70752,CASEYS #3755,SR-7/SR-27,Russellville,AR,645,3.41900,1,3.41900,3.41900,35.278420,-93.133790,city
70753,CASEYS #3798,"I-44, EXIT 211",Drumright,OK,560,3.11900,1,3.11900,3.11900,35.988400,-96.601130,city
70754,CASEYS #3758,US-77,Douglass,KS,570,3.26400,1,3.26400,3.26400,37.519460,-97.012810,city
70755,CASEYS #3809,US-56 & SR-51,Hugoton,KS,525,3.39233,1,3.39233,3.39233,37.175300,-101.349600,city
70756,CASEYS #3780,US-40,Tonganoxie,KS,400,3.15900,1,3.15900,3.15900,39.109720,-95.087750,city
70757,CASEYS #3811,US-69,McAlester,OK,560,3.22567,1,3.22567,3.22567,34.933430,-95.769710,city
70759,CASEYS #3832,"I-35, EXIT 40A & US-14",Janesville,MN,425,3.58233,1,3.58233,3.58233,44.116080,-93.708000,city
70760,CASEYS #2730,US-34 & SR-15,Seward,NE,413,3.36900,1,3.36900,3.36900,40.906950,-97.098920,city
70761,CASEYS #3841,"US-61, EXIT 5",Kieler,WI,335,3.48900,1,3.48900,3.48900,42.581390,-90.602630,city
70763,CASEYS #3854,"US-20, EXIT 275 & SR-13",Manchester,IA,380,3.54567,1,3.54567,3.54567,42.484150,-91.455430,city
70764,CASEYS #3856,"I-51, EXIT 48 & SR-251",Tonica,IL,520,3.12233,3,3.06900,3.19900,41.215870,-89.066750,city
70765,CEFCO #103,SR-36,Temple,TX,765,2.96567,1,2.96567,2.96567,31.098230,-97.342780,city
70767,CASEYS #3493,SR-72,Shannon,IL,520,3.69900,1,3.69900,3.69900,42.154750,-89.739840,city
70768,CASEYS #3497,SR-29,South Pekin,IL,368,3.66567,3,3.61900,3.69900,40.494480,-89.651770,city
70769,CASEYS #3527,US-169 & US-60,Nowata,OK,307,3.18233,1,3.18233,3.18233,36.700650,-95.638030,city
70770,CASEYS #3528,SR-92,Washington,IA,380,3.27100,1,3.27100,3.27100,41.299180,-91.692940,city
70771,CASEYS #3545,US-14/CR-27,Sleepy Eye,MN,425,3.33233,1,3.33233,3.33233,44.297180,-94.724150,city
70772,CASEYS #3554,"I-70, EXIT 52",Mulberry Grove,IL,368,3.48900,1,3.48900,3.48900,38.925050,-89.268960,city
70773,CASEYS #3575,US-36,Seneca,KS,413,3.15900,1,3.15900,3.15900,39.834160,-96.064170,city
70774,CASEYS #3079,"US-20, EXIT 71 & US-71",Early,IA,440,3.29900,1,3.29900,3.29900,42.461370,-95.151940,city
70775,CASEYS #3576,US-56,Overbrook,KS,400,3.19567,1,3.19567,3.19567,38.780560,-95.557200,city
70776,CASEYS #3579,US-36,Smith Center,KS,330,3.17900,1,3.17900,3.17900,39.779180,-98.785070,city
70778,CASEYS #3588,"I-75 N, EXIT 69",Tipp City,OH,411,3.09900,1,3.09900,3.09900,39.958390,-84.172160,city
70779,CASEYS #3204,"I-80, EXIT 29 & I-880, EXIT 29A",Minden,IA,319,3.15900,1,3.15900,3.15900,41.466940,-95.542780,city
70780,CASEYS #3306,SR-15 & CR-47/CR-136,Saint Cloud,MN,522,3.24900,1,3.24900,3.24900,45.560800,-94.162490,city
70782,CASEYS #3465,"I-80, EXIT 285 & US-30",Gibbon,NE,330,3.04900,1,3.04900,3.04900,40.748350,-98.844800,city
70783,ENMARKET #820,"I-95/SR-405, EXIT 109 & SR-21",Port Wentworth,GA,195,3.09067,1,3.09067,3.09067,32.149090,-81.163170,city
70784,CIRCLE K #2723046,"I-95, EXIT 41 & SR-59/CR2252",Hope Mills,NC,63,2.90900,1,2.90900,2.90900,34.970440,-78.945310,city
70785,CIRCLE K #2705347,"I-77, EXIT 5 & SR-48",Columbia,SC,135,3.20400,1,3.20400,3.20400,34.000710,-81.034810,city
70786,CIRCLE K #2741502,"I-37, EXIT 9",Corpus Christi,TX,625,3.06067,1,3.06067,3.06067,27.800580,-97.396380,city
70787,LOVES TRAVEL STOP #778,"I-16, EXIT 143 & US-280",Ellabell,GA,135,3.29567,1,3.29567,3.29567,32.123540,-81.485670,city
70788,SPEEDWAY #1031,"I-480 & I-271, EXIT 26",Bedford,OH,305,3.64900,1,3.64900,3.64900,41.393110,-81.536510,city
70789,7FLEET #46080,"I-41 & US-41, EXIT 133",Neenah,WI,360,3.44900,1,3.44900,3.44900,44.185820,-88.462610,city
70790,LOVES TRAVEL STOP #788,"I-70, EXIT 175",New Florence,MO,540,3.12233,1,3.12233,3.12233,38.910320,-91.448220,city
70791,LOVES TRAVEL STOP #791,"I-40, EXIT 126",Holladay,TN,460,3.12233,1,3.12233,3.12233,35.870620,-88.145870,city
70792,ANEW TRAVEL CENTER,US-6/34 & CR-410,Cambridge,NE,475,3.36400,1,3.36400,3.36400,40.281950,-100.165690,city
70793,LOVES TRAVEL STOPS #119,"I-70, EXIT 160",Green River,UT,835,3.34500,2,3.29900,3.39100,38.995250,-110.161800,city
70794,CASEYS #3747,SR-103 & CR-96,Carey,OH,411,3.17567,1,3.17567,3.17567,40.952560,-83.382420,city
70796,QUICK FUEL #3177,"I-35W, EXIT 56",Fort Worth,TX,637,3.03233,1,3.03233,3.03233,32.725410,-97.320850,city
70797,QUICK FUEL #3176,"I-35E, EXIT 442",Carrollton,TX,637,3.01567,1,3.01567,3.01567,32.953730,-96.890280,city
70798,QUICK FUEL #1926,"I-90, EXIT 171B & US-14",Janesville,WI,420,3.39900,1,3.39900,3.39900,42.682790,-89.018720,city
70831,FLYERS #768,"I-80, EXIT 19 & SR-659",Sparks,NV,966,4.05233,1,4.05233,4.05233,39.534910,-119.752690,city
70832,FLYERS #766,SR-648,Sparks,NV,966,4.05900,1,4.05900,4.05900,39.534910,-119.752690,city
70833,FLYERS #764,SR-667,Reno,NV,966,4.05233,1,4.05233,4.05233,39.529630,-119.813800,city
70845,FLYERS #759,"I-80, EXIT 19",Sparks,NV,966,4.05067,1,4.05067,4.05067,39.534910,-119.752690,city
70855,FLYERS #761,"I-580, EXIT 5",Carson City,NV,966,3.69900,1,3.69900,3.69900,39.163800,-119.767400,city
70858,SPEEDWAY #1012,"I-65, EXIT 158 & CR-6",Hope Hull,AL,720,3.05233,1,3.05233,3.05233,32.269860,-86.357190,city
70859,FLYERS #732,I-580 & US-50,Carson City,NV,966,3.69900,1,3.69900,3.69900,39.163800,-119.767400,city
70860,FLYERS #726,"I-80, EXIT 303",Elko,NV,966,3.62900,1,3.62900,3.62900,40.832420,-115.763120,city
70864,FLYERS #747,"I-580/US-395, EXIT 29 & SR-659",Reno,NV,966,4.05400,1,4.05400,4.05400,39.529630,-119.813800,city
70870,ESSENTIAL FUELS,US-26,Scottsbluff,NE,795,3.59900,1,3.59900,3.59900,41.866630,-103.667170,city
70871,ALLTOWN MARKETS #835,"I-95, EXIT 62",Madison,CT,100,4.23900,1,4.23900,4.23900,41.279540,-72.598430,city
70873,TA LAKE CITY #288,"I-75, EXIT 414",Lake City,FL,225,3.29900,1,3.29900,3.29900,30.189680,-82.639290,city
70874,CIRCLE T,SR-6 & SR-515,Navasota,TX,670,3.43233,1,3.43233,3.43233,30.387980,-96.087730,city
70875,FUEL MAXX #57,SR-105 & SR-146,Liberty,TX,610,3.13233,1,3.13233,3.13233,30.057990,-94.795480,city
70876,JIFFY MART,SR-123/SR-12,Walpole,NH,12,3.68567,1,3.68567,3.68567,43.079520,-72.425920,city
70877,LOVES TRAVEL STOP #770,"US-41, EXIT 1A",Wadsworth,IL,444,3.78900,2,3.75900,3.81900,42.428630,-87.923970,city
70878,MAVERIK COUNTRY STORE #630,I-15 EXIT 13,Malad City,ID,825,3.39400,1,3.39400,3.39400,42.191590,-112.250800,city
70879,MAVERIK COUNTRY STORE #611,I-40 EXIT 154,Albuquerque,NM,580,3.19400,1,3.19400,3.19400,35.084490,-106.651140,city
70880,RUTTERS #81,SR-61 & SR-73,Leesport,PA,208,3.89733,1,3.89733,3.89733,40.447040,-75.966320,city
70881,RUTTERS #79,"I-99/US-220, EXIT 28 US-22/SR-764",Duncansville,PA,14,4.09900,1,4.09900,4.09900,40.423410,-78.433900,city
70882,RUTTERS #77,US-11/US-15 & US-22,Duncannon,PA,70,4.29400,1,4.29400,4.29400,40.398140,-77.023030,city
70883,RUTTERS #41,US-422,Lebanon,PA,70,3.79900,1,3.79900,3.79900,40.340930,-76.411350,city
70884,RUTTERS #75,SR-194 & SR-550,Walkersville,MD,70,3.93233,1,3.93233,3.93233,39.486210,-77.351930,city
70885,KWIK TRIP #1061,CR-CE & CR-HH,Combined Locks,WI,582,3.54900,1,3.54900,3.54900,44.265820,-88.314270,city
70887,LOVES TRAVEL STOP #781,"I-20, EXIT 113 & SR-83",Madison,GA,16,3.84900,1,3.84900,3.84900,33.595680,-83.467940,city
70888,HUTCHS #125,US-283,Altus,OK,483,2.99900,1,2.99900,2.99900,34.638130,-99.333980,city
70889,TRUCK WORLD,I-90 EXIT 241 & SR-7,Conneaut,OH,305,3.35900,1,3.35900,3.35900,41.947560,-80.554240,city
70890,PILOT #1299,US-287 & SR-148,Henrietta,TX,770,3.12567,1,3.12567,3.12567,33.817320,-98.195320,city
70891,QUARLES #4908,I-64 EXIT 297,Chesapeake,VA,130,3.52567,1,3.52567,3.52567,36.819040,-76.274940,city
70892,QUARLES #4001,I-95 EXIT 133,Fredericksburg,VA,60,3.75900,1,3.75900,3.75900,38.303180,-77.460540,city
70893,QUARLES #4002,"I-95 EXIT 130A, SR-2",Fredericksburg,VA,60,3.75900,1,3.75900,3.75900,38.303180,-77.460540,city
70894,QUARLES #4009,US-301,Waldorf,MD,60,3.75900,1,3.75900,3.75900,38.624560,-76.939140,city
70895,QUARLES #4011/SHELL,I-95 EXIT 118,Woodford,VA,180,2.89900,1,2.89900,2.89900,38.113190,-77.408870,city
70896,QUARLES #4200,US-522,Front Royal,VA,60,3.69900,1,3.69900,3.69900,38.918170,-78.194440,city
70897,QUARLES #4302,SR-801 & SR-42,Broadway,VA,60,3.45900,1,3.45900,3.45900,38.613170,-78.798910,city
70898,QUARLES #4303,"I-81 EXIT 243, US-11",Harrisonburg,VA,60,2.89900,1,2.89900,2.89900,38.449570,-78.868920,city
70899,QUARLES #4304,"I-64 EXIT 96, SR-624",Waynesboro,VA,180,3.79900,1,3.79900,3.79900,38.068470,-78.889470,city
70900,QUARLES #4306,I-81 EXIT 150A,Roanoke,VA,185,3.55900,1,3.55900,3.55900,37.270970,-79.941430,city
70901,QUARLES #4307,"I-81 EXIT 137, US-11/460",Salem,VA,185,3.55900,1,3.55900,3.55900,37.293470,-80.054760,city
70902,QUARLES #4309,US-460/29,Lynchburg,VA,185,3.77400,1,3.77400,3.77400,37.413750,-79.142250,city
70903,QUARLES #4310,US-11,Roanoke,VA,185,3.55900,1,3.55900,3.55900,37.270970,-79.941430,city
70904,QUARLES #4400,I-95 EXIT 166A,Lorton,VA,60,4.05900,1,4.05900,4.05900,38.704280,-77.227760,city
70905,QUARLES #4401,US-29,Fairfax,VA,60,4.05900,1,4.05900,4.05900,38.846220,-77.306370,city
70906,QUARLES #4403,"I-95 EXIT 29A, US-1",Beltsville,MD,22,3.89900,1,3.89900,3.89900,39.034830,-76.907470,city
70907,QUARLES #4404,I-95 EXIT 43A,Elkridge,MD,22,3.49900,1,3.49900,3.49900,39.212610,-76.713580,city
70908,QUARLES #4407,I-495 EXIT 11A,Upper Marlboro,MD,60,3.89900,1,3.89900,3.89900,38.815950,-76.749690,city
70909,QUARLES #4408,SR-201,Bladensburg,MD,60,3.69900,1,3.69900,3.69900,38.939280,-76.933860,city
70910,QUARLES #4409,I-95 EXIT 50B,Baltimore,MD,22,3.49900,1,3.49900,3.49900,39.290380,-76.612190,city
70912,QUARLES #4411,"I-695 EXIT 1, SR-173",Curtis Bay,MD,22,3.49900,1,3.49900,3.49900,39.226770,-76.588020,city
70913,QUARLES #4412,I-270 EXIT 8,Rockville,MD,60,3.75900,1,3.75900,3.75900,39.084000,-77.152760,city
70914,QUARLES #4413,I-495 EXIT 15A,Capitol Heights,MD,60,3.89900,1,3.89900,3.89900,38.885110,-76.915810,city
70915,QUARLES #4414,I-95 EXIT 60,Baltimore,MD,22,3.44900,1,3.44900,3.44900,39.290380,-76.612190,city
70916,TA Express White Hills,US-93,Willow Beach,AZ,910,3.77900,1,3.77900,3.77900,33.714770,-110.978450,city
70917,QUARLES #4416,US-13,Salisbury,MD,194,3.65900,1,3.65900,3.65900,38.360670,-75.599370,city
70918,QUARLES #4417,I-895 EXIT 8B,Curtis Bay,MD,22,3.49900,1,3.49900,3.49900,39.226770,-76.588020,city
70919,QUARLES #4422,US-13,New Castle,DE,243,3.69900,1,3.69900,3.69900,39.659480,-75.563590,city
70920,QUARLES #4423,SR-100 EXIT 11,Glen Burnie,MD,22,3.69900,1,3.69900,3.69900,39.162610,-76.624690,city
70921,QUARLES #4424,SR-5,Clinton,MD,60,3.89900,1,3.89900,3.89900,38.765110,-76.898310,city
70922,QUARLES #4425,US-50 EXIT 5,Hyattsville,MD,60,3.89900,1,3.89900,3.89900,38.955940,-76.945530,city
70923,QUARLES #4426,SR-124,Gaithersburg,MD,60,3.75900,1,3.75900,3.75900,39.143440,-77.201370,city
70924,QUARLES #4427,I-276 EXIT 351,Levittown,PA,153,3.84567,1,3.84567,3.84567,40.155110,-74.828770,city
70925,QUARLES #4430,US-13,Sharon Hill,PA,160,3.86900,1,3.86900,3.86900,39.906500,-75.271570,city
70926,QUARLES #4431,US-22,Allentown,PA,90,3.98900,1,3.98900,3.98900,40.608430,-75.490180,city
70927,QUARLES #4434,SR-617,Springfield,VA,60,4.05900,1,4.05900,4.05900,38.789280,-77.187200,city
70928,QUARLES #4435,"I-95 EXIT 41, US-1",Jessup,MD,22,3.49900,1,3.49900,3.49900,39.149270,-76.775250,city
70929,QUARLES #4503,US-11,Martinsburg,WV,60,3.95900,1,3.95900,3.95900,39.456210,-77.963890,city
70930,QUARLES #4504,I-81 EXIT 313A,Winchester,VA,60,3.79900,1,3.79900,3.79900,39.185660,-78.163330,city
70931,QUARLES #4505,SR-65,Hagerstown,MD,60,3.89900,1,3.89900,3.89900,39.641760,-77.719990,city
70933,QUARLES #4507,US-11,Winchester,VA,60,3.79900,1,3.79900,3.79900,39.185660,-78.163330,city
70934,QUARLES #4509,I-270 EXIT 31B,Frederick,MD,60,3.59900,1,3.59900,3.59900,39.414270,-77.410540,city
70935,QUARLES #4511,I-70 EXIT 55,Frederick,MD,60,3.59900,1,3.59900,3.59900,39.414270,-77.410540,city
70937,QUARLES #4603,US-29/211,Warrenton,VA,60,3.79900,1,3.79900,3.79900,38.713450,-77.795270,city
70938,QUARLES #4605,SR-606,Sterling,VA,60,3.65900,1,3.65900,3.65900,39.006220,-77.428600,city
70939,QUARLES #4606,SR-234,Manassas,VA,60,3.85900,1,3.85900,3.85900,38.750950,-77.475270,city
70940,QUARLES #4607,SR-28,Manassas,VA,60,3.85900,1,3.85900,3.85900,38.750950,-77.475270,city
70941,QUARLES #4934,US-60,Sandston,VA,180,3.25900,1,3.25900,3.25900,37.523480,-77.315810,city
70942,QUARLES #4608,SR-657,Chantilly,VA,60,3.65900,1,3.65900,3.65900,38.894280,-77.431100,city
70943,QUARLES #4700,US-15BUS/29BUS,Culpeper,VA,60,3.79900,1,3.79900,3.79900,38.473180,-77.996660,city
70944,QUARLES #4701,US-15 BUS & US-522,Culpeper,VA,60,3.79900,1,3.79900,3.79900,38.473180,-77.996660,city
70945,QUARLES #4944,US-17,Bealeton,VA,60,3.75900,1,3.75900,3.75900,38.571790,-77.763880,city
70946,QUARLES #4703,US-29 & SR-616,Ruckersville,VA,180,3.69900,1,3.69900,3.69900,38.233190,-78.369170,city
70947,QUARLES #4946,"I-95, EXIT 130A, SR-3",Fredericksburg,VA,60,3.75900,1,3.75900,3.75900,38.303180,-77.460540,city
70948,QUARLES #4804,I-40 EXIT 211,Greensboro,NC,65,3.64900,1,3.64900,3.64900,36.072640,-79.791980,city
70949,QUARLES #4805,US-1 EXIT 95,Apex,NC,177,3.99900,1,3.99900,3.99900,35.732650,-78.850290,city
70950,QUARLES #4807,I-40 EXIT 203,Kernersville,NC,65,3.19900,1,3.19900,3.19900,36.119860,-80.073650,city
70951,QUARLES #4947,SR-7,Leesburg,VA,60,3.65900,1,3.65900,3.65900,39.115660,-77.563600,city
70952,QUARLES #4810,I-540 EXIT 4A,Raleigh,NC,177,3.70900,1,3.70900,3.70900,35.772100,-78.638610,city
70953,QUARLES #4948,"I-95, EXIT 126, US-1",Fredericksburg,VA,60,3.75900,1,3.75900,3.75900,38.303180,-77.460540,city
70954,QUARLES #4811,SR-50/US-70,Garner,NC,177,3.59900,1,3.59900,3.59900,35.711260,-78.614170,city
70955,QUARLES #4949,"I-95, EXIT 136, US-1",Fredericksburg,VA,60,3.75900,1,3.75900,3.75900,38.303180,-77.460540,city
70956,QUARLES #4813,SR-133,Wilmington,NC,245,3.77900,1,3.77900,3.77900,34.235560,-77.946040,city
70957,QUARLES #4950,"I-95, EXIT 126A, US-1",Fredericksburg,VA,60,3.75900,1,3.75900,3.75900,38.303180,-77.460540,city
70958,QUARLES #4951,SR-3,Fredericksburg,VA,60,3.75900,1,3.75900,3.75900,38.303180,-77.460540,city
70959,QUARLES #4814,US-117,Wilmington,NC,245,3.79900,1,3.79900,3.79900,34.235560,-77.946040,city
70960,QUARLES #4962,"I-81, EXIT 222, US-250",Staunton,VA,185,2.89900,1,2.89900,2.89900,38.149910,-79.073200,city
70961,QUARLES #4815,"I-140, EXIT 14",Wilmington,NC,245,3.79900,1,3.79900,3.79900,34.235560,-77.946040,city
70962,QUARLES #4965,"I-295, EXIT 37A, US-360",Warsaw,VA,180,3.75900,1,3.75900,3.75900,37.958740,-76.758010,city
70963,QUARLES #4817,"US-70, EXIT 333",Selma,NC,205,3.79900,1,3.79900,3.79900,35.536550,-78.284440,city
70964,SEALSTON DELI,"I-95, EXIT 130A, SR-3",King George,VA,180,3.49900,1,3.49900,3.49900,38.268180,-77.184420,city
70965,QUARLES #4822,US-401,Raleigh,NC,177,3.70900,1,3.70900,3.70900,35.772100,-78.638610,city
70966,QUARLES #4927,SR-10 & SR-145,Chesterfield,VA,180,3.69900,1,3.69900,3.69900,37.377090,-77.505820,city
70967,QUARLES #4823,I-95,Fayetteville,NC,63,3.79900,1,3.79900,3.79900,35.052660,-78.878360,city
70968,QUARLES #4928,"I-95, EXIT 86A & SR-656",Ashland,VA,180,3.67400,1,3.67400,3.67400,37.759030,-77.479980,city
70969,QUARLES #4824,I-40 EXIT 210,Greensboro,NC,65,3.69900,1,3.69900,3.69900,36.072640,-79.791980,city
70970,QUARLES #4931,US-60 & SR-603,Powhatan,VA,180,3.69900,1,3.69900,3.69900,37.339870,-79.247800,city
70971,QUARLES #4932,"I-64, EXIT 173 & SR-623",Rockville,VA,180,3.69900,1,3.69900,3.69900,37.725980,-77.678320,city
70973,QUARLES #4826,US HWY 29/70,High Point,NC,65,3.66567,1,3.66567,3.66567,35.955690,-80.005320,city
70974,QUARLES #4933,US-60,Richmond,VA,180,3.69900,1,3.69900,3.69900,37.553760,-77.460260,city
70975,QUARLES #4935,"I-95, EXIT 64 & SR-613",Richmond,VA,180,3.69900,1,3.69900,3.69900,37.553760,-77.460260,city
70976,QUARLES #4827,I-40 EXIT 203,Kernersville,NC,65,3.19900,1,3.19900,3.19900,36.119860,-80.073650,city
70977,QUARLES #4828,I-440 EXIT 13B,Raleigh,NC,177,3.70900,1,3.70900,3.70900,35.772100,-78.638610,city
70978,QUARLES #4829,I-40 EXIT 298A,Raleigh,NC,177,3.59900,1,3.59900,3.59900,35.772100,-78.638610,city
70979,QUARLES #4830,I-540 EXIT 3,Raleigh,NC,177,3.71900,1,3.71900,3.71900,35.772100,-78.638610,city
70980,QUARLES #4938,"I-64, EXIT 159 & SR-522",Gum Spring,VA,180,3.69900,1,3.69900,3.69900,37.775700,-77.896660,city
70982,EXXON/QUARLES #4942,"I-64/33, EXIT 205 & SR-249",Quinton,VA,180,3.50900,1,3.50900,3.50900,37.533760,-77.121080,city
70983,QUARLES #4943,"I-295, EXIT 22A & SR-5",Henrico,VA,180,3.69900,1,3.69900,3.69900,36.592640,-78.616110,city
70984,QUARLES #4831,US-64 EXIT 470,Rocky Mount,NC,205,3.40900,1,3.40900,3.40900,35.938210,-77.790530,city
70985,QUARLES #4832,I-40 EXIT 189,Winston Salem,NC,65,3.57233,1,3.57233,3.57233,36.099860,-80.244220,city
70986,QUARLES #4833,US-1,Youngsville,NC,177,3.69900,1,3.69900,3.69900,36.024870,-78.474440,city
70987,QUARLES #4902,US-250/33,Richmond,VA,180,3.69900,1,3.69900,3.69900,37.553760,-77.460260,city
70988,QUARLES #4909,I-664 EXIT 3,Hampton,VA,244,3.42567,1,3.42567,3.42567,37.029870,-76.345220,city
70989,QUARLES #4911,I-264 EXIT 19B,Virginia Beach,VA,130,3.57233,1,3.57233,3.57233,36.852930,-75.977990,city
70990,QUARLES #4915,I-664 EXIT 2,Hampton,VA,244,3.42567,1,3.42567,3.42567,37.029870,-76.345220,city
70991,QUARLES #4917,I-64 EXIT 255,Newport News,VA,130,3.41067,1,3.41067,3.41067,36.980380,-76.429750,city
70992,QUARLES #4904,I-64 EXIT 197B,Sandston,VA,180,3.25900,1,3.25900,3.25900,37.523480,-77.315810,city
70993,QUARLES #4905,I-95 EXIT 89,Ashland,VA,180,3.69900,1,3.69900,3.69900,37.759030,-77.479980,city
70994,QUARLES #4906,I-95 EXIT 73,Richmond,VA,180,3.69900,1,3.69900,3.69900,37.553760,-77.460260,city
70995,QUARLES #4910,I-95 EXIT 61B,Chester,VA,180,3.79900,1,3.79900,3.79900,37.356820,-77.441650,city
70996,QUARLES #4912,I-64 EXIT 136,Troy,VA,180,3.89900,1,3.89900,3.89900,37.950970,-78.246390,city
70997,QUARLES #4913,SR-76,Midlothian,VA,180,3.69900,1,3.69900,3.69900,37.505980,-77.649160,city
70998,QUARLES #4916,I-246 EXIT 6,Portsmouth,VA,130,3.46567,1,3.46567,3.46567,36.835430,-76.298270,city
71001,QUARLES #4921,I-95 EXIT 83B,Richmond,VA,180,3.69900,1,3.69900,3.69900,37.553760,-77.460260,city
71002,QUARLES #4922,US-250,Charlottesville,VA,180,3.89900,1,3.89900,3.89900,38.029310,-78.476680,city
71003,QUARLES #4923,I-95 EXIT 73,Richmond,VA,180,3.69900,1,3.69900,3.69900,37.553760,-77.460260,city
71004,QUARLES #4924,US-1 & SR-688,Doswell,VA,180,3.69900,1,3.69900,3.69900,37.860140,-77.464150,city
71005,QUARLES #4925,I-95 EXIT 78,Richmond,VA,180,3.69900,1,3.69900,3.69900,37.553760,-77.460260,city
71006,QUARLES #4926,I-95 EXIT 79,Richmond,VA,180,3.69900,1,3.69900,3.69900,37.553760,-77.460260,city
71007,HAYDEN TRAVEL CENTER,"I-65, EXIT 284 & SR-160",Warrior,AL,615,3.12900,1,3.12900,3.12900,33.814270,-86.809440,city
71009,WEIGELS #80,"I-40, EXIT 435 & US-321",Newport,TN,405,3.11567,1,3.11567,3.11567,35.967040,-83.187660,city
71010,KEYSTOPS,"I-64, EXIT 17",Louisville,KY,415,3.19567,1,3.19567,3.19567,38.254240,-85.759410,city
71011,Global,"I-84 E, EXIT 2 & US-6 E",Danbury,CT,100,3.45900,1,3.45900,3.45900,41.394820,-73.454010,city
71012,ALLTOWN MARKETS #838,"I-95 N, EXIT 12",Darien,CT,100,3.83233,1,3.83233,3.83233,41.078710,-73.469290,city
71013,ALLTOWN MARKETS #647,SR-3 EXIT 5,Plymouth,MA,175,3.95900,1,3.95900,3.95900,41.958440,-70.667260,city
71014,Global,"I-95, EXIT 43 & US-1",Elkridge,MD,22,3.09900,1,3.09900,3.09900,39.212610,-76.713580,city
71018,KWIK STAR #1076,US-218,Vinton,IA,565,3.19900,1,3.19900,3.19900,42.168610,-92.023510,city
71019,KWIK TRIP #489,SR-3,Northfield,MN,448,3.52400,1,3.52400,3.52400,44.458300,-93.161600,city
71020,Fast Trac 21,SR-21 & CR-50,Caldwell,TX,670,3.29900,1,3.29900,3.29900,30.531320,-96.693030,city
71021,Amoco,"I-39 & HWY 23, EXIT 54",Oglesby,IL,290,3.22400,2,3.19900,3.24900,41.295310,-89.059530,city
71022,TEX BEST #530,"I-10, EXIT 628 & SR-80",Luling,TX,595,3.00900,1,3.00900,3.00900,29.680510,-97.647500,city
71023,LOVES TRAVEL STOP #853,SR-302 & CR-313,Kermit,TX,710,3.25067,1,3.25067,3.25067,31.857630,-103.092670,city
71024,LOVES TRAVEL STOP #804,US-34/US-67,Monmouth,IL,270,3.39567,3,3.34900,3.44900,40.911430,-90.647360,city
71025,KWIK TRIP #644,SR-57 & SR-32,New Holstein,WI,582,3.39067,1,3.39067,3.39067,43.949990,-88.084260,city
71027,Kwik Star #1068,I-35,Story City,IA,320,2.95900,1,2.95900,2.95900,42.187210,-93.595770,city
71029,CASEYS #6445,I-355 EXIT 27 & SR-64,Lombard,IL,293,3.34900,1,3.34900,3.34900,41.880030,-88.007840,city
71030,QUIKTRIP #1469,"I-10, EXIT 248 & SR-77",Marana,AZ,980,3.06233,1,3.06233,3.06233,32.436740,-111.225380,city
71032,MAVERIK COUNTRY STORE #416,US-50 & US-95,Fallon,NV,966,3.52567,1,3.52567,3.52567,39.473530,-118.777370,city
71033,MAVERIK COUNTRY STORE #560,I-580 & US-50,Carson City,NV,966,3.58900,1,3.58900,3.58900,39.163800,-119.767400,city
71034,MAVERIK COUNTRY STORE #635,I-15 EXIT 57,Cedar City,UT,791,3.44233,1,3.44233,3.44233,37.677480,-113.061890,city
71036,GOLDEN GATE PETRO,US-550,Montrose,CO,810,3.43567,1,3.43567,3.43567,38.478320,-107.876170,city
71037,SUNOCO,US-220 EXIT 111,Lock Haven,PA,138,3.59900,1,3.59900,3.59900,41.137010,-77.446930,city
71039,TURNPIKE MARKET EXPRESS,SR-5,Newton Falls,OH,573,3.25900,1,3.25900,3.25900,41.188390,-80.978150,city
71042,SINCLAIR,I-580/US-395 EXIT 6,Carson City,NV,966,3.59900,1,3.59900,3.59900,39.163800,-119.767400,city
71046,SPEEDWAY #9336,US-27/SR-126,Cincinnati,OH,300,3.69900,1,3.69900,3.69900,39.127110,-84.514390,city
71047,LOVES TRAVEL STOP #722,"I-17, EXIT 262 & SR-69",Mayer,AZ,930,3.68067,1,3.68067,3.68067,34.397810,-112.236270,city
71050,GILL MART CORNER STORE,US-131 & SR-216,Three Rivers,MI,465,3.69900,1,3.69900,3.69900,41.943940,-85.632490,city
71051,SHEETZ #683,I-83 EXIT 28,York,PA,70,3.25900,1,3.25900,3.25900,39.962600,-76.727740,city
71053,ROAD RANGER #279,"I-57, EXIT 45 & SR-148",Marion,IL,275,3.53900,2,3.37900,3.69900,37.730610,-88.933130,city
71055,LOVES TRAVEL STOP #793,"I-840, EXIT 67 & COUCHVILLE PIKE",Mount Juliet,TN,460,3.25233,1,3.25233,3.25233,36.200050,-86.518610,city
71056,SPEEDWAY #1044,US-72 & SR-20,Decatur,AL,615,3.42567,1,3.42567,3.42567,34.605930,-86.983340,city
71057,LOVES TRAVEL STOP #795,US-97/US-26 & HALL RD,Madras,OR,935,3.68900,1,3.68900,3.68900,44.633450,-121.129490,city
71058,KWIK TRIP #1090,SR-19 & SR-21,New Prague,MN,448,3.34900,1,3.34900,3.34900,44.543300,-93.576070,city
71059,CIRCLE K #2706781,US-17 & SR-200,Yulee,FL,75,3.34233,1,3.34233,3.34233,30.631900,-81.606490,city
71060,CIRCLE K #2701537,"I-77, EXIT 100 & SR-89",Mount Airy,NC,65,2.85900,1,2.85900,2.85900,36.499300,-80.607290,city
71061,CIRCLE K #2702344,US-78 & SR-39,Williston,SC,135,3.79900,1,3.79900,3.79900,33.402650,-81.420110,city
71062,MAVERIK COUNTRY STORE #637,"I-70, EXIT 56 & US-89",SALINA,UT,835,3.44233,1,3.44233,3.44233,38.957740,-111.859930,city
71063,MAVERIK COUNTRY STORE #639,"I-40, EXIT 153",Albuquerque,NM,580,3.19733,1,3.19733,3.19733,35.084490,-106.651140,city
71064,LOVES TRAVEL STOP #798,I-57 EXIT 212,Tuscola,IL,280,3.38900,3,3.28900,3.48900,39.799200,-88.283100,city
71065,MAVERIK COUNTRY STORE #429,US-40 & SR-121,Roosevelt,UT,835,3.43900,1,3.43900,3.43900,40.299400,-109.988760,city
71066,Circle K #2745067,"I-75, EXIT 155",Macon,GA,85,3.08900,1,3.08900,3.08900,32.840690,-83.632400,city
71067,7-ELEVEN #41219,I-385 EXIT 9,Laurens,SC,30,3.09900,1,3.09900,3.09900,34.499010,-82.014260,city
71071,KWIK TRIP #1074,SR-35,Somerset,WI,448,3.52400,1,3.52400,3.52400,45.124410,-92.673540,city
71072,LOVES TRAVEL STOP #801,I-75 EXIT 102,Cordele,GA,10,3.30900,1,3.30900,3.30900,31.963510,-83.782390,city
71073,LOVES TRAVEL STOP #803,I-57 EXIT 54B,Marion,IL,540,3.74400,2,3.73900,3.74900,37.730610,-88.933130,city
71074,Speedway #7764,SR-72 & SR-25,Dundee,IL,293,3.27900,1,3.27900,3.27900,42.098080,-88.282860,city
71075,TEXAS TRAVEL CENTER,"I-35, EXIT 277",Jarrell,TX,595,2.83233,1,2.83233,2.83233,30.824910,-97.604450,city
71076,Kwik Star #589,US-151,Marion,IA,380,3.52400,1,3.52400,3.52400,42.034170,-91.597680,city
71077,COMMUNITY CO OPS LAKE PARK,US-10,Lake Park,MN,341,3.50900,1,3.50900,3.50900,46.886350,-96.094500,city
71079,DK,SR-375,El Paso,TX,640,2.69900,1,2.69900,2.69900,31.758720,-106.486930,city
71080,BIG INDIAN SMOKE SHOP,I-90 & US-20,Irving,NY,38,2.97900,2,2.92900,3.02900,42.567560,-79.112820,city
71083,SPRINT FOOD #701,US-78,Augusta,GA,195,3.22567,1,3.22567,3.22567,33.470970,-81.974840,city
71084,FIESTA MART #42,US-75,Tulsa,OK,560,3.16567,1,3.16567,3.16567,36.153980,-95.992770,city
71085,Sunoco,SR-49,Greenville,OH,317,3.59900,1,3.59900,3.59900,40.102830,-84.633010,city
71086,THORNTONS #318,SR-59 & SR-38,West Chicago,IL,290,3.67400,2,3.64900,3.69900,41.884750,-88.203960,city
71087,HALF SUN TRAVEL PLAZA,"I-90, EXIT 176",Moses Lake,WA,920,3.79900,2,3.56900,4.02900,47.130140,-119.278080,city
71088,KARDES,US-151,Monticello,IA,335,3.39900,1,3.39900,3.39900,42.238340,-91.187090,city
71090,CEFCO #2076,US-60 & SR-207,Panhandle,TX,585,2.94567,1,2.94567,2.94567,35.345600,-101.380440,city
71091,BREAK TIME #3163,US-63 & CR-M,Moberly,MO,310,3.46233,1,3.46233,3.46233,39.418370,-92.438240,city
71094,BP,US-63 & SR-137,Eddyville,IA,320,3.37900,1,3.37900,3.37900,41.156500,-92.637390,city
71095,HOBO PANTRY #29,US-84/SR-12 & SR-95,Gordon,AL,20,3.65900,1,3.65900,3.65900,31.141290,-85.096600,city
71096,GAS N WASH,US-30 & SR-394,Chicago Heights,IL,365,3.49900,1,3.49900,3.49900,41.506150,-87.635600,city
71097,THORNTONS #329,"I-55, EXIT 267 & SR-53",Romeoville,IL,290,3.33400,2,3.30900,3.35900,41.647530,-88.089510,city
71098,DANDY MINI MART #74,US-6 & SR-187,Wysox,PA,32,3.99900,1,3.99900,3.99900,41.774520,-76.399380,city
71099,THORNTONS #336,"I-57, EXIT 335 & SR-50",Monee,IL,365,3.40400,4,3.34900,3.45900,41.420030,-87.741710,city
71101,FOOD N FUEL,"I-55, EXIT 244 & SR-53",Elwood,IL,365,3.54900,2,3.49900,3.59900,41.403920,-88.111720,city
71102,365 Food and Fuel,"I-35W/US-287, EXIT 54A & SR-183",Fort Worth,TX,637,2.97567,1,2.97567,2.97567,32.725410,-97.320850,city
71103,FAT DOGS NORTH PLATTE SOUTH,"I-80, EXIT 177 & US-83",North Platte,NE,475,3.07400,1,3.07400,3.07400,41.123890,-100.765420,city
71104,SPINX #364,"I-26, EXIT 194",Summerville,SC,475,3.39900,1,3.39900,3.39900,33.018500,-80.175650,city
71105,SHEPHERD 700,US-64 & CR-450,Alva,OK,337,3.21900,1,3.21900,3.21900,36.804990,-98.667180,city
71106,SECURITY OIL,"I-135, EXIT 10B & SR-96",Wichita,KS,570,3.29900,1,3.29900,3.29900,37.692240,-97.337540,city
71107,SPARKYS ONE STOP,"US-20, EXIT 96 & SR-4",Rockwell City,IA,343,3.21567,1,3.21567,3.21567,42.395260,-94.633870,city
71108,Stuckeyâ€™s Travel Center West,"I-10, EXIT 819 & FM-1663",Anahuac,TX,610,2.80733,1,2.80733,2.80733,29.773000,-94.682700,city
71109,KWIK TRIP #1067,"SR-13, BETWEEN FAIRWAY & TRINITY DR",Phillips,WI,295,3.31567,1,3.31567,3.31567,45.696630,-90.400430,city
71110,KWIK TRIP #1121,"I-94 & SR-26, EXIT 267",Watertown,WI,420,3.28900,1,3.28900,3.28900,43.194720,-88.728990,city
71111,MAPCO #5167,"I-59, EXIT 21B & SR-35",Fort Payne,AL,285,3.47900,1,3.47900,3.47900,34.444250,-85.719690,city
71112,BERKSHIRE ENERGY,"I-91, EXIT 8 & SR-80",New Haven,CT,100,3.54900,1,3.54900,3.54900,41.308150,-72.928160,city
71113,PLATEU TRAVEL PLAZA,"I-95, EXIT 39A & US-1",Madras,OR,935,3.35900,1,3.35900,3.35900,44.633450,-121.129490,city
71114,SHEETZ #672,"I-95, EXIT 11B & SR-606",Woodford,VA,180,2.89900,1,2.89900,2.89900,38.113190,-77.408870,city
71115,FASTBREAK #6,US-50/US-151 & US-41,Vincennes,IN,510,4.03900,1,4.03900,4.03900,38.677270,-87.528630,city
71116,CEFCO #101,US-59 & SR-49,Jefferson,TX,766,2.89900,1,2.89900,2.89900,32.757360,-94.345190,city
71117,AM-PM TRUCK STOP,"I-520/SR-415, EXIT 9 & SR-56",Augusta,GA,135,3.35900,1,3.35900,3.35900,33.470970,-81.974840,city
71118,THORNTONS #0331,"I-35/US-51, EXIT 3 & CR-9",Roscoe,IL,520,3.44400,2,3.41900,3.46900,42.413350,-89.009270,city
71119,PARKER'S #69 (DISCOUNT AVAILABLE),"I-95/SR-405, EXIT 102 & US-80",Pooler,GA,195,3.12233,1,3.12233,3.12233,32.115480,-81.247060,city
71120,GAS PRO TRAVEL CENTER,US-25 & SR-56,Waynesboro,GA,135,3.79900,1,3.79900,3.79900,33.089870,-82.015670,city
71121,HAT CREEK TRAVEL,"I-10/US-70, EXIT 82A & US-180",Deming,NM,640,2.91900,1,2.91900,2.91900,32.268700,-107.758640,city
71123,XPRESS FUEL DBA ONE9 #1264,"I-10, EXIT 203",Eloy,AZ,930,3.13900,2,3.13900,3.13900,32.755900,-111.554840,city
71124,LOVES TRAVEL STOP #761,"I-10, EXIT 343 & US-301",Jacksonville,FL,75,3.84900,1,3.84900,3.84900,30.332180,-81.655650,city
71126,QUIKTRIP #1177,I-77 & US-21,Blythewood,SC,46,3.07567,1,3.07567,3.07567,34.214320,-80.973980,city
71127,QUIKTRIP #4044,"I-10, EXIT 609",Seguin,TX,740,2.94567,1,2.94567,2.94567,29.568840,-97.964730,city
71129,Queens Market,"I-85, EXIT 41 & SR-2480",Charlotte,NC,46,3.49900,1,3.49900,3.49900,35.227090,-80.843130,city
71131,7-ELEVEN #38816,"I-85, EXIT 66 & US-29",Spartanburg,SC,210,3.30567,1,3.30567,3.30567,34.949570,-81.932050,city
71132,CEFCO #104,US-259 & SR-315,Mount Enterprise,TX,618,2.95900,1,2.95900,2.95900,31.917950,-94.681040,city
71133,AMIGOS TRAVEL CENTER,"I-35, EXIT 85 & FM-117",Dilley,TX,740,3.39900,1,3.39900,3.39900,28.667480,-99.170590,city
71134,ALLSUPS CONVENIENCE STORE #2376,US-54/US-285 & US-60,Vaughn,NM,580,3.49900,1,3.49900,3.49900,34.601730,-105.208330,city
71136,CIRCLE K #2706788,"I-795, EXIT 22 & US-70, EXIT 356",Goldsboro,NC,205,3.39233,1,3.39233,3.39233,35.384880,-77.992770,city
71138,LUMMI BAY MARKET,"I-5, EXIT 260",Bellingham,WA,850,3.75900,1,3.75900,3.75900,48.759550,-122.488220,city
71139,GAS N WASH,SR-47 & CR-9,Yorkville,IL,290,3.59900,1,3.59900,3.59900,41.641140,-88.447290,city
71140,BP,"I-94, EXIT 267 & SR-26, EXIT 30",Jefferson,WI,420,3.20900,1,3.20900,3.20900,43.005560,-88.807330,city
71141,CASEYS #3901,"I-55, EXIT 178 & CR-23",Lexington,IL,368,3.34900,2,3.33900,3.35900,40.641420,-88.783400,city
71142,LOVES TRAVEL STOP #775,US-20 & SR-2,Rockford,IL,520,3.28400,4,3.22900,3.34900,42.271130,-89.094000,city
71143,CASEYS #3904,SR-141,Manning,IA,319,3.20900,1,3.20900,3.20900,41.909150,-95.064990,city
71144,CASEYS #3675,US-12 & US-75,Ortonville,MN,250,3.37900,1,3.37900,3.37900,45.304690,-96.444780,city
71145,CASEYS #3905,I-74/US-421 EXIT 113,Shelbyville,IN,372,3.59900,1,3.59900,3.59900,39.521440,-85.776920,city
71146,CASEYS #2968,US-34,Eagle,NE,413,3.23900,1,3.23900,3.23900,40.816670,-96.430290,city
71147,CASEYS #3910,US-177 & SR-33,Perkins,OK,560,3.01567,1,3.01567,3.01567,35.973940,-97.033640,city
71148,CASEYS #1892,US-65,Sheffield,IA,433,3.15233,1,3.15233,3.15233,42.893300,-93.215200,city
71149,KOUNTRY KORNER,SR-20,Mount Pleasant,MI,260,3.61900,1,3.61900,3.61900,43.597810,-84.767510,city
71150,LOVES TRAVEL STOP #812,"I-84, EXIT 141",Bliss,ID,785,3.78567,1,3.78567,3.78567,42.926850,-114.949510,city
71151,LOVES TRAVEL STOP #880,US-50 & SR-130,Olney,IL,510,3.28067,6,3.18900,3.38900,38.730880,-88.085320,city
71152,LOVES TRAVEL STOPS #841,"US-24, EXIT 41",Napoleon,OH,550,3.69700,2,3.68900,3.70500,41.392270,-84.125220,city
71153,KWIK TRIP #1083,SR-35,Osceola,WI,451,3.49900,1,3.49900,3.49900,45.320520,-92.704930,city
71154,KWIK TRIP #489,CR-3,DUNDAS,MN,448,3.49900,1,3.49900,3.49900,44.429410,-93.201880,city
71155,KWIK TRIP #1124,"SR-16, EXIT 184",Sussex,WI,444,3.37733,1,3.37733,3.37733,43.133900,-88.222040,city
71158,CIRCLE K #2707533,"SR-570, EXIT 3 & SR-572",Lakeland,FL,225,3.53233,1,3.53233,3.53233,28.039470,-81.949800,city
71160,CIRCLE K #4706316,"I-96, EXIT 46  & SR-6, EXIT 15",Caledonia,MI,371,3.66900,2,3.63900,3.69900,42.789200,-85.516690,city
71161,CIRCLE K #2720931,"I-95, EXIT 107 & US-301",Kenly,NC,205,3.14900,1,3.14900,3.14900,35.596270,-78.124160,city
71162,CIRCLE K #4705694,US-20 & CR-245,Norwalk,OH,305,3.61400,1,3.61400,3.61400,41.242550,-82.615730,city
71163,DANDY MINI MART #68,"I-86/SR-17, EXIT 51A & CR-64",Elmira,NY,32,3.89900,1,3.89900,3.89900,42.089800,-76.807730,city
71164,DANDY MINI MART #59,SR-287,Middlebury Center,PA,138,3.99900,1,3.99900,3.99900,41.843680,-77.274420,city
71165,PALMETTO EXPRESS #115,"I-26, EXIT 125 & US-176",Gaston,SC,135,3.19900,1,3.19900,3.19900,33.817100,-81.100930,city
71166,MAVERIK COUNTRY STORE #616,US-50,Montrose,CO,810,3.39567,1,3.39567,3.39567,38.478320,-107.876170,city
71167,LOVES TRAVEL STOP #768,"I-55, EXIT 247",Channahon,IL,290,3.44500,5,3.34900,3.54900,41.429480,-88.228670,city
71168,LOVES TRAVEL STOP #797,"I-80, EXIT 176",Winnemucca,NV,966,3.74400,1,3.74400,3.74400,40.972960,-117.735680,city
71169,LOVES TRAVEL STOP #879,"I-69 EXIT,286 & US-24 & SR-9",Huntington,IN,370,3.50067,1,3.50067,3.50067,40.883100,-85.497480,city
71170,LOVES TRAVEL STOP #849,"I-94, EXIT 292 & CR-21",Valley City,ND,390,3.96900,1,3.96900,3.96900,46.923310,-98.003150,city
71171,TEXSTAR TRAVEL CENTER,I-35 EXIT 302,Temple,TX,765,2.91233,1,2.91233,2.91233,31.098230,-97.342780,city
71172,ZIPPY JS #18,CR-577 & CR-80,Brenham,TX,670,3.19900,1,3.19900,3.19900,30.166880,-96.397740,city
71173,ENMARKET #828,"I-95/SR-405, EXIT 102 & US-80",Pooler,GA,195,3.08233,1,3.08233,3.08233,32.115480,-81.247060,city
71176,QUIKTRIP #1710,US-23/SR-365,Gainesville,GA,16,3.34567,1,3.34567,3.34567,34.297880,-83.824070,city
71177,COMO TRAVEL CENTER,"I-55, EXIT 257 & SR-310",Como,MS,435,3.07900,1,3.07900,3.07900,34.510660,-89.939810,city
71179,7-ELEVEN #41332,"I-26, EXIT 76 & SR-219",Newberry,SC,210,3.33233,1,3.33233,3.33233,34.274580,-81.618720,city
71181,7-ELEVEN #38637,"I-85, EXIT 72 & I-585/US-176",Spartanburg,SC,210,3.11567,1,3.11567,3.11567,34.949570,-81.932050,city
71185,SHEETZ #698,"I-78/US-22, EXIT 45 & SR-863",Kutztown,PA,90,3.32900,1,3.32900,3.32900,40.517320,-75.777420,city
71186,7-ELEVEN #36837,US-29 & SR-904,Anderson,SC,30,3.08900,1,3.08900,3.08900,34.503440,-82.650130,city
71187,KWIK TRIP #1041,SR-11 & CR-H,Sturtevant,WI,444,3.79400,1,3.79400,3.79400,42.698070,-87.894520,city
71188,QUIKTRIP #1722,"I-75, EXIT 153",Macon,GA,85,3.08900,1,3.08900,3.08900,32.840690,-83.632400,city
71189,QUIKTRIP #1198,"I-20, EXIT 55",Lexington,SC,135,3.12900,1,3.12900,3.12900,33.981540,-81.236210,city
71190,LOVES TRAVEL STOPS #888,"I-80/US-30, EXIT 85 & SR-374",Green River,WY,835,3.64800,2,3.58900,3.70700,41.528580,-109.466250,city
71191,MAVERIK COUNTRY STORE #631,I-80/5600 WEST,Salt Lake City,UT,835,3.45900,1,3.45900,3.45900,40.760780,-111.891050,city
71193,ASAP GENERAL STORE #308,US-60 & SR-123,Bartlesville,OK,560,3.19100,1,3.19100,3.19100,36.747310,-95.980820,city
71194,ASAP GENERAL STORE #104,"I-40, EXIT 84 & US-54",Weatherford,OK,483,3.13233,1,3.13233,3.13233,35.526160,-98.707570,city
71195,ASAP GENERAL STORE #301,"I-40, EXIT 108 & US-281/SR-8",Geary,OK,483,3.13233,1,3.13233,3.13233,35.631160,-98.317290,city
71196,ASAP GENERAL STORE #302,SR-33 & SR 54,Thomas,OK,483,3.13233,1,3.13233,3.13233,35.744220,-98.747580,city
71197,ASAP GENERAL STORE #304,US-60/SR-51 & US-283,Arnett,OK,483,3.23233,1,3.23233,3.23233,36.135040,-99.774840,city
71198,LOVES TRAVEL STOP #844,"I-90, EXIT 233 & SR-74",Saint Charles,MN,515,3.56900,1,3.56900,3.56900,43.969410,-92.064330,city
71199,LOVES TRAVEL STOP #814,"I-22, EXIT 14 & CR-35",Hamilton,AL,576,3.55567,1,3.55567,3.55567,34.142320,-87.988640,city
71200,LOVES TRAVEL STOP #730,"I-80, EXIT 440 & SR-50",Omaha,NE,319,3.28067,1,3.28067,3.28067,41.256260,-95.940430,city
71201,PRIDE TRAVEL CENTER,I-91 EXIT 33,Hartford,CT,100,3.50900,1,3.50900,3.50900,41.763710,-72.685090,city
71202,QUIKTRIP #1181,"I-26, EXIT 154B & US-301",Orangeburg,SC,42,3.23567,1,3.23567,3.23567,33.491820,-80.855650,city
71206,JACKSONS FOOD STORES #138,US-95/SR-339 & SR-208,Yerington,NV,966,3.67900,1,3.67900,3.67900,38.985750,-119.162930,city
71207,GAS N WASH,"I-80, EXIT 148B & SR-43",Tinley Park,IL,365,3.59233,3,3.49900,3.67900,41.573370,-87.784490,city
71208,RACEWAY #6789,US-301 & SR-150,Richmond,VA,180,3.42900,1,3.42900,3.42900,37.553760,-77.460260,city
71209,RACETRAC #2529,"I-75, EXIT 285 & SR-52",San Antonio,FL,225,3.31567,1,3.31567,3.31567,28.336110,-82.274530,city
71210,RACETRAC #2515,I-820 & BUS-287,Fort Worth,TX,630,2.87733,1,2.87733,2.87733,32.725410,-97.320850,city
71211,KUM & GO #0138,US-67,Jacksonville,AR,695,3.09900,1,3.09900,3.09900,34.866200,-92.110150,city
71212,KUM & GO #0426,BUS-71,Springdale,AR,735,3.14900,1,3.14900,3.14900,36.186740,-94.128810,city
71213,KUM & GO #0429,US-62,Rogers,AR,735,3.00900,1,3.00900,3.00900,36.332020,-94.118540,city
71214,MAVERIK #5317,"I-76, EXIT 22",Brighton,CO,800,3.23400,1,3.23400,3.23400,39.985260,-104.820530,city
71215,MAVERIK #5319,SR-392 & SR-257,Windsor,CO,800,3.15900,1,3.15900,3.15900,40.477480,-104.901360,city
71216,Maverik Country Store #5337,"I-35, EXIT 102 & SR-210",Huxley,IA,320,3.09233,1,3.09233,3.09233,41.895270,-93.600770,city
71217,KUM & GO #0185,US-65,Bondurant,IA,320,3.09500,1,3.09500,3.09500,41.700540,-93.462160,city
71218,KUM & GO #1435,US-65,Fair Grove,MO,535,3.15567,1,3.15567,3.15567,37.383930,-93.151300,city
71219,KUM & GO #1568,"I-44, EXIT 156",Waynesville,MO,535,3.09900,1,3.09900,3.09900,37.828650,-92.200720,city
71221,LOVES TRAVEL STOP #786,I-435 EXIT 55,Kansas City,MO,400,3.38900,1,3.38900,3.38900,39.099730,-94.578570,city
71223,SCOOBA JUNCTION,US-45 & SR-16,Scooba,MS,705,3.21567,1,3.21567,3.21567,32.828190,-88.476430,city
71227,TEX BEST #529,SR-16 & SR-1604,Von Ormy,TX,740,3.04900,1,3.04900,3.04900,29.289130,-98.644460,city
71228,SHELL,"I-80, EXIT 279 & SR-10",Gibbon,NE,330,3.29900,1,3.29900,3.29900,40.748350,-98.844800,city
71229,THE PRIDE OF PALATINE,"I-90, EXIT 65 & SR-62",Palatine,IL,290,3.39900,1,3.39900,3.39900,42.110300,-88.034240,city
71230,THE PRIDE OF LAKE COUNTY,US-12 & SR-53,Lake Zurich,IL,290,3.34900,1,3.34900,3.34900,42.196970,-88.093410,city
71232,GATEWAY TRAVEL CENTER,US-16 & US-85,Newcastle,WY,822,3.32400,1,3.32400,3.32400,43.854700,-104.204940,city
71233,Fuel America Travel Center #2,"I-35, EXIT 32",Encinal,TX,693,3.04900,1,3.04900,3.04900,28.041120,-99.354480,city
71234,CHEVRON #352305,I-610 & SR-47,Chalmette,LA,725,3.13900,1,3.13900,3.13900,29.942960,-89.965370,city
71239,CASEYS #3926,"I-29, EXIT 84 & SR-118",Mound City,MO,400,3.15733,1,3.15733,3.15733,40.131110,-95.231640,city
71240,LOVES TRAVEL STOP #764,I-24 EXIT 117,Hillsboro,TN,285,3.32567,1,3.32567,3.32567,35.412580,-85.970260,city
71241,WEIGLES #58,"I-40, Exit 356A & SR-58",Kingston,TN,405,3.16900,1,3.16900,3.16900,35.880910,-84.508540,city
71242,LAST STOP TRAVEL CENTER,US-93,Willow Beach,AZ,910,3.49567,1,3.49567,3.49567,33.714770,-110.978450,city
71244,MAVERIK COUNTRY STORE #644,"I-84/I-15, EXIT 344 & SR-39",Ogden,UT,835,3.37233,1,3.37233,3.37233,41.223000,-111.973830,city
71245,MAVERIK COUNTRY STORE #651,"I-15, EXIT 67 & US-30",Pocatello,ID,825,3.40233,1,3.40233,3.40233,42.871300,-112.445530,city
71246,TOOT N TOTUM #99,I-40 EXIT 75,Amarillo,TX,585,3.04567,1,3.04567,3.04567,35.222000,-101.831300,city
71247,LOVES TRAVEL STOP #848,"I-59, Exit 104",Sandersville,MS,705,3.16233,1,3.16233,3.16233,31.786700,-89.034530,city
71248,RACETRAC #2560,"I-4, EXIT-55",Davenport,FL,140,3.28900,1,3.28900,3.28900,28.161400,-81.601740,city
71249,RACETRAC #2589,"I-20, EXIT 185",Oxford,AL,587,2.99900,1,2.99900,2.99900,33.614270,-85.834960,city
71250,NAVAJO BLUE TRAVEL CENTER,I-40 EXIT 219,Flagstaff,AZ,930,3.60900,1,3.60900,3.60900,35.198070,-111.651270,city
71251,RUTTERS #91,US-30 & SR-772,Gap,PA,208,4.19900,1,4.19900,4.19900,39.987320,-76.020510,city
71252,QUIKTRIP #1178,"I-26, EXIT 54 & SR-72",Clinton,SC,210,3.09900,1,3.09900,3.09900,34.472630,-81.880660,city
71253,QUIKTRIP #4066,"I-35, EXIT 122 & SR-173",Devine,TX,740,2.96567,1,2.96567,2.96567,29.139960,-98.905310,city
71255,Fuel N Treat,"I-70/US-40, EXIT 84 & CR-J",Nelson,MO,401,3.28400,1,3.28400,3.28400,38.994740,-93.032700,city
71256,SIGNAL FOOD STORE #120,US-60,Seymour,MO,535,3.02567,1,3.02567,3.02567,37.146440,-92.768780,city
71257,FARMERS UNION SOUTHERN VALLEY,US-75 & SR-210,Wahpeton,ND,341,3.49900,1,3.49900,3.49900,46.265240,-96.605910,city
71259,LOVES TRAVEL STOP #846,I-10 EXIT 10,Irvington,AL,715,3.16567,1,3.16567,3.16567,34.639810,-86.929170,city
71260,LOVES TRAVEL STOP #881,US HWY 224 & OH 225,Diamond,OH,573,3.45233,1,3.45233,3.45233,41.098950,-81.022870,city
71261,Una Travel Center,I-94 EXIT 228,Roseville,MI,325,3.89900,1,3.89900,3.89900,42.497260,-82.937140,city
71262,LOVES TRAVEL STOP #892,"I-70, EXIT 118 & SR-310",Etna,OH,315,3.46067,1,3.46067,3.46067,39.957290,-82.681830,city
71263,Loves Travel Stop # 660,"I-25, Exit 49",Walsenburg,CO,796,4.24900,1,4.24900,4.24900,37.624180,-104.780260,city
71264,MAVERIK COUNTRY STORE #649,I-25/US-85 EXIT 220 & SR-500,Albuquerque,NM,580,3.20567,1,3.20567,3.20567,35.084490,-106.651140,city
71265,U SAVE FOOD STORES 1,SR-39/SR-55,Richwood,WV,44,3.59900,1,3.59900,3.59900,38.224840,-80.533140,city
71266,LOVES TRAVEL STOP #787,"I-81, EXIT 30 & SR-70",Mosheim,TN,405,3.55567,1,3.55567,3.55567,36.189540,-82.958490,city
71267,LOVES TRAVEL STOP #878,"US-131/SR-43, EXIT 44",Kalamazoo,MI,431,3.64233,3,3.58900,3.68900,42.291710,-85.587230,city
71268,MAVERIK COUNTRY STORE #650,SR 85 & W 900 S,West Jordan,UT,835,3.43233,1,3.43233,3.43233,40.609670,-111.939100,city
71269,Maverik Country Store #652,I-84 & SR 79,Jerome,ID,787,3.39400,1,3.39400,3.39400,42.724070,-114.518650,city
71270,QUIKTRIP #7904,I-20 EXIT 285,Abilene,TX,575,2.87567,1,2.87567,2.87567,32.448740,-99.733140,city
71271,MAVERIK COUNTRY STORE #672,SR-69,Dewey,AZ,930,3.21900,1,3.21900,3.21900,34.530030,-112.241270,city
71275,ALLSUPS CONVENIENCE STORE #2272,US-67/US-84,Bangs,TX,575,2.93233,1,2.93233,2.93233,31.717100,-99.132550,city
71276,Circle K #2706617,I-4 EXIT 28,Lakeland,FL,225,3.25067,1,3.25067,3.25067,28.039470,-81.949800,city
71277,CIRCLE K #2706619,I-75 EXIT 354,Ocala,FL,140,3.45733,1,3.45733,3.45733,29.187200,-82.140090,city
71278,Kwik Trip #1506,SR-26,Fort Atkinson,WI,420,3.57733,1,3.57733,3.57733,42.928890,-88.837050,city
71281,Pride Travel Center dba One9 #1213,"I-40, Exit 25",Yucca,AZ,910,3.55900,2,3.55900,3.55900,34.872230,-114.149400,city
71282,QuikTrip #4128,SR-71,Bastrop,TX,595,2.96567,1,2.96567,2.96567,30.110490,-97.315270,city
71283,QUIKTRIP #7135,US-17,Hardeeville,SC,195,2.99900,1,2.99900,2.99900,32.287140,-81.080670,city
71284,Loves Travel Stop #889,"I-22, Exit 30",Holly Springs,MS,435,3.31567,1,3.31567,3.31567,31.315730,-89.977860,city
71285,Shrees Truck Stop Seattle,SR-509,Seattle,WA,962,3.79900,1,3.79900,3.79900,47.606210,-122.332070,city
71286,RACETRAC #2323,I-75 EXIT 128,Fort Myers,FL,225,3.29900,1,3.29900,3.29900,26.621680,-81.840590,city
71287,RACETRAC #482,I-310 EXIT 2A,Saint Rose,LA,725,3.12567,1,3.12567,3.12567,29.946870,-90.323130,city
71288,SHEETZ #700,"I-270, EXIT 49 & SR-317",Groveport,OH,315,3.05900,1,3.05900,3.05900,39.878400,-82.883790,city
71289,7-ELEVEN #38835,I-75 EXIT 139,Fort Myers,FL,225,3.59900,1,3.59900,3.59900,26.621680,-81.840590,city
71290,LOVES TRAVEL STOP #808,"US-19/SR-3, EXIT 3 & US-82",Albany,GA,10,3.78900,1,3.78900,3.78900,31.578510,-84.155740,city
71291,HUCKS FOOD & FUEL #351 DBA ONE9 #1286,"I-57, Exit 116",Salem,IL,574,3.15400,4,3.09900,3.23900,38.626990,-88.945620,city
71295,MOUNTAINEER MART #33,US-33/119,Buckhannon,WV,44,3.89900,1,3.89900,3.89900,38.993990,-80.232030,city
71298,QUIKTRIP #1923,"I-45, EXIT 229",Corsicana,TX,641,2.84900,1,2.84900,2.84900,32.095430,-96.468870,city
71299,QUIKTRIP #7903,"I-35, EXIT 331",Waco,TX,765,2.95567,1,2.95567,2.95567,31.549330,-97.146670,city
71300,SPEEDWAY #1407,"I-94, EXIT 145",Jackson,MI,385,3.57400,2,3.54900,3.59900,42.245870,-84.401350,city
71301,Atlanta IL Visitors Center,I-55 EXIT 140,Atlanta,IL,280,3.39900,1,3.39900,3.39900,40.259480,-89.233420,city
71302,KWIK STAR #1107,I-380 EXIT 18,Cedar Rapids,IA,380,3.57400,1,3.57400,3.57400,42.008330,-91.644070,city
71303,KWIK TRIP #1132,SR-21,Omro,WI,582,3.37733,1,3.37733,3.37733,44.039430,-88.744280,city
71305,AMIGO'S COUNTRY STORE,"I-35, EXIT 122 & SR-173",Devine,TX,740,3.09900,1,3.09900,3.09900,29.139960,-98.905310,city
71307,Speedway #1221,"I-24/69, EXIT 27 & US-62",Calvert City,KY,415,3.44900,1,3.44900,3.44900,37.033390,-88.350040,city
71308,QUIKTRIP #7145,"I-40, EXIT 239A",Lebanon,TN,460,2.91567,1,2.91567,2.91567,36.208110,-86.291100,city
71309,SUGAR CROSSING CONVENIENCE,US-33 & CR-63,Lancaster,OH,315,3.38233,1,3.38233,3.38233,39.713680,-82.599330,city
71310,CIRCLE K #2722120,US-441/27,Summerfield,FL,140,3.52567,1,3.52567,3.52567,29.008590,-82.034810,city
71311,CIRCLE K #708,"I-85, EXIT 64 & US-29",Opelika,AL,50,3.26567,1,3.26567,3.26567,32.645410,-85.378280,city
71313,LOVES TRAVEL STOP  #821,"US-70, Exit W Main St",Durant,OK,253,3.48900,1,3.48900,3.48900,33.993990,-96.370820,city
71314,Loves Travel Stop  #806,I-20 Exit 124,Monroe,LA,760,3.16733,1,3.16733,3.16733,32.509310,-92.119300,city
71315,KWIK TRIP #1062,SR-33,West Bend,WI,444,3.55567,1,3.55567,3.55567,43.425280,-88.183430,city
71316,KWIK TRIP #1084,SR-97,Marshfield,WI,395,3.47567,1,3.47567,3.47567,44.668850,-90.171800,city
71318,LOVES TRAVEL STOP  #800,SR-83,Elk Grove Village,IL,290,3.51733,6,3.37900,3.64900,42.003920,-87.970350,city
71319,LOVES TRAVEL STOP #868,"I-95, EXIT 223",Mims,FL,143,3.68900,1,3.68900,3.68900,28.665270,-80.844780,city
71320,TA EXPRESS EDGERTON #284,I-35 EXIT 205,Edgerton,KS,400,3.69900,1,3.69900,3.69900,38.764730,-95.008020,city
71321,Kwik Star #1119,US-18,Emmetsburg,IA,433,3.44900,1,3.44900,3.44900,43.112740,-94.683040,city
71322,KWIK TRIP #1101,US-141,Crivitz,WI,582,3.30400,1,3.30400,3.30400,45.232480,-88.007610,city
71323,MAVERIK COUNTRY STORE #517,SR-114 & E MILL RD,Orem,UT,835,3.44067,1,3.44067,3.44067,40.296900,-111.694650,city
71324,7-ELEVEN #38992,"I-85/US-29, EXIT 40 & I-185, EXIT 12",Piedmont,SC,30,3.49900,1,3.49900,3.49900,34.702340,-82.464570,city
71325,QUIKTRIP #7223,"I-20, EXIT 23 & SR-782-2",Bossier City,LA,745,2.89233,1,2.89233,2.89233,32.515990,-93.732120,city
71326,CIRCLE K #4705730,"I-480 & SR-82, EXIT 36",Twinsburg,OH,249,3.98900,1,3.98900,3.98900,41.312560,-81.440110,city
71327,MAVERIK COUNTRY STORE #668,"I-80, EXIT 313",Laramie,WY,795,3.24567,1,3.24567,3.24567,41.311370,-105.591100,city
71328,IRVING,US-1,Norwood,MA,170,3.69400,1,3.69400,3.69400,42.194540,-71.199500,city
71329,SPEEDWAY #1439,I-20 Exit 100,Mc Calla,AL,615,2.90233,1,2.90233,2.90233,33.348720,-87.014160,city
71330,JORDAN MINI MART,SR- 31 & CR-59,Jordan,NY,220,3.82900,2,3.79900,3.85900,43.065340,-76.472990,city
71331,KWIK TRIP #1106,SR-13 & SR-64,Medford,WI,395,3.42233,1,3.42233,3.42233,45.138580,-90.340140,city
71332,ALLSUPS CONVENIENCE STORE #2308,SR-128 & SR-18,Jal,NM,710,3.12900,1,3.12900,3.12900,32.113180,-103.193510,city
71333,ALLSUPS CONVENIENCE STORE #2105,"I-20, EXIT 332 & US-183",Cisco,TX,575,2.92900,1,2.92900,2.92900,32.388190,-98.979230,city
71334,ALLSUPS CONVENIENCE STORE #2278,SR-302 & SR-18,Kermit,TX,710,3.08900,1,3.08900,3.08900,31.857630,-103.092670,city
71335,ALLSUPS CONVENIENCE STORE #2367,"I-27/US-87, EXIT 49B & US-70",Plainview,TX,585,2.90900,1,2.90900,2.90900,34.184790,-101.706840,city
71336,ALLSUPS CONVENIENCE STORE #2180,US-84 & US-180,Snyder,TX,612,2.98567,1,2.98567,2.98567,32.717890,-100.917620,city
71337,ALLSUPS CONVENIENCE STORE #2229,US-377 & SR-108,Stephenville,TX,630,3.15900,1,3.15900,3.15900,32.220700,-98.202260,city
71338,KWIK TRIP #755,US-18,Fennimore,WI,335,3.42400,1,3.42400,3.42400,42.983600,-90.655400,city
71339,CASEYS #3934,"I-35, EXIT 89 & CO-R6F",Ankeny,IA,320,3.09900,1,3.09900,3.09900,41.729710,-93.605770,city
71340,KWIK TRIP #180,US-14/SR-68,New Ulm,MN,425,3.34900,1,3.34900,3.34900,44.312460,-94.460530,city
71341,QUIKTRIP #7147,"I-40, EXIT 172 & SR-46",Dickson,TN,460,2.91567,1,2.91567,2.91567,36.077000,-87.387790,city
71342,CASEYS #3505,US-212,Stewart,MN,425,3.36900,1,3.36900,3.36900,44.724680,-94.485820,city
71343,ALLSUPS CONVENIENCE STORE #2014,US-377/US-67,Dublin,TX,630,3.15900,1,3.15900,3.15900,32.085140,-98.341990,city
71344,ALLSUPS CONVENIENCE STORE #2061,US-84 & US-380,Post,TX,700,2.94400,1,2.94400,2.94400,33.191220,-101.379000,city
71345,ALLSUPS CONVENIENCE STORE #2084,US-377 & CR-234,Brownwood,TX,575,2.94900,1,2.94900,2.94900,31.709320,-98.991160,city
71346,ALLSUPS CONVENIENCE STORE #2094,US-277 & US-83,Abilene,TX,575,2.88900,1,2.88900,2.88900,32.448740,-99.733140,city
71347,ALLSUPS CONVENIENCE STORE #2128,"I-20, EXIT 301 & CR-276",Clyde,TX,575,2.88900,1,2.88900,2.88900,32.405960,-99.493690,city
71348,ALLSUPS CONVENIENCE STORE #2142,US-62/US-180,Hobbs,NM,593,3.38233,1,3.38233,3.38233,32.702610,-103.136040,city
71349,ALLSUPS CONVENIENCE STORE #2204,SR-115 & CR-201,Wink,TX,710,3.08900,1,3.08900,3.08900,31.751240,-103.159890,city
71350,ALLSUPS CONVENIENCE STORE #2206,US-385 & SR-176,Andrews,TX,710,3.39233,1,3.39233,3.39233,32.318720,-102.545720,city
71351,ALLSUPS CONVENIENCE STORE #2207,US-377/US-67 & SR-36,Comanche,TX,575,3.15900,1,3.15900,3.15900,31.897370,-98.603660,city
71352,ALLSUPS CONVENIENCE STORE #2223,US-285 & SR-357,Artesia,NM,700,3.39900,1,3.39900,3.39900,32.842330,-104.403300,city
71353,ALLSUPS CONVENIENCE STORE #2246,US-84 & SR-268,Melrose,NM,585,3.81233,1,3.81233,3.81233,34.430350,-103.632460,city
71354,ALLSUPS CONVENIENCE STORE #2247,US-377 & SR-16,Comanche,TX,575,3.16233,1,3.16233,3.16233,31.897370,-98.603660,city
71355,ALLSUPS CONVENIENCE STORE #2249,US-377 & US-281,Stephenville,TX,630,3.15900,1,3.15900,3.15900,32.220700,-98.202260,city
71356,ALLSUPS CONVENIENCE STORE #2266,I-20 & US-285,Pecos,TX,710,3.37900,1,3.37900,3.37900,31.422910,-103.493230,city
71357,ALLSUPS CONVENIENCE STORE #2279,SR-115 & SR-18,Kermit,TX,710,3.08900,1,3.08900,3.08900,31.857630,-103.092670,city
71358,ALLSUPS CONVENIENCE STORE #2285,US-285 & US-62,Carlsbad,NM,593,3.19400,1,3.19400,3.19400,32.420670,-104.228840,city
71359,ALLSUPS CONVENIENCE STORE #2350,"I-20, EXIT 285 & US-83",Abilene,TX,575,2.87567,1,2.87567,2.87567,32.448740,-99.733140,city
71360,ALLSUPS CONVENIENCE STORE #2353,US-76/US-277,San Angelo,TX,612,3.19567,1,3.19567,3.19567,31.463770,-100.437040,city
71361,ALLSUPS CONVENIENCE STORE #2358,US-277/US-87,Wall,TX,612,3.20567,1,3.20567,3.20567,31.374050,-100.307590,city
71362,ALLSUPS CONVENIENCE STORE #2359,US-377/US-67 & CR-498,Stephenville,TX,630,3.15900,1,3.15900,3.15900,32.220700,-98.202260,city
71363,ALLSUPS CONVENIENCE STORE #2360,FM-988 & FM-8,Stephenville,TX,630,3.15900,1,3.15900,3.15900,32.220700,-98.202260,city
71364,QUICK FUEL #3188,I-75,Sidney,OH,317,3.33233,1,3.33233,3.33233,40.284220,-84.155500,city
71365,COLES BP,SR 49,Brownsville,WI,582,3.09900,1,3.09900,3.09900,43.616380,-88.490660,city
71366,AMOCO,SR 31,Kenosha,WI,444,3.71900,1,3.71900,3.71900,42.584740,-87.821190,city
71367,ROAD RANGER #280,"I-20, EXIT 79 & SR-464",Monahans,TX,710,3.45900,1,3.45900,3.45900,31.594300,-102.892650,city
71368,Kwik Star #1071,I-280 E and US-61 N,Davenport,IA,270,3.32400,1,3.32400,3.32400,41.523640,-90.577640,city
71369,MR GAS TRAVEL CENTER #21,I-84 EXIT 59A,Boise,ID,785,3.69567,1,3.69567,3.69567,43.613500,-116.203450,city
71370,MAVERIK COUNTRY STORE #645,"I-40, Exit 16",Gallup,NM,580,3.15900,1,3.15900,3.15900,35.528080,-108.742580,city
71371,BREAK TIME #3167,US-65 & HWY-HH,Sedalia,MO,310,3.29400,1,3.29400,3.29400,38.704460,-93.228260,city
71372,Simonson Station,US-71 & SR-34,Park Rapids,MN,458,3.59900,1,3.59900,3.59900,46.922180,-95.058630,city
71376,7-ELEVEN #41127,SR-29,Labelle,FL,95,3.55900,1,3.55900,3.55900,26.761730,-81.438410,city
71377,7-ELEVEN #38485,I-76 Exit 25,Brighton,CO,800,3.59900,1,3.59900,3.59900,39.985260,-104.820530,city
71378,QUIKTRIP #1410,"I-10, EXIT 136B & SR-202, EXIT 78A",Phoenix,AZ,930,3.36900,1,3.36900,3.36900,33.448380,-112.074040,city
71379,QUIKTRIP #7211,"I-30/US-67/US-70, EXIT 128",Little Rock,AR,695,3.04900,1,3.04900,3.04900,34.746480,-92.289590,city
71381,KWIK TRIP #1112,US-63 & SR-77,Hayward,WI,295,3.63900,1,3.63900,3.63900,46.013010,-91.484620,city
71382,KWIK TRIP #346,US-151 BUS & CR-G/CR-D,Beaver Dam,WI,582,3.19567,1,3.19567,3.19567,43.457770,-88.837330,city
71383,Caseys #3940,I-69 & SR 4,Ashley,IN,465,3.59733,1,3.59733,3.59733,41.526200,-85.066780,city
71384,CASEYS #3944,I-29 & CR-106,Tea,SD,530,3.19900,1,3.19900,3.19900,43.446370,-96.835880,city
71385,CASEYS #3907,I-675 & SR-235,Fairborn,OH,411,3.67900,1,3.67900,3.67900,39.820890,-84.019380,city
71386,CASEYS #3952,SR-1 & SR-9,Hoopeston,IL,368,3.23400,4,3.18900,3.25900,40.467260,-87.668360,city
71387,CASEYS #3954,"I-80, Exit 168",Newton,IA,320,3.24900,1,3.24900,3.24900,41.699710,-93.047980,city
71388,CASEYS #3850,US HWY 77,Wahoo,NE,319,3.17400,1,3.17400,3.17400,41.211390,-96.620300,city
71389,SPEEDWAY #1590,"I-95, EXIT 193",Dillon,SC,205,3.12567,1,3.12567,3.12567,34.416550,-79.371160,city
71390,SPEEDWAY #7269,I-270 EXIT 6B,Granite City,IL,540,3.45233,3,3.37900,3.51900,38.701440,-90.148720,city
71391,QUIKTRIP #7210,I-40 EXIT 142,North Little Rock,AR,695,3.04900,1,3.04900,3.04900,34.769540,-92.267090,city
71392,Loves Travel Stop #834,SR 17 & SR 1,Grant Park,IL,290,3.35400,2,3.32900,3.37900,41.241140,-87.646150,city
71393,CASEYS #3303,HWY 15 AND HWY 55,Kimball,MN,451,3.19900,1,3.19900,3.19900,45.312460,-94.300270,city
71394,QUIKTRIP #955,"I-35W, EXIT 26A & US-67",Alvarado,TX,630,2.97567,1,2.97567,2.97567,32.406530,-97.211680,city
71395,KWIK TRIP #340,US-18 & SR-23,Dodgeville,WI,420,3.48900,1,3.48900,3.48900,42.960270,-90.130120,city
71397,RACEWAY #6971,US-82/SR-520,Leesburg,GA,10,3.10900,1,3.10900,3.10900,31.732120,-84.170740,city
71398,KWIK STAR #1089,SR 415,Polk City,IA,320,3.15900,1,3.15900,3.15900,41.771380,-93.713000,city
71399,Loves Travel Stop  #809,"I-70 & MO Hwy D, Exit 31",Bates City,MO,400,3.22067,1,3.22067,3.22067,39.006120,-94.072450,city
71401,KWIK TRIP #1169,"I-694, EXIT 52B & SR-36",Saint Paul,MN,448,3.51567,1,3.51567,3.51567,44.944410,-93.093270,city
71402,FIREBIRD FUEL #6196,US-60 & SR-303,Surprise,AZ,930,3.38300,1,3.38300,3.38300,33.630590,-112.333220,city
71404,Flyers #3200,"I-17, Exit 215B",Phoenix,AZ,930,3.35233,1,3.35233,3.35233,33.448380,-112.074040,city
71405,FLYERS #3201,"US-60, Exit 157",Phoenix,AZ,930,3.36900,1,3.36900,3.36900,33.448380,-112.074040,city
71406,FLYERS #3203,"I-10, Exit 139",Phoenix,AZ,930,3.31900,1,3.31900,3.31900,33.448380,-112.074040,city
71407,FLYERS #3204,SR 202,Phoenix,AZ,930,3.35233,1,3.35233,3.35233,33.448380,-112.074040,city
71408,Flyers #3205,"I-17, Exit 195B",Phoenix,AZ,930,3.38233,1,3.38233,3.38233,33.448380,-112.074040,city
71410,Flyers #3213,"US-60, Exit 181",Mesa,AZ,930,3.35233,1,3.35233,3.35233,33.422270,-111.822640,city
71411,Flyers #3214,"I-10, Exit 161C",Chandler,AZ,930,3.35233,1,3.35233,3.35233,33.306160,-111.841250,city
71412,FLYERS #3215,SR 87,Chandler,AZ,930,3.35233,1,3.35233,3.35233,33.306160,-111.841250,city
71413,Flyers #3216,"US 60, Exit 194",Apache Junction,AZ,930,3.42233,1,3.42233,3.42233,33.415050,-111.549580,city
71416,FLYERS #3225,"I-10, Exit 255",Tucson,AZ,980,3.35900,1,3.35900,3.35900,32.221740,-110.926480,city
71417,Flyers #3227,"I-10, Exit 263A",Tucson,AZ,980,3.35567,1,3.35567,3.35567,32.221740,-110.926480,city
71418,Quick Fuel #3228,"I-10, Exit 264",Tucson,AZ,980,3.36233,1,3.36233,3.36233,32.221740,-110.926480,city
71421,FLYERS #3236,"SR 601, Exit 22",El Paso,TX,640,3.22900,1,3.22900,3.22900,31.758720,-106.486930,city
71428,KWIK TRIP #1140,SR-69/SR-92 & HWY-CC,Belleville,WI,420,3.60400,1,3.60400,3.60400,42.859720,-89.538180,city
71429,QUIKTRIP #1432,SR 202 EXIT 76,Phoenix,AZ,930,3.36900,1,3.36900,3.36900,33.448380,-112.074040,city
71430,QUIKTRIP #7144,US-31W,Goodlettsville,TN,460,2.91567,1,2.91567,2.91567,36.323110,-86.713330,city
71433,Kwik Star #1146,US HWY 151,Cedar Rapids,IA,380,3.62400,1,3.62400,3.62400,42.008330,-91.644070,city
71434,KWIK STAR #1154,"SR 18 & SR 60, Exit 34",Sheldon,IA,433,3.19900,1,3.19900,3.19900,43.181090,-95.856130,city
71435,QUIKTRIP #1036,I-85 Exit 40,Charlotte,NC,46,3.30400,1,3.30400,3.30400,35.227090,-80.843130,city
71436,GOOD 2 GO #213,I-90 EXIT 58 & US-16,Buffalo,WY,836,3.52500,1,3.52500,3.52500,44.348310,-106.698940,city
71437,GOOD 2 GO #121,I-15 EXIT 113,Idaho Falls,ID,825,3.47900,1,3.47900,3.47900,43.466580,-112.034140,city
71438,LOVES TRAVEL STOP #893,US-80 & SR-307,Savannah,GA,195,3.28900,1,3.28900,3.28900,32.083540,-81.099830,city
71439,LOVES TRAVEL STOP #802,I-10 EXIT 26,Milton,FL,20,3.33900,1,3.33900,3.33900,30.632410,-87.039690,city
71440,MAVERIK COUNTRY STORE #667,"I-90, EXIT 289 & SR-27",Spokane,WA,970,3.98400,4,3.96900,3.99900,47.659660,-117.429080,city
71441,MAVERIK COUNTRY STORE #678,US-191,Vernal,UT,835,3.44233,1,3.44233,3.44233,40.455520,-109.528750,city
71442,RACETRAC #2597,"I-65, EXIT 91 & US-31W",Elizabethtown,KY,415,2.91900,1,2.91900,2.91900,37.693950,-85.859130,city
71443,LOVES TRAVEL STOP #810,US-33 & SR-540,Bellefontaine,OH,411,3.35233,1,3.35233,3.35233,40.361160,-83.759660,city
71444,One9 #1318,"I-44, Exit 88",Strafford,MO,416,2.98567,1,2.98567,2.98567,37.268380,-93.117130,city
71445,SPEEDWAY #1051,I-90 & I-94 Exit 69,Mauston,WI,420,3.29900,1,3.29900,3.29900,43.797190,-90.077350,city
71446,SPEEDWAY #4221,I-80 Exit 292,Davenport,IA,320,3.74900,1,3.74900,3.74900,41.523640,-90.577640,city
71447,KWIK TRIP #612,SR-116,Winneconne,WI,582,3.53233,1,3.53233,3.53233,44.110820,-88.712610,city
71449,MAVERIK COUNTRY STORE #628,I-15 & CR-215,Las Vegas,NV,910,3.35567,1,3.35567,3.35567,36.174970,-115.137220,city
71450,MAVERIK COUNTRY STORE #664,I-25 EXIT 203,Los Lunas,NM,580,3.20233,1,3.20233,3.20233,34.806170,-106.733360,city
71452,ALLSUPS CONVENIENCE STORE #2016,SR-214 & SR-114,Morton,TX,700,3.39900,1,3.39900,3.39900,33.725100,-102.759380,city
71453,ALLSUPS CONVENIENCE STORE #2025,US-285,Roswell,NM,593,3.28567,1,3.28567,3.28567,33.394370,-104.524910,city
71454,ALLSUPS CONVENIENCE STORE #2036,SR-18,Hobbs,NM,593,3.39900,1,3.39900,3.39900,32.702610,-103.136040,city
71455,ALLSUPS CONVENIENCE STORE #2043,US-62,Idalou,TX,700,2.96567,1,2.96567,2.96567,33.666470,-101.682940,city
71456,ALLSUPS CONVENIENCE STORE #2058,"I-40, Exit 332 & SR-209",Tucumcari,NM,585,3.35500,1,3.35500,3.35500,35.171910,-103.726860,city
71457,ALLSUPS CONVENIENCE STORE #2075,US-70 & SR-6,Crowell,TX,770,3.19900,1,3.19900,3.19900,33.983970,-99.724820,city
71458,ALLSUPS CONVENIENCE STORE #2082,SR-70,Spur,TX,700,3.19900,1,3.19900,3.19900,33.476480,-100.855690,city
71460,ALLSUPS CONVENIENCE STORE #2101,SR-136,Fritch,TX,585,3.14900,1,3.14900,3.14900,35.639770,-101.603230,city
71461,ALLSUPS CONVENIENCE STORE #2111,US-87 &,Texline,TX,585,2.96567,1,2.96567,2.96567,36.377810,-103.024100,city
71462,ALLSUPS CONVENIENCE STORE #2138,CR-61,Hobbs,NM,593,3.38233,1,3.38233,3.38233,32.702610,-103.136040,city
71463,ALLSUPS CONVENIENCE STORE #2146,SR-18,Hobbs,NM,593,3.21233,1,3.21233,3.21233,32.702610,-103.136040,city
71464,ALLSUPS CONVENIENCE STORE #2153,US-277,Haskell,TX,575,3.53900,1,3.53900,3.53900,33.157600,-99.733700,city
71465,ALLSUPS CONVENIENCE STORE #2173,US-20,Sweetwater,TX,575,2.84567,1,2.84567,2.84567,32.470950,-100.405940,city
71466,ALLSUPS CONVENIENCE STORE #2185,US-380 & 9TH ST,Aspermont,TX,575,3.36567,1,3.36567,3.36567,33.133430,-100.227330,city
71467,ALLSUPS CONVENIENCE STORE #2192,SR-86 & SR-207,Silverton,TX,585,3.15900,1,3.15900,3.15900,34.474230,-101.304610,city
71468,ALLSUPS CONVENIENCE STORE #2212,SR-6,Stamford,TX,575,3.12900,1,3.12900,3.12900,32.945390,-99.802870,city
71469,ALLSUPS CONVENIENCE STORE #2227,SR-114,Morton,TX,700,3.39900,1,3.39900,3.39900,33.725100,-102.759380,city
71470,ALLSUPS CONVENIENCE STORE #2267,"I-20, EXIT 42 & CR-761",Pecos,TX,710,3.37900,1,3.37900,3.37900,31.422910,-103.493230,city
71471,ALLSUPS CONVENIENCE STORE #2269,SR-524 & CR-658,Carlsbad,NM,593,3.24900,1,3.24900,3.24900,32.420670,-104.228840,city
71472,ALLSUPS CONVENIENCE STORE #2276,HWY 84 & CR-466,Hermleigh,TX,612,2.97233,1,2.97233,2.97233,32.635110,-100.759280,city
71473,ALLSUPS CONVENIENCE STORE #2378,US-BUS 287 & SR-25,Electra,TX,770,2.99900,1,2.99900,2.99900,34.029260,-98.918960,city
71474,PILOT #1292,US-290 & SR-21,Paige,TX,765,3.49900,1,3.49900,3.49900,30.210210,-97.114990,city
71476,KWIK TRIP #493,US HWY 12,Whitewater,WI,420,3.49900,1,3.49900,3.49900,42.833620,-88.732330,city
71477,KWIK TRIP #1141,SR 54,Luxemburg,WI,582,3.48233,1,3.48233,3.48233,44.538610,-87.703980,city
71478,RACEWAY #6970,SR-1 & Coker Rd,Rome,GA,193,3.19900,1,3.19900,3.19900,34.257040,-85.164670,city
71479,RACETRAC #118,I-575 & SR-15,Jasper,GA,193,3.30900,1,3.30900,3.30900,34.467870,-84.429090,city
71480,Loves Travel Stop #836,US-87,Dalhart,TX,585,3.43567,1,3.43567,3.43567,36.059480,-102.513250,city
71481,Loves Travel Stop #843,"I-29, Exit 187",Drayton,ND,341,3.56567,1,3.56567,3.56567,48.571100,-97.177850,city
71482,LOVES TRAVEL STOP #789,"I-15, Exit 277",Great Falls,MT,815,3.77233,1,3.77233,3.77233,47.500240,-111.300810,city
71484,CIRCLE K #2745064,"I-75/SR-401, EXIT 101 & US-280/SR-30",Cordele,GA,10,2.99900,1,2.99900,2.99900,31.963510,-83.782390,city
71485,Circle K #2709088,US-521 & SR-9,Lancaster,SC,46,3.29900,1,3.29900,3.29900,34.720430,-80.770900,city
71486,HUCKS FOOD & FUEL #338 DBA PILOT DEALER #1294,US-50/US-150 & US-41 BUS,Vincennes,IN,510,3.95900,2,3.95900,3.95900,38.677270,-87.528630,city
71487,LOVES TRAVEL STOPS #835,"I-15, EXIT 163 & SR-99",Fillmore,UT,835,3.64200,2,3.59900,3.68500,38.968850,-112.323550,city
71488,LOVES TRAVEL STOP #816,"I-90, EXIT 284",Kimball,SD,506,3.57067,1,3.57067,3.57067,43.746670,-98.958430,city
71490,LOVES TRAVEL STOP #818,"I-20, EXIT 205 & SR-46",Heflin,AL,615,3.20733,1,3.20733,3.20733,33.648990,-85.587460,city
71491,SPEEDWAY #1520,"I-55, EXIT 58 & SR-80",Matthews,MO,460,3.18900,1,3.18900,3.18900,36.759220,-89.586750,city
71492,LOVES TRAVEL STOP #839,"I-64, EXIT 92",Leavenworth,IN,415,3.94900,1,3.94900,3.94900,38.199790,-86.344140,city
71493,NEW TRAVEL PLAZA,I-20 EXIT 86,Ruston,LA,590,3.06567,1,3.06567,3.06567,32.523210,-92.637930,city
71494,SPEEDWAY/7FLEET #7008,"I-90, EXIT 48A & SR-77",Corfu,NY,190,3.88900,1,3.88900,3.88900,42.960060,-78.405580,city
71495,SPEEDWAY #1212,"I-65, EXIT 99 & US-31",Greenwood,IN,375,3.59733,1,3.59733,3.59733,39.613660,-86.106650,city
71496,SPEEDWAY/7fleet #1052,US-30 & SR-57,Orrville,OH,249,3.49900,1,3.49900,3.49900,40.843670,-81.764020,city
71498,KWIK TRIP #1143,US HWY 45,Antigo,WI,395,3.50733,1,3.50733,3.50733,45.140250,-89.152340,city
71499,KWIK TRIP #1130,US HWY 151/18,Mount Horeb,WI,420,3.58900,1,3.58900,3.58900,43.008610,-89.738460,city
71500,KWIK TRIP #1114,SR-35,Holmen,WI,515,3.33067,1,3.33067,3.33067,43.963300,-91.256250,city
71502,ROAD RANGER #281,I-20 EXIT 332,Cisco,TX,575,3.14067,1,3.14067,3.14067,32.388190,-98.979230,city
71503,LOVES TRAVEL STOP #093,US-80 & US-400/US-50,Garden City,KS,525,3.72900,1,3.72900,3.72900,37.971690,-100.872660,city
71504,MAVERIK COUNTRY STORE #378,"I-84/I-15, EXIT 346 & SR-126",Ogden,UT,835,3.37900,1,3.37900,3.37900,41.223000,-111.973830,city
71505,KWIK TRIP #1029,I-43 & SR-20,East Troy,WI,444,3.17400,1,3.17400,3.17400,42.785290,-88.405100,city
71506,KWIK STAR #1165,SR-60,Sibley,IA,433,3.22400,1,3.22400,3.22400,43.399140,-95.751960,city
71509,MAPLEFIELDS IRVING,I-91 & US-2,Saint Johnsbury,VT,39,3.59900,1,3.59900,3.59900,44.425260,-72.015120,city
71510,RACETRAC #2601,"I-64, Exit 58",Frankfort,KY,410,2.91900,1,2.91900,2.91900,38.200910,-84.873280,city
71511,RACETRAC #2592,US HWY 29,Athens,GA,16,3.31233,1,3.31233,3.31233,33.960950,-83.377940,city
71512,RACETRAC #2603,Country Road 527,Orlando,FL,140,3.29900,1,3.29900,3.29900,28.538340,-81.379240,city
71514,LOVES TRAVEL STOP #817,SR-136,Santa Teresa,NM,640,3.26233,1,3.26233,3.26233,31.855940,-106.639160,city
71515,LOVES TRAVEL STOP #824,"I-64 & SR-37, Exit 80",Mount Vernon,IL,574,3.44400,4,3.34900,3.58900,38.317270,-88.903120,city
71516,LOVES TRAVEL STOP #833,"I-90, EXIT 61 & US-20",Ripley,NY,38,3.87900,1,3.87900,3.87900,42.267000,-79.710600,city
71517,7-ELEVEN #41905,I-85 & CR-2120,Salisbury,NC,46,3.74900,1,3.74900,3.74900,35.670970,-80.474230,city
71518,SPEEDWAY/7Fleet #9305,SR-18 & SR-1,Forrest City,AR,460,3.17400,1,3.17400,3.17400,35.008150,-90.789830,city
71519,SPEEDWAY #1506,US-231 & SR-271,Montgomery,AL,720,3.04233,1,3.04233,3.04233,32.366810,-86.299970,city
71520,KWIK TRIP #1104,SR-35/65 & SR-29,River Falls,WI,451,3.40567,1,3.40567,3.40567,44.861360,-92.623810,city
71521,KWIK TRIP #1065,US-12 & SR-89,Whitewater,WI,420,3.42400,1,3.42400,3.42400,42.833620,-88.732330,city
71522,Y NOT STOP BARBER SPUR,SR-10 & SR-13,Ville Platte,LA,730,3.49900,1,3.49900,3.49900,30.687970,-92.271520,city
71523,QUIKTRIP #7170,I-59 EXIT 77,Cottondale,AL,615,2.91567,1,2.91567,2.91567,31.205180,-85.381880,city
71524,Loves Travel Stop #813,"I-77, Exit 112",North Canton,OH,249,3.62733,1,3.62733,3.62733,40.875890,-81.402340,city
71525,LOVES TRAVEL STOP #796,"I-40, EXIT 432B & U-25W/US-411/US-70",Newport,TN,405,3.68900,1,3.68900,3.68900,35.967040,-83.187660,city
71526,LOVES TRAVEL STOP #820,"I-90, EXIT 41 & SR-414",Waterloo,NY,190,4.14900,1,4.14900,4.14900,42.904790,-76.862740,city
71527,D & C FUEL EAST,US-6/SR-92,Tunkhannock,PA,200,3.69900,1,3.69900,3.69900,41.538690,-75.946590,city
71528,GOOD 2 GO #218,I-90 EXIT 25 & US-14,Sheridan,WY,836,3.44233,1,3.44233,3.44233,44.797190,-106.956180,city
71529,Kwik Trip #1161,US-BUS 53,Eau Claire,WI,295,3.40733,1,3.40733,3.40733,44.811350,-91.498490,city
71531,BERT'S TRAVEL PLAZA,SR-33,Wellsville,KS,400,3.31567,1,3.31567,3.31567,38.718340,-95.081640,city
71534,GOLDEN GATE - YERINGTON,SR-339 & US-95 ALT,Yerington,NV,966,3.71567,1,3.71567,3.71567,38.985750,-119.162930,city
71535,GOLDEN GATE BATTLE MOUNTAIN,"I-80, EXIT 233",Battle Mountain,NV,966,3.33900,1,3.33900,3.33900,40.642130,-116.934270,city
71536,PILOT TRAVEL CENTERS  #1106,"I-25/US-85, EXIT 215 & SR-47",Albuquerque,NM,580,3.56567,1,3.56567,3.56567,35.084490,-106.651140,city
71542,CIRCLE K #2706625,US-85,Eaton,CO,795,3.39900,1,3.39900,3.39900,40.530260,-104.711350,city
71543,THE SOCO GROUP #4,SR-111,El Centro,CA,900,4.83900,1,4.83900,4.83900,32.792000,-115.563050,city
71555,Kwik Trip #307,SR-35/US-18,Prairie Du Chien,WI,335,3.59900,1,3.59900,3.59900,43.051650,-91.141240,city
71556,KWIK TRIP #1167,"HWY 29, EXIT 108",Thorp,WI,295,3.45233,1,3.45233,3.45233,44.961080,-90.799860,city
71557,MUSKOGEE TRAVEL PLAZA,US-69,Muskogee,OK,560,3.01567,1,3.01567,3.01567,35.747880,-95.369690,city
71558,ALLSUPS #2384,US-60,Friona,TX,585,2.99400,1,2.99400,2.99400,34.641730,-102.724100,city
71559,ALLSUPS CONVENIENCE STORE #2228,US-83 & CR-613,Tuscola,TX,575,2.91733,1,2.91733,2.91733,32.209580,-99.796750,city
71560,CIRCLE K #2709675,"I-25, EXIT 41 & SR-543/SR-26",Hatch,NM,640,3.79900,1,3.79900,3.79900,32.665360,-107.153070,city
71561,ABBOTTS TRAVEL CENTER,I-35 EXIT 359,Abbott,TX,765,3.06567,1,3.06567,3.06567,31.884880,-97.073340,city
71562,PILOT #1317,I-90 EXIT 28,Fultonville,NY,12,3.99900,1,3.99900,3.99900,42.947850,-74.370410,city
71563,Kwik Star #1081,SR-9,Decorah,IA,515,3.57900,1,3.57900,3.57900,43.303310,-91.785710,city
71564,GRAB N GO,SR-200 & SR-22,Killdeer,ND,273,3.54900,1,3.54900,3.54900,47.371960,-102.754080,city
71565,CIRCLE K #2741253,"SR 375, Exit 39",El Paso,TX,640,3.19567,1,3.19567,3.19567,31.758720,-106.486930,city
71566,Mankato Travel Center,US HWY 14 & SR 22,Mankato,MN,425,3.49900,1,3.49900,3.49900,44.159060,-94.009150,city
71567,PRIDE CONVENIENCE STORE,"I-91, EXIT 40 & SR-20",East Granby,CT,100,3.64900,1,3.64900,3.64900,41.941210,-72.727320,city
71568,QUIKTRIP #294,I-35,Gardner,KS,485,2.99900,1,2.99900,2.99900,38.810840,-94.927190,city
71570,STEELE 66 TRUCK PLAZA,Hwy O & CR-425,Steele,MO,418,3.39900,1,3.39900,3.39900,36.083960,-89.829250,city
71571,RACETRAC #2587,I-75 & US-98,Brooksville,FL,140,3.29900,1,3.29900,3.29900,28.555540,-82.389910,city
71572,7-ELEVEN #41525,US-460 & SR-630,Disputanta,VA,180,2.99900,1,2.99900,2.99900,37.124320,-77.225810,city
71573,RACETRAC #2588,I-4 & US-301,Tampa,FL,225,3.29900,1,3.29900,3.29900,27.947520,-82.458430,city
71574,RACETRAC #2594,US-441,Dublin,GA,85,2.99900,1,2.99900,2.99900,32.540440,-82.903750,city
71575,Racetrac #2308,SR-161,Irving,TX,630,2.93567,1,2.93567,2.93567,32.814020,-96.948890,city
71576,RACETRAC #2429,SR-161,Irving,TX,630,2.90067,1,2.90067,2.90067,32.814020,-96.948890,city
71577,TOOT N TOTUM #130,US-87 & Dorsey Rd,Clayton,NM,585,3.19900,1,3.19900,3.19900,36.451690,-103.184100,city
71578,RACETRAC #2595,I-65 EXIT 284,Alabaster,AL,615,2.99900,1,2.99900,2.99900,33.244280,-86.816380,city
71579,KWIK TRIP #1138,SR 28,Sheboygan,WI,444,3.24233,1,3.24233,3.24233,43.750830,-87.714530,city
71580,MAVERIK COUNTRY STORE #676,"I-15/I-84, EXIT 376 & SR-13",Tremonton,UT,835,3.44400,1,3.44400,3.44400,41.711870,-112.165510,city
71582,LOVES TRAVEL STOP #847,US-601 & SR-207,Pageland,SC,46,3.38567,1,3.38567,3.38567,34.773210,-80.391730,city
71583,CIRCLE K #2706993,SR 27 N,Lake Wales,FL,225,3.79900,1,3.79900,3.79900,27.901410,-81.585910,city
71586,ALLTOWN FRESH,US-9 & SR-23,Livingston,NY,12,3.67900,2,3.65900,3.69900,42.142030,-73.777910,city
71590,TA SPRINGER,I-25 EXIT 419,Springer,NM,580,3.52900,1,3.52900,3.52900,36.361140,-104.595270,city
71592,THE WOODSHED,US-59 & SR-10,Welch,OK,307,3.09900,1,3.09900,3.09900,36.873690,-95.095800,city
71594,BP,US-20 & SR13,Middlebury,IN,465,3.79900,1,3.79900,3.79900,41.675330,-85.706100,city
71595,Hucks Market #100,US-36,Hannibal,MO,494,3.13233,1,3.13233,3.13233,39.708380,-91.358480,city
71596,ALLSUPS #2379,US-70/US-380,Tinnie,NM,700,3.35900,1,3.35900,3.35900,33.370650,-105.226370,city
71597,Allsups #2380,US-84,Sudan,TX,700,3.19900,1,3.19900,3.19900,34.067860,-102.524360,city
71598,Allsups #2381,SR-199,Azle,TX,630,2.91900,1,2.91900,2.91900,32.895130,-97.545860,city
71600,TA EXPRESS #290,"I-45, EXIT 198 & FM-27",Fairfield,TX,765,3.43900,1,3.43900,3.43900,31.724610,-96.165250,city
71601,Circle K #2723479,"I-40, EXIT 306B & US-70",Garner,NC,205,3.36900,1,3.36900,3.36900,35.711260,-78.614170,city
71603,FLYERS #3223,US-70/191,Safford,AZ,980,3.86233,1,3.86233,3.86233,32.833950,-109.707580,city
71604,MAVERIK COUNTRY STORE #669,"I-80, Exit 113 & SR-172",Salt Lake City,UT,835,3.44567,1,3.44567,3.44567,40.760780,-111.891050,city
71605,Allsups Convenience Store #2377,US-70 & US-54,Alamogordo,NM,640,3.06233,1,3.06233,3.06233,32.899530,-105.960270,city
71606,Allsups #2396,HWY 62 82 179,Wolfforth,TX,700,2.91567,1,2.91567,2.91567,33.505920,-102.009060,city
71607,Loves Travel Stop #827,"I-90, Exit 174",Moses Lake,WA,970,3.88900,1,3.88900,3.88900,47.130140,-119.278080,city
71608,Loves Travel Stop #842,"I-194, eXIT 164",Saint Cloud,MN,448,3.29067,1,3.29067,3.29067,45.560800,-94.162490,city
71609,QUIKTRIP #73,"US-75, US 62",Henryetta,OK,560,3.02567,1,3.02567,3.02567,35.439830,-95.981940,city
71610,FRIENDLY GUS #25,US-80 & SR-338,Dudley,GA,85,3.83233,1,3.83233,3.83233,32.542390,-83.070430,city
71612,RACEWAY #6898,"I-95, EXIT 373 & HWY A1A",Yulee,FL,75,3.27067,1,3.27067,3.27067,30.631900,-81.606490,city
71614,7-ELEVEN #41808,"I-85, EXIT 106 & US-29",Blacksburg,SC,210,3.35900,1,3.35900,3.35900,35.121240,-81.515920,city
71615,HUTCHS #128,US-62 & US-281/SR-8,Anadarko,OK,483,2.99900,1,2.99900,2.99900,35.072560,-98.243660,city
71616,ALLSUPS CONVENIENCE STORE #2382,"I-20, EXIT 366 & US-281",Mineral Wells,TX,630,2.94567,1,2.94567,2.94567,32.808460,-98.112820,city
71617,CIRCLE K #2709087,US-98/US-19,Chiefland,FL,75,3.58233,1,3.58233,3.58233,29.474960,-82.859840,city
71618,Loves Travel Stop #837,"I-35, Exit 52",Cameron,MO,400,3.68900,1,3.68900,3.68900,39.740280,-94.241060,city
71619,7-ELEVEN # 41365,"I-840/I-785, EXIT 18 & US-70",Greensboro,NC,65,3.19900,1,3.19900,3.19900,36.072640,-79.791980,city
71621,TOOT N TOTUM #127,"I-27, Exit 49B",Plainview,TX,585,2.89567,1,2.89567,2.89567,34.184790,-101.706840,city
71622,Circle K #2706628,SR-193 & SR-163,Theodore,AL,715,3.39233,1,3.39233,3.39233,30.547690,-88.175280,city
71623,Circle K #2706637,US-43,Grove Hill,AL,715,3.71900,1,3.71900,3.71900,31.708770,-87.777220,city
71624,MAVERIK COUNTRY STORE #681,"I-80, Exit 410",West Wendover,NV,835,3.38567,1,3.38567,3.38567,40.739100,-114.073350,city
71625,MAVERIK COUNTRY STORE #679,US-160/285 & SR-17,Alamosa,CO,803,3.34900,1,3.34900,3.34900,37.469450,-105.870020,city
71627,QUIKTRIP #1730,I-75 EXIT 185,Forsyth,GA,85,3.08900,1,3.08900,3.08900,33.034300,-83.938240,city
71628,QUIKTRIP #7171,I-65 EXIT 231,Calera,AL,615,2.99900,1,2.99900,2.99900,33.102900,-86.753600,city
71629,KWIK TRIP #1139,SR-95 & SR-65,Cambridge,MN,451,3.39900,1,3.39900,3.39900,45.572740,-93.224390,city
71630,CIRCLE K #2701524,"US-52, Exit 134 & SR-268",Pilot Mountain,NC,65,3.42900,1,3.42900,3.42900,36.386530,-80.469500,city
71631,RACEWAY #6891,SR-20 & SR-67,Decatur,AL,615,3.09900,1,3.09900,3.09900,34.605930,-86.983340,city
71632,Loves Travel Stop #819,SR-21 & SR-275,Rincon,GA,195,3.33067,1,3.33067,3.33067,32.296030,-81.235390,city
71634,76,"US HWY 278, US HWY 45",Tupelo,MS,742,3.14900,1,3.14900,3.14900,34.258070,-88.704640,city
71635,Racetrac #2610,US-231,Murfreesboro,TN,460,3.04900,1,3.04900,3.04900,35.845620,-86.390270,city
71636,RACETRAC #2580,US-41 & SR-268,Murfreesboro,TN,460,3.03233,1,3.03233,3.03233,35.845620,-86.390270,city
71637,HORSESHOE #4,SR-114,Smyer,TX,700,2.95900,1,2.95900,2.95900,33.584260,-102.163230,city
71638,QUIKTRIP #4032,"I-35, EXIT 176",Schertz,TX,740,2.91567,1,2.91567,2.91567,29.552170,-98.269730,city
71639,PAR MAR FOOD STORE #13,"I-77, EXIT 1 & SR-7",Hannibal,OH,430,3.89900,1,3.89900,3.89900,39.667300,-80.872040,city
71640,RACETRAC #2544,SR-81 & SR-316,Bethlehem,GA,16,3.31233,1,3.31233,3.31233,33.932060,-83.713780,city
71641,76,I-17,Phoenix,AZ,930,3.23233,1,3.23233,3.23233,33.448380,-112.074040,city
71642,MAVERIK COUNTRY STORE #398,HWY 89 & LAKE POWELL BLVD,Page,AZ,930,3.45567,1,3.45567,3.45567,36.914720,-111.455830,city
71643,Pilot #1319,I-35 Exit 30,Alvarado,TX,630,3.20567,1,3.20567,3.20567,32.406530,-97.211680,city
71644,CHISUM TRAVEL CENTER #38,I-20 EXIT 210,Colorado City,TX,612,2.92567,1,2.92567,2.92567,32.388170,-100.864560,city
71646,SPEEDWAY #6542,"I-10, Exit 192",Midway,FL,155,3.59900,1,3.59900,3.59900,30.406480,-87.005530,city
71647,QUIKTRIP #667,I-44 Exit 189,Rolla,MO,392,2.98233,1,2.98233,2.98233,37.951430,-91.771270,city
71648,QUIKTRIP #7149,I-24 Exit 8,Clarksville,TN,460,2.91567,1,2.91567,2.91567,36.529770,-87.359450,city
71649,Allsups Convenience Store #2385,US-183 & US-180,Breckenridge,TX,575,3.30733,1,3.30733,3.30733,32.755680,-98.902290,city
71650,ALLSUPS CONVENIENCE STORE #2405,SR-208 & SR-158,Robert Lee,TX,612,3.26567,1,3.26567,3.26567,31.892370,-100.484820,city
71651,QUIKTRIP #4151,"I-35, Exit 220",Buda,TX,595,2.91567,1,2.91567,2.91567,30.085210,-97.840280,city
71652,CIRCLE K #4705575,SR-261,Akron,OH,249,3.76900,1,3.76900,3.76900,41.081440,-81.519010,city
71653,MAVERIK COUNTRY STORE #701,US-160,Durango,CO,614,3.29900,1,3.29900,3.29900,37.275280,-107.880070,city
71654,LOVES TRAVEL STOP  #851,"I-39/US-51, EXIT 111 & SR-72",Monroe Center,IL,520,3.74900,1,3.74900,3.74900,42.098360,-89.000650,city
71655,79 ONE STOP,SR-62 & SR-37,Saint Croix,IN,415,3.49900,1,3.49900,3.49900,38.223950,-86.586370,city
71656,CASEYS #3268,US-59 & SR-119,Appleton,MN,522,3.44567,1,3.44567,3.44567,45.196910,-96.019770,city
71657,CASEYS #2855,US HWY 63,Cabool,MO,535,3.25900,1,3.25900,3.25900,37.123940,-92.101270,city
71659,Loves Travel Stop #646,"I-84, Exit 71",Willington,CT,100,4.35900,1,4.35900,4.35900,41.485930,-72.355360,city
71661,Loves Travel Stop #822,"I-40,  Exit 57 & S Crawford St",Clarksville,AR,695,3.39233,1,3.39233,3.39233,35.471470,-93.466570,city
71662,PUMP & PANTRY #33,SR-22/39,Genoa,NE,330,3.28900,1,3.28900,3.28900,41.448620,-97.730610,city
71663,Allsups #2388,I-27 & SR-217,Canyon,TX,585,2.90067,1,2.90067,2.90067,34.980330,-101.918800,city
71664,RUTTERS #95,SR-9,Martinsburg,WV,22,3.99900,1,3.99900,3.99900,39.456210,-77.963890,city
71666,Circle K#2746513,SR-13/SIOUX TRL,Savage,MN,448,3.79900,1,3.79900,3.79900,44.779130,-93.336340,city
71667,7-Eleven #38986,"I-75, EXIT 301 & US-98",Brooksville,FL,225,3.39900,1,3.39900,3.39900,28.555540,-82.389910,city
71668,7-ELEVEN #41572,I-77 & US-70,Statesville,NC,46,2.85900,1,2.85900,2.85900,35.782640,-80.887300,city
71672,7-ELEVEN #41573,US-67,Glen Rose,TX,765,3.58900,1,3.58900,3.58900,32.234590,-97.755310,city
71673,7-ELEVEN #41792,"I-85, EXIT 27",Anderson,SC,30,2.95900,1,2.95900,2.95900,34.503440,-82.650130,city
71674,Kwik Trip #1177,SR-65,Cambridge,MN,451,3.42400,1,3.42400,3.42400,45.572740,-93.224390,city
71676,CIRCLE K #4702409,US-52,Lafayette,IN,375,3.15733,1,3.15733,3.15733,40.416700,-86.875290,city
71679,TOOT N TOTUM #22,FM 1541 & FM 1151,Amarillo,TX,585,2.96733,1,2.96733,2.96733,35.222000,-101.831300,city
71680,Alexs Shelby Truck Stop,US HWY 278 & SR 32,Shelby,MS,655,3.19900,1,3.19900,3.19900,33.950940,-90.767880,city
71681,WASPYS TRUCK STOP,US-71,Audubon,IA,319,3.31567,1,3.31567,3.31567,41.718040,-94.932490,city
71682,Gas N Wash,"SR 83, SR 50, I-294",Alsip,IL,365,3.39900,3,3.29900,3.49900,41.668920,-87.738660,city
71683,GAS N WASH,US HWY 6,Joliet,IL,365,3.79900,1,3.79900,3.79900,41.525190,-88.083400,city
71685,ON THE ROAD 110,US-59,Diboll,TX,618,3.19900,1,3.19900,3.19900,31.187130,-94.781040,city
71686,Allsups #2391,I-20 Exit 269,Merkel,TX,575,2.87567,1,2.87567,2.87567,32.470680,-100.012870,city
71687,ALLSUPS #2386,I-20 EXIT 216,Colorado City,TX,612,2.94233,1,2.94233,2.94233,32.388170,-100.864560,city
71688,KWIK TRIP #1151,"I-90, EXIT 183 & CR-BT",Beloit,WI,420,3.37400,1,3.37400,3.37400,42.508350,-89.031780,city
71689,KWIK TRIP #1108,"I-41/US-45, EXIT 52 & SR-164",Colgate,WI,444,3.24733,1,3.24733,3.24733,43.193060,-88.206760,city
71691,ALLSUPS #2399,US-287 & SR-207,Claude,TX,585,2.92900,1,2.92900,2.92900,35.111720,-101.363220,city
71692,GXP #200,"I-85/SR-403, EXIT 140 & SR-82",Jefferson,GA,16,3.23900,1,3.23900,3.23900,34.117050,-83.572390,city
71694,J&H Family Store,"I-96, Exit 19",Coopersville,MI,456,3.54900,2,3.49900,3.59900,43.063910,-85.934770,city
71695,KWIK TRIP #1126,US-14/US-61,La Crosse,WI,444,3.38400,1,3.38400,3.38400,43.801360,-91.239580,city
71696,SUPER SAVE #10,I-220 EXIT 1A,Shreveport,LA,745,3.19900,1,3.19900,3.19900,32.525150,-93.750180,city
71697,LOVES TRAVEL STOP #829,I-80 EXIT 81,Brookville,PA,14,4.01900,1,4.01900,4.01900,41.161170,-79.083090,city
71698,Kwik Star #1142,hwy 6,Iowa City,IA,380,3.13400,1,3.13400,3.13400,41.661130,-91.530170,city
71699,KWIK TRIP #597,"I-94, EXIT 344 & SR-31",Kenosha,WI,444,3.74400,1,3.74400,3.74400,42.584740,-87.821190,city
71700,ARCO,US-19/US-98/US-27Alt & CR-30A,Perry,FL,75,3.69900,1,3.69900,3.69900,30.117660,-83.582740,city
71701,CIRCLE K #2746510,SR 32,De Pere,WI,360,3.34900,1,3.34900,3.34900,44.448880,-88.060380,city
71702,SHOP AND SAVE,US-220 & CR-734,Ridgeway,VA,65,3.90900,1,3.90900,3.90900,36.989310,-79.482530,city
71704,QUIKTRIP #962,"I-30, Exit 61A",Garland,TX,630,2.89733,1,2.89733,2.89733,32.912620,-96.638880,city
71705,STRIPES #41980,"I-37, EXIT 11A",Corpus Christi,TX,625,3.19900,1,3.19900,3.19900,27.800580,-97.396380,city
71706,QUIKTRIP #1176,I-77Exit 2,West Columbia,SC,135,3.30900,1,3.30900,3.30900,33.993490,-81.073980,city
71707,QUARLES #4437,US HWY 30,Lancaster,PA,208,3.99900,1,3.99900,3.99900,40.037880,-76.305510,city
71708,QUARLES #4936,I-95 Exit 69,Richmond,VA,180,3.69900,1,3.69900,3.69900,37.553760,-77.460260,city
71709,MAPCO EXPRESS #7553,SR 153 EXIT 2,Chattanooga,TN,285,2.99400,1,2.99400,2.99400,35.045630,-85.309680,city
71710,KWIK STAR #1180,SR-141,Perry,IA,320,3.06067,1,3.06067,3.06067,41.838600,-94.107180,city
71712,MAVERIK COUNTRY STORE #693,"I-70, Exit 160 & hwy 191",Green River,UT,810,3.28233,1,3.28233,3.28233,38.995250,-110.161800,city
71713,Pilot Dealer #1383,"I-555, Exit 39",Jonesboro,AR,435,3.46400,2,3.43900,3.48900,35.842300,-90.704280,city
71714,RACETRAC #2576,SR-997 & SR-994,Miami,FL,95,3.28733,1,3.28733,3.28733,25.774270,-80.193660,city
71715,Allsups Convenience Store #2401,US-87,San Angelo,TX,612,3.19567,1,3.19567,3.19567,31.463770,-100.437040,city
71716,Allsups #2404,US-62,Carlsbad,NM,593,3.19400,1,3.19400,3.19400,32.420670,-104.228840,city
71717,Kwik Trip #1199,US-14,Darien,WI,345,3.19900,1,3.19900,3.19900,42.601680,-88.707600,city
71718,KWIK STAR #1158,US-30,Ames,IA,320,3.17400,1,3.17400,3.17400,42.034710,-93.619940,city
71719,LOVES TRAVEL STOP #832,"I-35, EXIT 129",Forest Lake,MN,515,3.36233,1,3.36233,3.36233,45.278860,-92.985220,city
71721,HUCKS FOOD & FUEL #314,US-50/150,Washington,IN,510,3.46233,1,3.46233,3.46233,38.659220,-87.172790,city
71722,MAVERIK #5392,FM-16,Keenesburg,CO,800,3.15400,1,3.15400,3.15400,40.108320,-104.519960,city
71723,ALLSUPS CONVENIENCE #2398,SR-70,Pampa,TX,585,3.07900,1,3.07900,3.07900,35.536160,-100.959870,city
71724,ALLSUPS CONVENIENCE #2403,US-180,Mineral Wells,TX,630,3.00567,1,3.00567,3.00567,32.808460,-98.112820,city
71725,Allsups Convenience Store #2406,US-67,Rankin,TX,710,3.49900,1,3.49900,3.49900,31.222650,-101.937910,city
71726,Kwik Trip #1152,US HWY 169,Saint Peter,MN,425,3.72400,1,3.72400,3.72400,44.323580,-93.958010,city
71735,Loves Travel Stop #811,US-395,Pasco,WA,925,4.58900,2,4.58900,4.58900,46.239580,-119.100570,city
71736,Racetrac #2312,US-41/SR-92,Acworth,GA,18,3.20900,1,3.20900,3.20900,34.066350,-84.678370,city
71737,RACETRAC #2605,"I-295, EXIT 25",Jacksonville,FL,75,3.24900,1,3.24900,3.24900,30.332180,-81.655650,city
71738,KWIK TRIP #1196,"US-151, EXIT 21",Platteville,WI,335,3.51400,1,3.51400,3.51400,42.734160,-90.478460,city
71739,TA EXPRESS #418,"I-16/SR-404, EXIT 116 & US-301/25",Register,GA,135,3.28567,1,3.28567,3.28567,32.367120,-81.884000,city
71740,SPRINT FOODS #735,US-78/US-1 & SR-19,Aiken,SC,135,3.17233,1,3.17233,3.17233,33.560420,-81.719550,city
71741,SPRINT FOOD STORE #733,"I-20, EXIT 183 & US-221",Harlem,GA,135,3.59900,1,3.59900,3.59900,33.414580,-82.312620,city
71769,DUCK THRU FOOD STORE #60,US HWY 64,Spring Hope,NC,205,3.46900,1,3.46900,3.46900,35.945150,-78.111930,city
71770,ONVO TRAVEL PLAZA,"I-81, Exit 155",Mountain Top,PA,200,3.58733,1,3.58733,3.58733,41.169530,-75.877420,city
71771,BREAK TIME #3170,SR-13 & HWY-T,Bolivar,MO,535,3.37400,1,3.37400,3.37400,37.614480,-93.410470,city
71772,Kwik Trip #1137,US-8,Saint Croix Falls,WI,451,3.52400,1,3.52400,3.52400,45.409960,-92.639650,city
71773,KWIK STAR #710,US-30 EXIT-202,Toledo,IA,565,3.39900,1,3.39900,3.39900,41.995550,-92.576860,city
71774,CASEYS #4292,1020 5TH ST,Carrollton,IL,574,3.31900,3,3.23900,3.42900,39.302270,-90.407060,city
71775,Caseys #3950,US-270 & US-54,Liberal,KS,525,3.31900,1,3.31900,3.31900,37.043080,-100.921000,city
71776,QUIKTRIP #7172,"I-85/US-29, EXIT 58 & SR-169",Opelika,AL,50,2.99900,1,2.99900,2.99900,32.645410,-85.378280,city
71779,TCI PHOENIX,"I-10, EXIT 138 & US-202, EXIT 76",Phoenix,AZ,930,2.92233,1,2.92233,2.92233,33.448380,-112.074040,city
71784,7-ELEVEN #41750,I-4 & SR-33,Lakeland,FL,225,3.28900,1,3.28900,3.28900,28.039470,-81.949800,city
71785,7-ELEVEN #41266,I-81 & SR-924,Hazleton,PA,200,3.83900,1,3.83900,3.83900,40.958420,-75.974650,city
71786,SHEETZ #751,I-76 EXIT 91,Donegal,PA,165,3.25900,1,3.25900,3.25900,40.112570,-79.382540,city
71787,PUMP & PANTRY #55,US-159 & US-73,Falls City,NE,486,3.23900,1,3.23900,3.23900,40.060840,-95.601930,city
71792,KWIK TRIP #1147,US-71 & SR-60,Windom,MN,425,3.34900,1,3.34900,3.34900,43.866350,-95.116940,city
71793,QUARLES #4602,"SR-267, EXIT 8B & SR-606",Sterling,VA,60,3.65900,1,3.65900,3.65900,39.006220,-77.428600,city
71794,KWIK TRIP #1174,US-51 & US-2,Ironwood,MI,334,3.28300,5,3.13900,3.47900,46.454670,-90.171010,city
71795,CIRCLE  K #2654290,I-85 EXIT 13,Lagrange,GA,50,3.89900,1,3.89900,3.89900,33.039290,-85.031330,city
71797,KWIK STAR #1186,"I-80/US-6, EXIT 142 & US-65",Altoona,IA,320,3.19900,1,3.19900,3.19900,41.644160,-93.464660,city
71798,Space Age #202,"I-5, EXIT 52",Castle Rock,WA,935,3.65900,1,3.65900,3.65900,46.275110,-122.907610,city
71800,Stuckeys Travel Plaza,"I-44, EXIT 179",Newburg,MO,535,2.97233,1,2.97233,2.97233,37.914210,-91.902660,city
71801,Love's Travel Stop #869,US HWY 75,Le Mars,IA,527,3.45567,1,3.45567,3.45567,42.794160,-96.165580,city
71802,ALLSUPS #2407,I-10 EXIT 259,Fort Stockton,TX,710,3.02900,1,3.02900,3.02900,30.894040,-102.879320,city
71803,KENT KWIK #321,I-20 EXIT 143,Midland,TX,710,2.94067,1,2.94067,2.94067,31.997350,-102.077910,city
71804,GAS N WASH,I-88 EXIT 114,Montgomery,IL,290,3.59900,1,3.59900,3.59900,41.730580,-88.345900,city
71805,RACETRAC #2583,I-24E,La Vergne,TN,460,2.89900,1,2.89900,2.89900,36.015620,-86.581940,city
71806,RACETRAC #2600,SR-70,Okeechobee,FL,140,3.29900,1,3.29900,3.29900,27.243930,-80.829780,city
71807,KWIK TRIP #1270,SR-172,Green Bay,WI,582,3.29067,1,3.29067,3.29067,44.519160,-88.019830,city
71808,WEIGELS #100,SR 153,Chattanooga,TN,405,3.01567,1,3.01567,3.01567,35.045630,-85.309680,city
71811,7-ELEVEN #41826,SR-722 & SR-283,Lancaster,PA,70,4.12900,1,4.12900,4.12900,40.037880,-76.305510,city
71812,KWIK TRIP #1198,I-43 & Hwy AA,Oostburg,WI,444,3.24233,1,3.24233,3.24233,43.622770,-87.794530,city
71813,Kweik Star #1156,SR-150 & SR-3,Oelwein,IA,565,3.58233,1,3.58233,3.58233,42.673320,-91.913500,city
71814,TEX-BEST #531,US-90,Uvalde,TX,740,2.87400,1,2.87400,2.87400,29.209680,-99.786170,city
71815,MAVERIK COUNTRY STORE #688,I-15 EXIT 339,Ogden,UT,835,3.38567,1,3.38567,3.38567,41.223000,-111.973830,city
71816,MAVERIK COUNTRY STORE #694,I-15 EXIT 222,Nephi,UT,835,3.40567,1,3.40567,3.40567,39.710230,-111.836320,city
71817,KWIK TRIP #1128,US-12,Altoona,WI,295,3.33233,1,3.33233,3.33233,44.804680,-91.443210,city
71818,TA EXPRESS RIVERTON #433,I-72 EXIT 108,Riverton,IL,318,3.43900,3,3.40900,3.46900,39.844220,-89.539540,city
71822,DK,SR 176,Lenorah,TX,612,3.53233,1,3.53233,3.53233,32.304560,-101.876250,city
71823,MARKER 126,US HWY 20,Duncombe,IA,343,3.05900,1,3.05900,3.05900,42.470530,-93.993560,city
71824,QuikTrip #4052,US 181 S,San Antonio,TX,740,2.92233,1,2.92233,2.92233,29.424120,-98.493630,city
71826,KWIK TRIP #1183,US-2,Bessemer,MI,334,3.28300,5,3.13900,3.47900,46.481340,-90.052950,city
71827,KWIK TRIP #1188,US-12,Cokato,MN,451,3.47400,1,3.47400,3.47400,45.075800,-94.189980,city
71828,KWIK TRIP #1209,SR-42,Sturgeon Bay,WI,582,3.58233,1,3.58233,3.58233,44.834160,-87.377040,city
71829,KWIK TRIP #1043,US-53/SR-194,Duluth,MN,334,3.49900,1,3.49900,3.49900,46.783270,-92.106580,city
71830,One9 Travel Center #1330,"I-40/US-63, EXIT 216 & US-49",Brinkley,AR,695,3.19900,2,3.19900,3.19900,34.887870,-91.194570,city
71831,Loves Travel Stop #865,"I-35, Exit 186",Perry,OK,483,3.38900,1,3.38900,3.38900,36.289490,-97.288100,city
71832,SHEETZ #753,SR 3,Seville,OH,249,3.08233,1,3.08233,3.08233,41.010060,-81.862360,city
71833,Circle K #2706636,US HWY 43,Jackson,AL,715,3.89900,1,3.89900,3.89900,31.509050,-87.894440,city
71835,CUZZS TRAVEL DEPOT,US 43 N,Thomasville,AL,715,3.59900,1,3.59900,3.59900,31.913490,-87.735840,city
71836,DUCK THRU FOOD STORE #59,US 13 EXIT 119,Greenville,NC,205,3.49900,1,3.49900,3.49900,35.612660,-77.366350,city
71837,RUTTERS #86,"US-15, EXIT 17 & SR-26",Frederick,MD,70,3.89900,1,3.89900,3.89900,39.414270,-77.410540,city
71838,RUTTERS #24,SR-74 & SR-2069,Brogue,PA,70,4.09900,1,4.09900,4.09900,39.871770,-76.483020,city
71839,RUTTERS #92,US-222 & SR-737,Kutztown,PA,90,3.69900,1,3.69900,3.69900,40.517320,-75.777420,city
71840,NEON MARKETPLACE,"SR-79, EXIT 10",Fall River,MA,175,3.94900,1,3.94900,3.94900,41.701490,-71.155050,city
71841,Quick Fuel #3193,US-69,Kansas City,KS,400,3.34567,1,3.34567,3.34567,39.114170,-94.627460,city
71844,HD EXPRESS MART,US 20,Clyde,OH,550,3.37900,1,3.37900,3.37900,41.304220,-82.975190,city
71845,ALLSUPS #2424,US 180,Millsap,TX,630,2.98400,1,2.98400,2.98400,32.748190,-98.009210,city
71848,CLIFTON SUPER STOP,"I-16, EXIT 104",Metter,GA,195,3.24900,1,3.24900,3.24900,32.397120,-82.060120,city
71849,TOOT N TOTUM #128,I-40 EXIT 57,Amarillo,TX,585,3.08900,1,3.08900,3.08900,35.222000,-101.831300,city
71850,CEDAR GROVE OASIS,"I-43, Exit 113",Cedar Grove,WI,444,3.23900,1,3.23900,3.23900,43.569720,-87.823420,city
71851,PWI #164,I-35/US-77 & FM-3115,Abbott,TX,765,2.89233,1,2.89233,2.89233,31.884880,-97.073340,city
71852,KWIK TRIP #1164,US-63,Spooner,WI,295,3.59900,1,3.59900,3.59900,45.822450,-91.889340,city
71853,Landmark Travel Center,I-20 EXIT 301,Clyde,TX,575,2.90067,1,2.90067,2.90067,32.405960,-99.493690,city
71854,EXXON DBA Pilot #1289,US 75 EXIT 72,Denison,TX,630,3.23900,1,3.23900,3.23900,33.755660,-96.536660,city
71855,BYRNE DAIRY #136,I-90 Exit 37,Liverpool,NY,220,3.65900,1,3.65900,3.65900,43.106460,-76.217700,city
71856,GO TIME #7,"I-75, EXIT 29",Corbin,KY,410,2.99900,1,2.99900,2.99900,36.948700,-84.096880,city
71857,QUIKTRIP #1196,"I-20, EXIT 11 & SR-144",Graniteville,SC,135,3.15900,1,3.15900,3.15900,33.563750,-81.807890,city
71858,QUIKTRIP #7224,"I-20, EXIT 112",West Monroe,LA,719,2.89233,1,2.89233,2.89233,32.518480,-92.147640,city
71859,ALLSUPS #2415,SR 6,Meridian,TX,765,2.96567,1,2.96567,2.96567,31.923210,-97.656690,city
71860,PILOT #1347,"I-59, EXIT 5A",Pearl River,LA,725,3.16400,1,3.16400,3.16400,30.376030,-89.748400,city
71862,Loves Travel Stop #863,I-90 & SR-528,Madison,OH,305,3.84900,1,3.84900,3.84900,41.771160,-81.049820,city
71864,MPC #30,"I-44, Exit 195",Saint James,MO,540,2.98567,1,2.98567,2.98567,37.997260,-91.614320,city
71865,RACETRAC #574,"I-30, EXIT 68",Rockwall,TX,630,2.92400,1,2.92400,2.92400,32.931230,-96.459710,city
71866,RACETRAC #2615,"I-65, EXIT 128",Louisville,KY,415,2.91900,1,2.91900,2.91900,38.254240,-85.759410,city
71867,HOLIDAY STATIONSTORE #2653855,US-12,Aberdeen,SD,530,3.10733,1,3.10733,3.10733,45.464700,-98.486480,city
71868,RACETRAC #2456,SR-44 & CR-491,Lecanto,FL,140,3.31567,1,3.31567,3.31567,28.851650,-82.487600,city
71869,PORT FUEL CENTER,"I-516, EXIT 7B & SR-21",Port Wentworth,GA,195,3.18233,1,3.18233,3.18233,32.149090,-81.163170,city
71870,Circle K #2706479,US-280,Sylacauga,AL,615,3.79900,1,3.79900,3.79900,33.173170,-86.251640,city
71871,KWIK TRIP #1133,US-10 & SR-85,Durand,WI,295,3.43067,1,3.43067,3.43067,44.626350,-91.965730,city
71872,KWIK STAR #1189,"I-80, EXIT 110",De Soto,IA,320,3.22400,1,3.22400,3.22400,41.531660,-94.009670,city
71873,KWIK TRIP #1182,"I-35E, EXIT 123B",Hugo,MN,448,3.37733,1,3.37733,3.37733,45.159970,-92.993270,city
71874,Rutters #85,I-76 & US-30,Bedford,PA,14,4.09900,1,4.09900,4.09900,40.018690,-78.503910,city
71875,LOVES TRAVEL STOP #615,US-59 & US-79,Carthage,TX,618,3.10233,1,3.10233,3.10233,32.157380,-94.337420,city
71876,LOVES TRAVEL STOP #861,"I-75, EXIT 72 & SR-72",Loudon,TN,285,3.58733,1,3.58733,3.58733,35.732850,-84.333810,city
71877,LOVES TRAVEL STOP #859,"I-80, EXIT 116 & US-6",Morris,IL,290,3.78900,1,3.78900,3.78900,41.357250,-88.421180,city
71878,LOVES TRAVEL STOP #872,SR-78 & CR-27,Lancaster,OH,315,3.27567,1,3.27567,3.27567,39.713680,-82.599330,city
71879,Gas N Wash Schoolhouse,FM-74,New Lenox,IL,399,3.69900,1,3.69900,3.69900,41.511980,-87.965610,city
71883,QUIKTRIP #4178,SR-130,Hutto,TX,595,2.91567,1,2.91567,2.91567,30.542700,-97.546670,city
71886,QUIKTRIP #7136,US-17,Brunswick,GA,195,3.07400,1,3.07400,3.07400,31.150130,-81.491470,city
71887,SHELL,I-80 & SR-63,Greenwood,NE,413,3.39900,1,3.39900,3.39900,40.962780,-96.441120,city
71888,KJS ALPINE,US HWY 26,Alpine,WY,825,3.79900,1,3.79900,3.79900,43.163530,-111.018020,city
71889,Payson Cardlock,SR 260 & SR 87,Payson,AZ,930,3.70900,1,3.70900,3.70900,34.230870,-111.325140,city
71890,Carter Flagstaff Cardlock (Bulk Plant),I-40 Exit 198,Flagstaff,AZ,930,3.68900,1,3.68900,3.68900,35.198070,-111.651270,city
71892,Tropic Fleet Bradenton Cardlock,US 301,Bradenton,FL,225,3.49900,1,3.49900,3.49900,27.498930,-82.574820,city
71893,Tropic Fleet Rechtien Cardlock,SR-934,Miami,FL,95,3.47100,1,3.47100,3.47100,25.774270,-80.193660,city
71894,Majors 663 Nacogdoches Truck Plaza,US-259 & US-59,Nacogdoches,TX,618,3.02900,1,3.02900,3.02900,31.603510,-94.655490,city
71897,ONE9 XPRESS FUEL #1349,I-10 EXIT 140B,Van Horn,TX,640,3.45900,1,3.45900,3.45900,31.040290,-104.830730,city
71898,Loves Travel Stop #867,I-55 Exit 165,Normal,IL,280,3.43900,2,3.38900,3.48900,40.514200,-88.990630,city
71899,LOVES TRAVEL STOP #882,US-61/SR-92,Muscatine,IA,270,3.43900,1,3.43900,3.43900,41.424470,-91.043210,city
71902,MURPHY EXPRESS #8928,FM-1472,Laredo,TX,693,2.84567,1,2.84567,2.84567,27.506410,-99.507540,city
71903,ALLSUPS #2412,SR 199 W,Springtown,TX,630,2.91900,1,2.91900,2.91900,32.965960,-97.683640,city
71904,SHEETZ #745,I-90 EXIT 212,Madison,OH,305,3.08233,1,3.08233,3.08233,41.771160,-81.049820,city
71906,COMPASS TRAVEL CENTER,"I-65, EXIT 230",Demotte,IN,365,3.24233,1,3.24233,3.24233,41.195040,-87.198640,city
71909,RACETRAC #2604,I-75 Exit 126,Mcdonough,GA,67,3.19900,1,3.19900,3.19900,33.447340,-84.146860,city
71910,KWIK TRIP #793,"I-35, EXIT 59",Faribault,MN,448,3.42400,1,3.42400,3.42400,44.294960,-93.268830,city
71911,MAVERIK COUNTRY STORE #706,SR-10,Castle Dale,UT,835,3.43900,1,3.43900,3.43900,39.212190,-111.019610,city
71912,FUEL CITY WYLIE,SR-78,Wylie,TX,630,2.96567,1,2.96567,2.96567,33.015120,-96.538880,city
71913,Circle K #4702456,I-69,Martinsville,IN,375,3.59900,1,3.59900,3.59900,39.427830,-86.428330,city
71914,HUCKS FOOD & Fuel #309,I-169 Exit 8,Hopkinsville,KY,490,3.47400,1,3.47400,3.47400,36.865610,-87.491170,city
71916,Spinx 317,US-17 ALT,Moncks Corner,SC,42,3.31233,1,3.31233,3.31233,33.196320,-80.014290,city
71919,THE SPORTSMAN 2 TRAVEL PLAZA,I-35 EXIT 480,Sanger,TX,630,2.97567,1,2.97567,2.97567,33.363170,-97.173900,city
71922,Plaza of The Flint Hills,I-70 Exit 32B,Alma,KS,553,3.29900,1,3.29900,3.29900,39.016670,-96.289160,city
71923,SHEETZ #740,US-23  & SR-752,Ashville,OH,315,3.10233,1,3.10233,3.10233,39.715620,-82.952960,city
71924,JIFFY,I-80 Exit 60,Shippenville,PA,240,4.13233,1,4.13233,4.13233,41.250340,-79.459490,city
71925,QUIKTRIP #7140,"I-24, EXIT 175 & US-41",Chattanooga,TN,285,2.91567,1,2.91567,2.91567,35.045630,-85.309680,city
71926,QUIKTRIP #186,SR-150,Grandview,MO,400,3.19900,1,3.19900,3.19900,38.885840,-94.533010,city
71927,Allsups Convenience #2420,US 283,Altus,OK,770,2.97900,1,2.97900,2.97900,34.638130,-99.333980,city
71929,STUCKEYS TRAVEL CENTER,I-10 & FM-365,Beaumont,TX,610,2.82400,1,2.82400,2.82400,30.086050,-94.101850,city
71931,QUIKTRIP #7071,I-75 & SR-133/401,Valdosta,GA,10,3.03233,1,3.03233,3.03233,30.833340,-83.280320,city
71932,MCCLURE OIL #60,US 35,Logansport,IN,370,3.79900,1,3.79900,3.79900,40.754480,-86.356670,city
71933,RHODES CONVENIENCE STORES,US-62,Sikeston,MO,275,3.35067,1,3.35067,3.35067,36.876720,-89.587860,city
71934,SHEETZ #759,I-71 & SR-734,Jeffersonville,OH,315,3.06567,1,3.06567,3.06567,39.653670,-83.563810,city
71935,SPEEDWAY #1695,I-87 EXIT 23,Albany,NY,12,3.84900,1,3.84900,3.84900,42.652580,-73.756230,city
71936,QUIKTRIP #7907,I-44 EXIT 1D,Wichita Falls,TX,770,2.85900,1,2.85900,2.85900,33.913710,-98.493390,city
71937,KWIK TRIP #1173,CR-10,Waconia,MN,451,3.60733,1,3.60733,3.60733,44.850800,-93.786910,city
71941,RACETRAC #2628,I-85 EXIT 62 & US-280,Opelika,AL,50,2.99900,1,2.99900,2.99900,32.645410,-85.378280,city
71942,BYRNE DAIRY #135,I-81 & SR-481,Liverpool,NY,220,4.19900,1,4.19900,4.19900,43.106460,-76.217700,city
71943,DK #11823,I-20 & FM-1768,Midland,TX,612,2.98233,1,2.98233,2.98233,31.997350,-102.077910,city
71944,DK #13903,SR-108,Texarkana,AR,635,3.04067,1,3.04067,3.04067,33.441790,-94.037690,city
71945,DK #13904,I-40 EXIT 233 & SR-261,Palestine,AR,695,3.01567,1,3.01567,3.01567,34.972320,-90.902620,city
71946,Allsups #102450,US-87,Eden,TX,739,3.17900,1,3.17900,3.17900,31.216280,-99.845630,city
71947,PETRO USA,I-76 EXIT 2 & SR-3,Seville,OH,305,3.07900,1,3.07900,3.07900,41.010060,-81.862360,city
71948,19 AND 75 FILLING STATION,US-75 & SR-19,Ivanhoe,MN,432,3.39400,1,3.39400,3.39400,44.463300,-96.247260,city
71949,24 STORE SHELBY,SR-61,Shelby,OH,249,3.49900,1,3.49900,3.49900,40.881450,-82.661840,city
71950,77/36 DUCHESS,I-77 & US-36,Newcomerstown,OH,542,3.29900,1,3.29900,3.29900,40.272290,-81.605950,city
71951,7-ELEVEN #39448,I-81 & SR-682,Mount Crawford,VA,185,3.31567,1,3.31567,3.31567,38.357070,-78.940860,city
71953,ALEX'S TRUCK STOP,US-61,Tunica,MS,435,3.29900,1,3.29900,3.29900,34.684550,-90.382880,city
71957,B&M Quickstop,SR-8,Mineral Point,MO,540,3.69900,1,3.69900,3.69900,37.944770,-90.724300,city
71958,BELL STORES,I-77 & CR-80,Dover,OH,249,3.39900,1,3.39900,3.39900,40.520620,-81.474010,city
71960,BELL STORES #1159,US-30 & CR-144,Wooster,OH,249,3.65900,1,3.65900,3.65900,40.805170,-81.936460,city
71961,BELL STORES #54,US-250 & SR-241,Mount Eaton,OH,249,3.49900,1,3.49900,3.49900,40.694500,-81.703180,city
71962,BELLSTORES,SR-598,Galion,OH,315,3.49900,1,3.49900,3.49900,40.733670,-82.789900,city
71965,CIRCLE K #2709989,US-167 & CR-405,Sheridan,AR,695,3.59900,1,3.59900,3.59900,34.307040,-92.401270,city
71966,BLACK DIAMOND TRAVEL CENTER,I-26 & SR-173,Unicoi,TN,405,3.40233,1,3.40233,3.40233,36.195390,-82.349580,city
71967,BLOC STOP TRAVEL CENTER,US-19 & SR-133,ALBANY,GA,10,3.79900,1,3.79900,3.79900,31.578510,-84.155740,city
71968,BLONDIES FOOD AND FUEL,US-90 & SR-69,Grand Ridge,FL,20,3.59067,1,3.59067,3.59067,30.712910,-85.023280,city
71969,BORDERVIEW GROCERY,US-11 & CR-19,Champlain,NY,39,3.79900,1,3.79900,3.79900,44.986430,-73.446530,city
71970,BLUE BIRD 3 EXPRESS,"US-78, EXIT 1",Olive Branch,MS,435,3.19900,1,3.19900,3.19900,34.961760,-89.829530,city
71971,BOUND BROOK BP,I-287 Exit 13B & SR-28,Bound Brook,NJ,202,3.24900,1,3.24900,3.24900,40.568440,-74.538490,city
71972,BOWMAN,I-81 Exit 1,Williamsport,MD,22,3.83233,1,3.83233,3.83233,39.600650,-77.820550,city
71973,SHEETZ #703,I-40 & US-70,Garner,NC,177,2.85900,1,2.85900,2.85900,35.711260,-78.614170,city
71975,BP,I-81 & SR-177,Christiansburg,VA,185,3.79900,1,3.79900,3.79900,37.129850,-80.408940,city
71976,Loves Travel Stop #828,"I-295, EXIT 33",Jacksonville,FL,75,3.28233,1,3.28233,3.28233,30.332180,-81.655650,city
71977,BP,SR-47,Sugar Grove,IL,296,3.59900,1,3.59900,3.59900,41.761420,-88.443690,city
71978,BP,I-29 & US-34,Pacific Junction,IA,319,3.39900,1,3.39900,3.39900,41.018610,-95.799170,city
71979,KENT KWIK #219,SR-338,Odessa,TX,710,3.00733,1,3.00733,3.00733,31.845680,-102.367640,city
71980,KENT KWIK #433,US-87,San Angelo,TX,739,3.13233,1,3.13233,3.13233,31.463770,-100.437040,city
71981,SHEETZ #488,US-13 & US-264,Greenville,NC,205,2.89900,1,2.89900,2.89900,35.612660,-77.366350,city
71982,MAVERIK COUNTRY STORE #665,SR-201,Magna,UT,835,3.39900,1,3.39900,3.39900,40.709110,-112.101610,city
71983,MAVERIK COUNTRY STORE #702,I-80 Exit 59,Sidney,NE,475,3.11233,1,3.11233,3.11233,41.142760,-102.977980,city
71984,BP,I-43 & SR-11,Elkhorn,WI,420,3.14900,1,3.14900,3.14900,42.672790,-88.544540,city
71985,Brew #12,US-20 & SR-31,Correctionville,IA,527,3.55900,1,3.55900,3.55900,42.474990,-95.785570,city
71988,C AND W GLOBAL,SR-429 & SR-438,Winter Garden,FL,140,3.07400,1,3.07400,3.07400,28.565280,-81.586180,city
71990,Allsups #2418,US-84,Snyder,TX,612,2.97233,1,2.97233,2.97233,32.717890,-100.917620,city
71991,TA Express Fairview #943,US 36,Fairview,KS,570,3.29900,1,3.29900,3.29900,39.841110,-95.728040,city
71992,7-ELEVEN #41263,US-13,Bridgeville,DE,243,3.39900,1,3.39900,3.39900,38.742610,-75.604370,city
71994,7-ELEVEN #42058,SR-572,Lakeland,FL,225,3.48233,1,3.48233,3.48233,28.039470,-81.949800,city
71995,Chevron,"I-40, EXIT 218 & US-285",Clines Corners,NM,593,3.41567,1,3.41567,3.41567,35.009500,-105.669180,city
71996,BP,"I-43, EXIT 164 & CR-Z",Maribel,WI,360,3.24900,1,3.24900,3.24900,44.276380,-87.807310,city
71997,7-ELEVEN #41287,SR-29,Immokalee,FL,64,3.67900,1,3.67900,3.67900,26.418690,-81.417300,city
71999,7-ELEVEN #41813,"I-85, EXIT 60",Duncan,SC,46,3.09900,1,3.09900,3.09900,34.937900,-82.145110,city
72000,7-ELEVEN #41309,US-41,Nokomis,FL,225,3.37900,1,3.37900,3.37900,27.119220,-82.444260,city
72001,7-Eleven #41963,"I-65, EXIT 98",Goodlettsville,TN,460,3.04900,1,3.04900,3.04900,36.323110,-86.713330,city
72003,7-ELEVEN #42012,"I-77, EXIT 24 & US-21",Blythewood,SC,210,3.10900,1,3.10900,3.10900,34.214320,-80.973980,city
72004,7-ELEVEN #41578,US-13,Seaford,DE,243,3.35900,1,3.35900,3.35900,38.641230,-75.611040,city
72006,CIRCLE K #4707123,SR-2,Canaan,ME,26,3.75900,1,3.75900,3.75900,44.761730,-69.561440,city
72008,CASHS #4469,US-278 & US-63,Warren,AR,635,3.49900,1,3.49900,3.49900,33.612610,-92.064580,city
72009,CEFCO #1059,SR-274,Kemp,TX,641,2.90900,1,2.90900,2.90900,32.442640,-96.229980,city
72011,CEFCO #107,US 190,Lampasas,TX,595,2.89900,1,2.89900,2.89900,31.063780,-98.181700,city
72012,CEFCO #108,US-77,Waco,TX,765,2.99233,1,2.99233,2.99233,31.549330,-97.146670,city
72013,CEFCO #1081,US-59,Queen City,TX,723,3.02400,1,3.02400,3.02400,33.148740,-94.150190,city
72014,CEFCO #1086,US-259,Longview,TX,766,2.95900,1,2.95900,2.95900,32.500700,-94.740490,city
72015,CEFCO #1096,US-82,Paris,TX,723,2.96567,1,2.96567,2.96567,33.660940,-95.555510,city
72016,Cefco #11,US-84,Waco,TX,765,2.99567,1,2.99567,2.99567,31.549330,-97.146670,city
72017,CEFCO #1102,SR-24 & SR-286,Paris,TX,723,2.96567,1,2.96567,2.96567,33.660940,-95.555510,city
72018,CEFCO #2071,US-377 & FM-381,Early,TX,739,2.92567,1,2.92567,2.92567,31.742100,-98.945610,city
72019,CEFCO #2081,US-84,Post,TX,700,2.94233,1,2.94233,2.94233,33.191220,-101.379000,city
72020,CEFCO #2082,SR-206 & SR-36,Cross Plains,TX,575,3.15900,1,3.15900,3.15900,32.126250,-99.165340,city
72021,CEFCO #30,US-77 & SR-320,Lott,TX,765,3.01100,1,3.01100,3.01100,31.203510,-97.036660,city
72022,CEFCO #65,US-84 & FM-116,Gatesville,TX,765,2.96567,1,2.96567,2.96567,31.435160,-97.743910,city
72024,CENEX,US-2,Stanley,ND,452,3.58233,1,3.58233,3.58233,48.317240,-102.390450,city
72025,CENEX,US-2,Devils Lake,ND,355,3.24067,1,3.24067,3.24067,48.112780,-98.865120,city
72026,CENEX,"I-94, EXIT 84 & SR-8",Richardton,ND,273,3.50900,1,3.50900,3.50900,46.883900,-102.315730,city
72028,CENEX,US-52 & SR-15,Fessenden,ND,390,3.53100,1,3.53100,3.53100,47.649170,-99.629290,city
72029,CENEX,SR-40,Tioga,ND,452,3.57567,1,3.57567,3.57567,48.397240,-102.938240,city
72030,CENEX,I-90 & SR-51,Gillette,WY,822,3.48900,1,3.48900,3.48900,44.291090,-105.502220,city
72031,CENEX HARWOOD,"I-29/US-81, EXIT 72",Harwood,ND,341,3.35900,1,3.35900,3.35900,46.979410,-96.880640,city
72033,CHARLIE BS,SR-246,Greenwood,SC,30,2.98700,1,2.98700,2.98700,34.195400,-82.161790,city
72034,CHARLIES MARKET,SR-172,Salt Lake City,UT,835,3.45900,1,3.45900,3.45900,40.760780,-111.891050,city
72038,CHEVRON,I-55 & SR-570,McComb,MS,759,3.28233,1,3.28233,3.28233,31.243790,-90.453150,city
72039,CHEVRON,SR-20 & SR-65,Hosford,FL,145,3.29900,1,3.29900,3.29900,30.387050,-84.799430,city
72041,CHEVRON,SR-20 & SR-71,Blountstown,FL,145,3.29900,1,3.29900,3.29900,30.443790,-85.047440,city
72044,Maverik Country Store #709,I-40 Exit 163,Williams,AZ,930,3.21900,1,3.21900,3.21900,35.249460,-112.191000,city
72045,MAVERIK COUNTRY STORE #710,US-6,Helper,UT,835,3.44567,1,3.44567,3.44567,39.684130,-110.854610,city
72046,CHEVRON DBA ONE9 #1429,US-30 & US-95,Fruitland,ID,785,3.37067,2,3.34900,3.39233,44.007660,-116.916550,city
72054,CHEVRON,US-45,Guntown,MS,742,3.29900,1,3.29900,3.29900,34.443160,-88.659780,city
72060,CHEVRON FOOD MART #20,US-45 & SR-16,Scooba,MS,705,3.19900,1,3.19900,3.19900,32.828190,-88.476430,city
72063,CIRCLE K #2655785,US-301,Upper Marlboro,MD,60,3.99900,1,3.99900,3.99900,38.815950,-76.749690,city
72066,CIRCLE K #2741094,SR-46,Seguin,TX,740,2.95900,1,2.95900,2.95900,29.568840,-97.964730,city
72067,CIRCLE K #2741822,US-90 & FM-471,Castroville,TX,740,2.91233,1,2.91233,2.91233,29.355790,-98.878640,city
72071,7-Eleven #42182,Ashley Phosphate Rd & Cross Country Rd,North Charleston,SC,42,3.45900,1,3.45900,3.45900,32.854620,-79.974810,city
72072,PARKERS #92,SR 17,Guyton,GA,195,2.99900,1,2.99900,2.99900,32.336300,-81.391500,city
72073,CIRCLE K #2723791,I-85 & SR-54,Graham,NC,65,3.60900,1,3.60900,3.60900,36.069030,-79.400580,city
72074,CIRCLE K #2741566,US-84 & FM-2837,Woodway,TX,765,2.99900,1,2.99900,2.99900,31.506000,-97.205010,city
72075,CITGO SAMS FOOD STORE,"US-5, Exit 87",Hartford,CT,100,3.49900,1,3.49900,3.49900,41.763710,-72.685090,city
72077,COLDWATER TRAVEL CENTER,I-55 & SR-306,Coldwater,MS,435,3.09900,1,3.09900,3.09900,32.714860,-89.214230,city
72078,STRIPES #42150,"I-69C, Exit 9 & US-281",Edinburg,TX,598,3.00567,1,3.00567,3.00567,26.301740,-98.163340,city
72080,Corner Store,US-180/62,Seminole,TX,710,3.12900,1,3.12900,3.12900,32.718990,-102.644910,city
72081,STRIPES #2146,US-181 & SR-361,Ingleside,TX,625,3.29900,1,3.29900,3.29900,27.877800,-97.211660,city
72082,COUNTRYMARK,SR-124,Bluffton,IN,370,3.76567,1,3.76567,3.76567,40.738660,-85.171640,city
72083,DANDY DANS,US-49/SR-42,Hattiesburg,MS,620,3.06567,1,3.06567,3.06567,31.327120,-89.290340,city
72084,DANDY MINI MART #60,US-6 & SR-14,Troy,PA,31,3.99900,1,3.99900,3.99900,40.915060,-78.216400,city
72086,DELT EXPRESS,SR-52,SAMSON,AL,127,3.69900,1,3.69900,3.69900,31.112950,-86.046050,city
72087,DELTA,US-9,Jersey City,NJ,115,3.23900,1,3.23900,3.23900,40.728160,-74.077640,city
72089,CASEYS #4567,SR-55,Columbia,KY,410,3.15900,1,3.15900,3.15900,37.102840,-85.306350,city
72090,DOMINO #128,US-81 & SR-66,El Reno,OK,483,3.19900,1,3.19900,3.19900,35.532270,-97.955050,city
72091,DUCK THRU FOOD STORE #54,US-64,Columbia,NC,470,3.52300,1,3.52300,3.52300,35.917660,-76.252150,city
72092,DUCK THRU FOOD STORE #57,SR-42/SR-43,Pinetops,NC,205,3.57400,1,3.57400,3.57400,35.788490,-77.637750,city
72096,EXPRESS #29,SR-29,East Dublin,GA,85,3.63233,1,3.63233,3.63233,32.548220,-82.871810,city
72097,EXPRESSWAY SERVICE STATION,US-287 & SR-25,Electra,TX,770,2.99900,1,2.99900,2.99900,34.029260,-98.918960,city
72100,Exxon,"I-22/US-78, Exit 10 &  SR-178",Byhalia,MS,435,3.19900,1,3.19900,3.19900,34.872320,-89.690640,city
72101,EXXON,US-24,Redford,MI,325,3.69900,1,3.69900,3.69900,42.383370,-83.296600,city
72104,LOVES TRAVEL STOP #170,I-44 EXIT 166 & SR-18,CHANDLER,OK,483,3.08733,1,3.08733,3.08733,35.701730,-96.880860,city
72105,LOVES TRAVEL STOP #171,SR-375 & SR-31,McAlester,OK,560,3.43733,1,3.43733,3.43733,34.933430,-95.769710,city
72106,Loves Country Store #118,US-77 & SR-29,Wynnewood,OK,569,2.98900,1,2.98900,2.98900,34.643420,-97.164470,city
72108,FARMERS UNION OIL OF CARPIO,US-52 & SR-28,Carpio,ND,452,3.38400,1,3.38400,3.38400,48.442520,-101.714610,city
72110,FAST STOP,US-84 & CR-1800,Lubbock,TX,700,2.99900,1,2.99900,2.99900,33.577860,-101.855170,city
72111,FAST STOP,"I-40, Exit 81 & FM-1912",Amarillo,TX,585,2.94400,1,2.94400,2.94400,35.222000,-101.831300,city
72112,Flyers #3219,US-60,Claypool,AZ,930,3.84900,1,3.84900,3.84900,33.411170,-110.842610,city
72113,Food N Fuel,US-6 & CR-4,New Lenox,IL,296,3.44900,2,3.39900,3.49900,41.511980,-87.965610,city
72114,Gas  House,"I-77, Exit 49B",Statesville,NC,46,3.42400,1,3.42400,3.42400,35.782640,-80.887300,city
72115,FRIENDSHIP FOOD & FUEL,SR-15 & CR-244,Ecru,MS,576,3.79900,1,3.79900,3.79900,34.353160,-89.023120,city
72116,FRIENDSHIP FOOD MART #90,I-90 & SR-57,Elyria,OH,305,3.77900,1,3.77900,3.77900,41.368380,-82.107650,city
72118,GAS N WASH,I-355 & SR-7,HOMER GLEN,IL,296,3.59900,6,3.59900,3.59900,41.600030,-87.938110,city
72119,Gas N Wash Cicero,SR-50,Berwyn,IL,291,3.58400,2,3.56900,3.59900,41.850590,-87.793670,city
72120,GAS PRO TRAVEL CENTER,US-301/25,Statesboro,GA,195,3.12900,1,3.12900,3.12900,32.448790,-81.783170,city
72122,KWIK TRIP #1115,US-63 & US-8,Turtle Lake,WI,295,3.65567,1,3.65567,3.65567,45.394400,-92.142410,city
72124,GET GO #3016,I-376 & SR-18,Monaca,PA,96,5.49900,1,5.49900,5.49900,40.687290,-80.271450,city
72125,GETGO #7520,I-65 & US-31,Edinburgh,IN,375,3.35900,1,3.35900,3.35900,39.354220,-85.966660,city
72126,GETGO #7526,I-69 & SR-332,Yorktown,IN,457,3.34300,1,3.34300,3.34300,40.173650,-85.494140,city
72128,GETGO #7545,I-65 & SR-400,Whitestown,IN,375,3.30233,1,3.30233,3.30233,39.997260,-86.345830,city
72130,GILBERTS SHELL,SR-72 & CR-59,Gilberts,IL,290,3.27900,1,3.27900,3.27900,42.103360,-88.372860,city
72132,GO TIME 4,I-64 Exit 94 & SR-1958,Winchester,KY,410,2.90733,1,2.90733,2.90733,37.990080,-84.179650,city
72134,Gulf,US-422 & SR-528/168,Parkman,OH,573,3.64900,1,3.64900,3.64900,41.370610,-81.065100,city
72136,HANA TRAVEL CENTER,"I-30, EXIT 153 & SR-185",Winfield,TX,723,3.07900,1,3.07900,3.07900,33.167340,-95.111880,city
72139,HOLMES EXPRESS,US-78 & SR-175,Memphis,TN,435,3.39900,1,3.39900,3.39900,35.149530,-90.048980,city
72142,CASEYS #3990,"I-90E, exit 96 and SR-17",Elkhart,IN,465,3.62900,1,3.62900,3.62900,41.681990,-85.976670,city
72143,Caseys #4023,US 36 & US 183,Phillipsburg,KS,357,3.29233,1,3.29233,3.29233,39.756120,-99.323990,city
72144,HUCKS FOOD & FUEL #397,US-68 & SR-432,Bowling Green,KY,487,3.49900,1,3.49900,3.49900,36.990320,-86.443600,city
72145,JP ZEBULON,US-19,Zebulon,GA,67,3.13500,1,3.13500,3.13500,33.102350,-84.342700,city
72146,HUTTER'S,SR-72,Jonestown,PA,70,3.71900,1,3.71900,3.71900,40.413700,-76.478300,city
72148,IRON HORSE TRAVEL CENTER,I-20 EXIT 270 & FM-1235,Merkel,TX,575,2.87567,1,2.87567,2.87567,32.470680,-100.012870,city
72149,IVOR MART,US-460,Hopewell,VA,180,3.69900,1,3.69900,3.69900,37.304320,-77.287200,city
72150,J AND R MARKET,SR-105 & SR-326,Sour Lake,TX,610,3.15900,1,3.15900,3.15900,30.140210,-94.411020,city
72153,Jet Food Store,SR-15 & SR-46,Soperton,GA,85,3.41567,1,3.41567,3.41567,32.377120,-82.592360,city
72154,JET FOOD STORE #93,US-280 & SR-135,Vidalia,GA,195,3.43233,1,3.43233,3.43233,32.217690,-82.413460,city
72155,JIFFY TRIP #142,US-77,Newkirk,OK,500,3.05900,1,3.05900,3.05900,36.882250,-97.053370,city
72156,JORDANS KWIK STOP #5,US-412,Portia,AR,418,3.37567,1,3.37567,3.37567,36.086460,-91.067350,city
72157,JORDANS KWIK STOP #52,US-67 & SR-304,Pocahontas,AR,418,3.31233,1,3.31233,3.31233,36.261460,-90.971230,city
72160,KENJO MARKET #52,US-321,Maryville,TN,405,3.24900,1,3.24900,3.24900,35.756470,-83.970460,city
72162,Krazy K's,US-45,Buckatunna,MS,620,3.14900,1,3.14900,3.14900,31.539050,-88.528920,city
72163,KWIK FILL,US-206,Hillsborough,NJ,115,3.39900,1,3.39900,3.39900,40.477600,-74.626820,city
72170,STRIPES # 41977,"I-2, EXIT 168",La Feria,TX,639,3.21900,1,3.21900,3.21900,26.158960,-97.823890,city
72171,LAWTEY SHELL SERVICE,US-301,Lawtey,FL,75,3.59900,1,3.59900,3.59900,30.044130,-82.071770,city
72175,ALLSUPS #2410,"I-35/US-77, EXIT 368 & SR-22",Whitney,TX,765,2.96567,1,2.96567,2.96567,31.951820,-97.321400,city
72180,LITTLEFIELD EXPRESS #4,I-40 Exit 321,Muldrow,OK,645,3.41900,1,3.41900,3.41900,35.406200,-94.598830,city
72181,LITTLEFIELD EXPRESS #7,US-167,Cave City,AR,418,3.34900,1,3.34900,3.34900,35.941740,-91.548470,city
72182,LULING MINI MART,I-10 Exit 628 & SR-80,Luling,TX,595,2.96567,1,2.96567,2.96567,29.680510,-97.647500,city
72184,MACS 33,US-49,Florence,MS,620,2.89900,1,2.89900,2.89900,32.153480,-90.131200,city
72185,Circle K #2709332,US-231/SR-53,Montgomery,AL,720,3.25900,1,3.25900,3.25900,32.366810,-86.299970,city
72188,MARATHON,US-61 & SR-637,Reserve,LA,623,3.74900,1,3.74900,3.74900,30.053810,-90.551750,city
72189,MARATHON,I-75 & CR-20,Middletown,OH,317,3.21567,1,3.21567,3.21567,39.515060,-84.398280,city
72190,Minuteman Food Mart #37,US-74,Leland,NC,245,3.38900,1,3.38900,3.38900,34.256280,-78.044710,city
72191,MARATHON RIVERSIDE GAS,I-80 & CR-6,Elkhart,IN,465,3.49900,1,3.49900,3.49900,41.681990,-85.976670,city
72192,MASSEY FUEL,"I-95, EXIT 30",Bridgeport,CT,100,3.39900,1,3.39900,3.39900,41.179230,-73.189450,city
72193,MERRIMAN COUNTRY STORE,SR-1 & CR-3700,Allen,OK,569,3.09900,1,3.09900,3.09900,34.878980,-96.412510,city
72194,Mobil,I-57,Riverdale,IL,365,3.69900,1,3.69900,3.69900,41.633370,-87.633100,city
72195,MOBIL,US-46,Columbia,NJ,90,3.07900,1,3.07900,3.07900,40.926210,-75.092680,city
72196,MORGAN OIL,US-224 & CR-231,Lowellville,OH,573,3.39900,1,3.39900,3.39900,41.035340,-80.536460,city
72197,MOTOMART #3369,SR-370 E,Saint Charles,MO,540,3.04233,1,3.04233,3.04233,38.783940,-90.481230,city
72199,MPC #99A,I-270 Exit 22B,Hazelwood,MO,540,3.05900,2,3.05900,3.05900,38.771440,-90.370950,city
72200,Swift Mart,I-55/SR-7 & US-51,Grenada,MS,655,3.36567,1,3.36567,3.36567,33.769000,-89.808420,city
72201,MUDD CREEK COUNTRY STORE,US-79,Franklin,TX,670,3.19400,1,3.19400,3.19400,31.026020,-96.485240,city
72202,MUSTANG MARKET,I-80 Exit 73,Sparks,NV,966,4.19900,1,4.19900,4.19900,39.534910,-119.752690,city
72205,NIC'S,SR-97,Bainbridge,GA,20,3.37900,1,3.37900,3.37900,30.903800,-84.575470,city
72206,NORTHLAKE BP,I-294 & US-45,Melrose Park,IL,290,3.64900,2,3.59900,3.69900,41.900590,-87.856730,city
72207,NZT,I-294,Alsip,IL,365,3.48900,2,3.38900,3.58900,41.668920,-87.738660,city
72210,CITGO,US-70,Princeton,NC,205,3.69900,1,3.69900,3.69900,35.465990,-78.160550,city
72212,PARKERS #72,US-52 & SR- 402,Moncks Corner,SC,42,3.25567,1,3.25567,3.25567,33.196320,-80.014290,city
72215,PIT STOP #1,SR-31 & SR-34,Weedsport,NY,220,3.89900,1,3.89900,3.89900,43.048680,-76.562720,city
72216,Pit Stop #14,US-20/US-16,Worland,WY,836,3.82900,1,3.82900,3.82900,44.016900,-107.955370,city
72217,PIEDMONT PETROLEUM,US-501,Lynchburg,VA,185,3.45900,1,3.45900,3.45900,37.413750,-79.142250,city
72219,QUICK FILL,US-78/SR-4,Eastaboga,AL,587,3.09900,1,3.09900,3.09900,33.605940,-86.021360,city
72222,RAINY LAKE OIL,CR-332 & CR-24,International Falls,MN,334,3.37900,1,3.37900,3.37900,48.601050,-93.410980,city
72224,RAYMOND TRUCK STOP,US-1/US-9,Newark,NJ,115,3.25900,1,3.25900,3.25900,40.735660,-74.172370,city
72225,SHEETZ #144,US-220 & SR-55,Moorefield,WV,60,3.28900,1,3.28900,3.28900,39.062330,-78.969470,city
72226,REBEL GAS MART,SR-7,Oxford,MS,435,3.04900,1,3.04900,3.04900,34.366500,-89.519250,city
72227,RED BANKS VALERO,I-22 & SR-178,Red Banks,MS,435,2.99900,1,2.99900,2.99900,34.828150,-89.564530,city
72228,REFUEL #1043,US-15,Sumter,SC,42,3.09567,1,3.09567,3.09567,33.920440,-80.341470,city
72229,REFUEL #1047,US-521,Sumter,SC,42,3.00567,1,3.00567,3.00567,33.920440,-80.341470,city
72230,REFUEL #1116,US-64,Apex,NC,177,3.79900,1,3.79900,3.79900,35.732650,-78.850290,city
72231,RENO JUNCTION TRAVEL PLAZA,SR-59 & SR-387,Wright,WY,822,3.50900,1,3.50900,3.50900,43.751240,-105.492010,city
72232,RICKY ROCKETS FUEL,I-294 & US-12,HICKORY HILLS,IL,291,3.94900,2,3.89900,3.99900,41.725590,-87.825060,city
72233,ROAD RANGER #284,I-27 & FM-1729,New Deal,TX,700,2.98567,1,2.98567,2.98567,33.737310,-101.836560,city
72235,ROC ONE STOP #1,SR-34,Galatia,IL,473,3.55900,1,3.55900,3.55900,37.840600,-88.609220,city
72236,ROYAL FARMS #108,US-13,Cape Charles,VA,130,3.47233,1,3.47233,3.47233,37.270080,-76.016490,city
72237,ROYAL FARMS #135,SR-404 & SR-16,Denton,MD,194,3.33900,1,3.33900,3.33900,38.884560,-75.827160,city
72238,ROYAL FARMS #169,I-895 & US-40,Baltimore,MD,22,3.25900,1,3.25900,3.25900,39.290380,-76.612190,city
72239,ROYAL FARMS #171,US-13 & SR-24,Laurel,DE,194,3.25900,1,3.25900,3.25900,38.556500,-75.571310,city
72240,ROYAL FARMS #191,I-83 Exit 20A,Hunt Valley,MD,22,4.19900,1,4.19900,4.19900,39.499830,-76.641080,city
72241,ROYAL FARMS #242,I-95 Exit 27,Philadelphia,PA,160,3.79900,1,3.79900,3.79900,39.952380,-75.163620,city
72242,ROYAL FARMS #311,SR-7 & SR-43,Nottingham,MD,22,3.26900,1,3.26900,3.26900,39.199270,-76.637190,city
72243,Racetrac #2611,"I-65, EXIT 116",Shepherdsville,KY,415,2.95900,1,2.95900,2.95900,37.988400,-85.715790,city
72247,SEVEN MART,I-20 & SR-17,Delhi,LA,719,3.19900,1,3.19900,3.19900,32.457640,-91.493170,city
72248,SHELBY EXPRESS,SR-175,Memphis,TN,435,3.69900,1,3.69900,3.69900,35.149530,-90.048980,city
72250,RACEWAY #6854,US-278 & SR-113,Rockmart,GA,18,3.17233,1,3.17233,3.17233,34.002600,-85.041610,city
72251,SHELL,I-94 & US-12,Detroit,MI,325,3.79900,2,3.69900,3.89900,42.331430,-83.045750,city
72256,SHELL,US-1,Warren,ME,203,3.99900,1,3.99900,3.99900,44.120360,-69.240050,city
72257,DUCK THRU #55,US-13BYP & SR-308,Windsor,NC,205,3.23900,1,3.23900,3.23900,35.998490,-76.946060,city
72259,SHELL,SR-72 & SR-25,Dundee,IL,293,3.27900,1,3.27900,3.27900,42.098080,-88.282860,city
72260,Duck Thru #58,US-13 & CR-677,Suffolk,VA,130,3.44900,1,3.44900,3.44900,36.728360,-76.584960,city
72261,SHELL,US-45 & CR-520,Shannon,MS,742,3.19900,1,3.19900,3.19900,34.116220,-88.711720,city
72262,7-ELEVEN #38855,"I-95, exit 58",Colonial Heights,VA,180,3.50900,1,3.50900,3.50900,37.268040,-77.407260,city
72263,SPARTAN FUELS,US-80 & SR-22,Columbus,GA,50,3.30900,1,3.30900,3.30900,32.460980,-84.987710,city
72264,CIRCLE K #2654249,SR 24 & SR 286,Paris,TX,723,2.95900,1,2.95900,2.95900,33.660940,-95.555510,city
72266,SHELL SERVICE STATION,I-65 Exit 14 & US-64,Pulaski,TN,655,3.20900,1,3.20900,3.20900,35.199800,-87.030840,city
72267,SHELL SERVICE STATION,I-90 Exit 52,Elgin,IL,290,3.27900,1,3.27900,3.27900,42.037250,-88.281190,city
72268,SHORT STOP,US-67/283,Santa Anna,TX,575,3.49900,1,3.49900,3.49900,31.742090,-99.321730,city
72273,SPINX #341,SR-41,Charleston,SC,42,3.33233,1,3.33233,3.33233,32.776320,-79.932750,city
72274,SPINX #366,SR-642,Summerville,SC,42,3.27900,1,3.27900,3.27900,33.018500,-80.175650,city
72276,STAR 001,US-20 & SR-23,SOUTH BEND,IN,465,3.73233,1,3.73233,3.73233,41.683380,-86.250010,city
72277,STOP N GAS,SR-15 & SR-39,Yorkshire,NY,38,4.09900,1,4.09900,4.09900,42.530060,-78.472800,city
72278,SUN DO,I-74 Exit 197,Maxton,NC,63,3.43900,1,3.43900,3.43900,34.735160,-79.348930,city
72279,AMOCO,US-30,Clarence,IA,380,3.39900,1,3.39900,3.39900,41.888910,-91.056540,city
72281,SUNOCO,I-95 Exit 77B & SR-24,Edgewood,MD,22,3.29900,1,3.29900,3.29900,39.418720,-76.294400,city
72282,SUNOCO,I-278 Exit 48,Bronx,NY,105,4.53900,1,4.53900,4.53900,40.849850,-73.866410,city
72285,CUSSETA TRAVEL CENTER,SR 520,Cusseta,GA,50,3.19900,1,3.19900,3.19900,32.305430,-84.772700,city
72287,CASEY'S #4522,US-81,Hennessey,OK,483,3.05900,1,3.05900,3.05900,36.109200,-97.898670,city
72288,S&G #88,I-475 Exit 13 & US-20,Toledo,OH,550,3.00900,1,3.00900,3.00900,41.663940,-83.555210,city
72289,SUNOCO,SR-12 & FM-1136,Orange,TX,610,2.89900,1,2.89900,2.89900,30.092990,-93.736550,city
72290,SUNSTOP,US-19,Thomasville,GA,20,3.28233,1,3.28233,3.28233,30.836580,-83.978780,city
72291,Union 76,US-129,Mc Alpin,FL,75,3.65900,1,3.65900,3.65900,30.139120,-82.951800,city
72292,SUNSTOP #336,SR-121 & CR-18,Lake Butler,FL,75,3.59233,1,3.59233,3.59233,28.501670,-81.540910,city
72293,SUNSTOP INLAND DBA ONE9 #1402,I-10 & SR-71,Marianna,FL,20,3.29900,2,3.29900,3.29900,30.774360,-85.226870,city
72294,SWANTON SUNOCO,I-89 & SR-78,Swanton,VT,39,3.53900,1,3.53900,3.53900,44.918100,-73.124300,city
72295,SWIFT,US-69,Nederland,TX,610,2.98567,1,2.98567,2.98567,29.974380,-93.992400,city
72296,SWIFT STOP #5,US-84 & US-380,Post,TX,700,2.94300,1,2.94300,2.94300,33.191220,-101.379000,city
72297,T & M FOOD STORE,SR-113,Taylorsville,GA,193,3.36700,1,3.36700,3.36700,34.086210,-84.987440,city
72298,TARZAN AND JANE,I-20 & SR-137,Stanton,TX,612,3.29900,1,3.29900,3.29900,32.129290,-101.788460,city
72302,TEXACO,SR-114 & SR-156,Pennington,AL,705,3.19733,1,3.19733,3.19733,32.207090,-88.056130,city
72303,TEXACO #378602,I-59 Exit 85 & SR-590,Ellisville,MS,620,3.19900,1,3.19900,3.19900,31.604050,-89.195610,city
72305,THE ANCHOR,US-60 & CR-3500,Mountain View,MO,535,3.03233,1,3.03233,3.03233,36.995330,-91.703760,city
72308,Racetrac #2609,SR-60,Okeechobee,FL,140,3.29900,1,3.29900,3.29900,27.243930,-80.829780,city
72309,Racetrac #2608,"I-59, EXIT 181 & SR-77",Gadsden,AL,587,2.99900,1,2.99900,2.99900,34.014340,-86.006390,city
72310,RACETRAC #2387,US-19,Hudson,FL,225,3.31567,1,3.31567,3.31567,28.364450,-82.693430,city
72313,THOMPSON'S CORNER,US-25,Millen,GA,135,3.31567,1,3.31567,3.31567,32.804050,-81.949280,city
72314,THORNTONS #0333,SR-59 & SR-56,Warrenville,IL,346,3.57400,2,3.54900,3.59900,41.817810,-88.173400,city
72315,THORNTONS #221343,US-14 & SR-31,Crystal Lake,IL,293,3.47400,2,3.44900,3.49900,42.241130,-88.316200,city
72316,THORNTONS #221344,SR-120,Mchenry,IL,297,3.67400,2,3.64900,3.69900,42.333350,-88.266750,city
72317,THORNTONS #261169,SR-1747 & SR-2052,Louisville,KY,415,3.28067,1,3.28067,3.28067,38.254240,-85.759410,city
72318,THORNTONS #330,I-55 & SR-50,Cicero,IL,290,3.57400,2,3.54900,3.59900,41.845590,-87.753940,city
72319,THORNTONS #5,I-55 & SR-50,Cicero,IL,290,3.62400,2,3.59900,3.64900,41.845590,-87.753940,city
72320,THORNTONS #616,SR-265,Lebanon,TN,460,2.87567,1,2.87567,2.87567,36.208110,-86.291100,city
72321,Thorntons #617,I-24 Exit 64,La Vergne,TN,460,2.88233,1,2.88233,2.88233,36.015620,-86.581940,city
72324,TREE CITY TRAVEL PLAZA,US-421,Greensburg,IN,375,3.98900,1,3.98900,3.98900,39.337270,-85.483580,city
72325,TREX MART #17,I-29 & SR-371,Platte City,MO,400,2.99900,1,2.99900,2.99900,39.370280,-94.782460,city
72326,CIRCLE K #4700101,I-65 Exit 50,Seymour,IN,375,3.49900,1,3.49900,3.49900,38.959220,-85.890250,city
72328,Tropic Fleet Hialeah Cardlock,SR-953 & SR-934,Miami,FL,95,3.47900,1,3.47900,3.47900,25.774270,-80.193660,city
72329,TROTTERS,SR-2,Broken Bow,NE,475,3.29900,1,3.29900,3.29900,41.401950,-99.639280,city
72330,TRUE NORTH #325,SR-57 & SR-113,Elyria,OH,414,3.67900,1,3.67900,3.67900,41.368380,-82.107650,city
72331,TUPELO TRAVEL STOP,SR-48 & SR-3,Tupelo,OK,569,2.99900,1,2.99900,2.99900,34.604810,-96.424170,city
72332,TXB #82 DBA KWIK CHEK FOOD STORES,US-83,Asherton,TX,693,3.25900,1,3.25900,3.25900,28.441930,-99.760330,city
72333,UNITED MARKET,US-84,Blackshear,GA,75,3.76567,1,3.76567,3.76567,31.306050,-82.242070,city
72335,VALERO,US-30 & SR-598,Galion,OH,411,3.49900,1,3.49900,3.49900,40.733670,-82.789900,city
72337,VALLEY COUNTRY STORE,I-84 & US-93,Jerome,ID,787,3.43233,1,3.43233,3.43233,42.724070,-114.518650,city
72338,VALLEY MART #05,US-90 & SR-173,Hondo,TX,740,3.19900,1,3.19900,3.19900,29.347460,-99.141420,city
72339,VP RACING FUEL,US-231,Panama City,FL,145,3.49900,1,3.49900,3.49900,30.159460,-85.659830,city
72340,WARREN OIL,US-6,Channahon,IL,399,3.70400,2,3.62900,3.77900,41.429480,-88.228670,city
72342,WHITE RIVER,US-231 & SR-58,Bloomfield,IN,546,3.75900,1,3.75900,3.75900,39.026990,-86.937510,city
72343,WOLF DEN,US-97,Wapato,WA,925,3.40900,1,3.40900,3.40900,46.447630,-120.420340,city
72344,WOW FOOD MART,I-75 & US-25,Richmond,KY,410,3.60900,1,3.60900,3.60900,37.747860,-84.294650,city
72345,YAKAMART,US-97,Toppenish,WA,925,3.50900,1,3.50900,3.50900,46.377350,-120.308670,city
72346,Y-NOT STOP,US-165 & SR-10,Oakdale,LA,730,3.69900,1,3.69900,3.69900,30.816030,-92.660420,city
72347,MARATHON,I-94 Exit 121,Albion,MI,431,3.69900,1,3.69900,3.69900,42.243100,-84.753030,city
72348,7-ELEVEN #34718,"I-294, EXIT 25",Hinsdale,IL,290,3.76567,3,3.71900,3.83900,41.800860,-87.937010,city
72349,7-ELEVEN #34713,"I-90, EXIT 24",Belvidere,IL,290,3.75900,3,3.65900,3.87900,42.263910,-88.844270,city
72350,7-ELEVEN #34709,504 N CREGO RD,Dekalb,IL,290,4.43900,1,4.43900,4.43900,41.929470,-88.750360,city
72351,LOVES TRAVEL STOP #874,"I-65, EXIT 175 & SR-25",Lafayette,IN,365,3.67233,1,3.67233,3.67233,40.416700,-86.875290,city
72352,LOVES TRAVEL STOP #858,"I-49, EXIT 172 & US-84",Mansfield,LA,745,3.24567,1,3.24567,3.24567,32.037660,-93.700180,city
72360,PUMP & PANTRY #22,SR-91 & SR-11,Burwell,NE,330,3.29900,1,3.29900,3.29900,41.781670,-99.133150,city
72361,PUMP & PANTRY #39,I-80 Exit 179 & SR-56G,North Platte,NE,330,3.11567,1,3.11567,3.11567,41.123890,-100.765420,city
72362,PUMP & PANTRY #18,US-281 & CR-11,Doniphan,NE,330,3.30733,1,3.30733,3.30733,40.771960,-98.369510,city
72363,PUMP & PANTRY #1,US-30,Grand Island,NE,330,3.30733,1,3.30733,3.30733,40.925010,-98.342010,city
72368,CHEVRON #352416,I-8 Exit 73,Jacumba,CA,900,6.39900,1,6.39900,6.39900,32.617560,-116.189740,city
72372,Eastland Truck Stop,I-20 Exit 340 & SR-6,Eastland,TX,575,2.93233,1,2.93233,2.93233,32.401520,-98.817560,city
72373,Rusty Lantern,SR-4,Turner,ME,170,3.89900,1,3.89900,3.89900,44.256460,-70.256170,city
72374,Rusty Lantern,SR-26 & SR-219,West Paris,ME,170,3.96567,1,3.96567,3.96567,44.324230,-70.573950,city
72376,SUNOCO,US 84 & SR 39,Donalsonville,GA,20,3.49900,1,3.49900,3.49900,31.040460,-84.879090,city
72378,EB SUNOCO,SR-3 & SR-28,Muncie,IN,457,3.79900,1,3.79900,3.79900,40.193380,-85.386360,city
72380,EXXPRESS MART #12,US-287 & SR-421,Lumberton,TX,610,2.95900,1,2.95900,2.95900,30.265770,-94.199630,city
72382,EXXPRESS MART #4,SR-105,Beaumont,TX,610,3.19900,1,3.19900,3.19900,30.086050,-94.101850,city
72385,GAS N WASH,I-57 & SR-17,Kankakee,IL,399,3.59900,1,3.59900,3.59900,41.120030,-87.861150,city
72387,Williams Fuel Stop,SR-7 & SR-735,Gallipolis,OH,255,3.54067,1,3.54067,3.54067,38.809800,-82.202370,city
72389,PILOT #1354,US 385,Odessa,TX,710,3.56567,1,3.56567,3.56567,31.845680,-102.367640,city
72390,QUIKTRIP #46,US 169 & SR 266,Tulsa,OK,560,3.14233,1,3.14233,3.14233,36.153980,-95.992770,city
72391,QUIKTRIP #56,US-169 & SR-11,Tulsa,OK,560,3.14233,1,3.14233,3.14233,36.153980,-95.992770,city
72394,LOVES TRAVEL STOP #871,"I-85, Exit 32",Piedmont,SC,30,3.19733,1,3.19733,3.19733,34.702340,-82.464570,city
72395,ALLSUPS #2427,US 84,Gatesville,TX,765,3.00733,1,3.00733,3.00733,31.435160,-97.743910,city
72396,RACETRAC #2624,US-1,Marathon,FL,95,3.23567,1,3.23567,3.23567,24.713750,-81.090350,city
72400,HAN DEE HUGOS #21,US-17 & SR-87,Winnabow,NC,245,3.41233,1,3.41233,3.41233,34.149340,-78.093600,city
72402,HAN DEE HUGOS #5,SR-410 & SR-211,Bladenboro,NC,63,3.20567,1,3.20567,3.20567,34.538780,-78.787520,city
72403,HAN DEE HUGOS #67,US-70,Raleigh,NC,177,3.99900,1,3.99900,3.99900,35.772100,-78.638610,city
72408,JOURNEY FOOD STORE #2,US-301,Callahan,FL,75,3.39900,1,3.39900,3.39900,30.562180,-81.830660,city
72410,KELLEYS MARKET,I-90 Exit 15 & US-20 BUS,Rockford,IL,520,3.04400,2,2.96900,3.11900,42.271130,-89.094000,city
72412,KELLEYS MARKET,US-20,Cherry Valley,IL,520,3.69900,1,3.69900,3.69900,42.234740,-88.948990,city
72413,TROPIC OIL COMPANY,SR-17,Lake Wales,FL,140,3.49900,1,3.49900,3.49900,27.901410,-81.585910,city
72418,SHELL,SR-953,Miami,FL,95,3.47900,1,3.47900,3.47900,25.774270,-80.193660,city
72419,Denver 39th Ave Cardlock,I-70/US-36 EXIT-281,Denver,CO,800,3.49067,1,3.49067,3.49067,39.739150,-104.984700,city
72420,MAVERIK COUNTRY STORE #620,SR-8,Saint George,UT,791,3.46233,1,3.46233,3.46233,37.104150,-113.584120,city
72424,MIDDLESEX FOOD STORE,CR-604,Carteret,NJ,79,3.51567,1,3.51567,3.51567,40.577330,-74.228200,city
72425,MINUTEMAN FOOD MART #18,SR-87,Tar Heel,NC,63,4.61900,1,4.61900,4.61900,34.733220,-78.790020,city
72428,QUIKTRIP #7249,US 80 E,Flowood,MS,705,2.91567,1,2.91567,2.91567,32.309590,-90.138980,city
72429,PARKERS #16 (DISCOUNT AVAILABLE),SR-21,Port Wentworth,GA,195,3.10567,1,3.10567,3.10567,32.149090,-81.163170,city
72430,PATRIOT FUELING CENTER,SR-9,Lineville,AL,587,3.29900,1,3.29900,3.29900,33.310670,-85.754410,city
72432,Yesway #1203,SR-6,Clifton,TX,765,2.96900,1,2.96900,2.96900,31.782380,-97.576690,city
72433,RENFROE STORE,SR-25,Carthage,MS,705,4.09900,1,4.09900,4.09900,32.732640,-89.536180,city
72435,Cedar City Cardlock (Bulk Plant),"I-15, EXIT 59",Cedar City,UT,791,3.45900,1,3.45900,3.45900,37.677480,-113.061890,city
72436,Ricky Rockets,SR-390 &SR-53,Itasca,IL,297,3.50900,4,3.39900,3.57900,41.975030,-88.007290,city
72437,Tropic Oil,US-191,Moab,UT,810,4.16900,1,4.16900,4.16900,38.573320,-109.549840,city
72438,QUIKTRIP #7208,I-290 EXIT 18A,Bellwood,IL,290,3.18100,5,3.07900,3.27900,41.881420,-87.883120,city
72440,Rutters #84,US-15 & SR-340,Emmitsburg,MD,22,3.91567,1,3.91567,3.91567,39.704540,-77.326930,city
72441,SHEETZ #165,US-6,Coudersport,PA,240,3.69900,1,3.69900,3.69900,41.774790,-78.020560,city
72442,SHEETZ #239,I-70 Exit 57,New Stanton,PA,68,3.28567,1,3.28567,3.28567,40.219240,-79.609480,city
72443,SHEETZ #553,I-81 Exit 3,Greencastle,PA,70,3.33233,1,3.33233,3.33233,39.790370,-77.727770,city
72444,SHEETZ #597,I-40 Exit 126,Hickory,NC,46,2.85900,1,2.85900,2.85900,35.733190,-81.341200,city
72445,SHEETZ #639,I-80 Exit 223,Youngstown,OH,573,3.05900,1,3.05900,3.05900,41.099780,-80.649520,city
72446,SHEETZ #656,US-219 & US-6,Kane,PA,240,3.69900,1,3.69900,3.69900,41.662840,-78.811140,city
72447,SHEETZ #689,I-64 EXIT 197A  & SR-156,Henrico,VA,180,2.94900,1,2.94900,2.94900,36.592640,-78.616110,city
72448,SHELL SERVICE STATION,SR-55,Morrison,TN,285,3.49900,1,3.49900,3.49900,35.602850,-85.919710,city
72456,SPINX #161,I-85 Exit 60 & SR-101,Greer,SC,210,3.15900,1,3.15900,3.15900,34.938730,-82.227060,city
72458,7-ELEVEN #41335,SR-80 & SR-29,Labelle,FL,225,3.59900,1,3.59900,3.59900,26.761730,-81.438410,city
72459,7-ELEVEN #34154,I-75 Exit 128,Fort Myers,FL,225,3.29900,1,3.29900,3.29900,26.621680,-81.840590,city
72462,Story Belgrade Cardlock,"I-90, EXIT 298",Belgrade,MT,786,3.69900,1,3.69900,3.69900,45.776040,-111.176900,city
72466,Holbrook Cardlock,I-40 EXIT 285,Holbrook,AZ,930,3.23233,1,3.23233,3.23233,34.902250,-110.158180,city
72467,SUNOCO SERVICE STATION,I-81 Exit 44 & SR-465,Carlisle,PA,70,3.88900,1,3.88900,3.88900,40.201480,-77.188870,city
72468,Springerville Cardlock,US-191,Springerville,AZ,930,3.25900,1,3.25900,3.25900,34.133550,-109.288340,city
72471,THORNTONS #221335,I-55 Exit 263,Bolingbrook,IL,296,3.67400,2,3.64900,3.69900,41.698640,-88.068400,city
72473,Loves Travel Stop #885,US 77,Harlingen,TX,665,3.64900,1,3.64900,3.64900,26.190630,-97.696100,city
72475,Express 24,SR-77 & US-60,Show Low,AZ,930,3.29900,1,3.29900,3.29900,34.254210,-110.029830,city
72476,Mandan Cardlock (Bulk Plant),"I-94, EXIT 153",Mandan,ND,273,3.59900,1,3.59900,3.59900,46.826660,-100.889580,city
72477,Racetrac #2618,US-231 & CR-8,Huntsville,AL,615,2.95067,1,2.95067,2.95067,34.730400,-86.585940,city
72478,Racetrac #2621,SR-53,Huntsville,AL,615,3.09900,1,3.09900,3.09900,34.730400,-86.585940,city
72479,CEFCO #2086,US 180 & 84,Snyder,TX,700,2.96567,1,2.96567,2.96567,32.717890,-100.917620,city
72480,TA Mt Vernon,I-44,Mount Vernon,MO,535,3.40400,1,3.40400,3.40400,37.103670,-93.818540,city
72481,CASEYS #4323,SR-57 & SR-60,Wanamingo,MN,451,3.49900,1,3.49900,3.49900,44.304410,-92.790470,city
72482,RUTTERS FARM STORE #80,SR 61,Orwigsburg,PA,208,3.85900,1,3.85900,3.85900,40.654810,-76.100770,city
72483,Circle K #4700047,I-65 Exit 34A,Austin,IN,415,3.79900,1,3.79900,3.79900,38.758390,-85.808030,city
72485,ALLSUPS CONVENIENCE STORE #2160,US 70,Roswell,NM,593,3.25567,1,3.25567,3.25567,33.394370,-104.524910,city
72486,QUIKTRIP #4216,"I-70 & SR-79, EXIT 304",Bennett,CO,800,3.19900,1,3.19900,3.19900,39.758870,-104.427460,city
72487,PILOT #1380,I-2 EXIT 161,Mercedes,TX,639,3.65900,1,3.65900,3.65900,26.149800,-97.913610,city
72488,MAVERIK COUNTRY STORE #657,I-15 Exit 10,Washington,UT,910,3.42567,1,3.42567,3.42567,37.130540,-113.508290,city
72489,CASEYS #3987,LINCOLN HWY,Wanatah,IN,465,3.71567,1,3.71567,3.71567,41.430600,-86.898360,city
72490,ASAP GENERAL STORE #322,US-281,Hinton,OK,483,3.13233,1,3.13233,3.13233,35.471440,-98.355620,city
72492,CIRCLE K #2709098,US 85,Greeley,CO,800,3.21067,1,3.21067,3.21067,40.423310,-104.709130,city
72493,Chiricahua Apache Plaza,I-10 EXIT 102,Deming,NM,640,3.03733,1,3.03733,3.03733,32.268700,-107.758640,city
72494,7-ELEVEN #42132,"I-35, EXIT 131",Lytle,TX,740,3.59900,1,3.59900,3.59900,29.233290,-98.796410,city
72495,ROAD RANGER #286,1-40 EXIT 77,Amarillo,TX,585,2.97233,1,2.97233,2.97233,35.222000,-101.831300,city
72496,ROAD RANGER #289,I-45 EXIT 189,Teague,TX,765,3.39567,1,3.39567,3.39567,31.627110,-96.283860,city
72497,ROAD RANGER #290,"I-44, Exit 13",Joplin,MO,277,3.21233,1,3.21233,3.21233,37.084230,-94.513280,city
72498,SHEETZ  #760,"I-71, EXIT 140 Township Rd 256",Marengo,OH,315,3.06567,1,3.06567,3.06567,40.400890,-82.810730,city
72499,Bowie Travel Center Chevron dba One9 #1411,I-10,Bowie,AZ,980,3.05733,3,3.01400,3.09900,32.326470,-109.487010,city
72500,GAS N WASH,US 34,Plano,IL,290,3.54900,2,3.49900,3.59900,41.662810,-88.537020,city
72501,QUIKTRIP #7203,"I-80, EXIT 75 &SR-251",Peru,IL,520,3.09500,5,2.96900,3.24900,41.327530,-89.128970,city
72502,QUIKTRIP #7133,"I-95, EXIT 190 & SR-34",Dillon,SC,63,3.08233,1,3.08233,3.08233,34.416550,-79.371160,city
72503,QUIKTRIP #7151,I-55/40 EXIT 278 & SR-191,West Memphis,AR,435,2.99900,1,2.99900,2.99900,35.146480,-90.184540,city
72505,CASEYS #4379,I-59 HWY,Worthington,MN,530,3.14233,1,3.14233,3.14233,43.619960,-95.596400,city
72506,CASEYS #4273,SR-56,Madison,IN,375,3.69900,1,3.69900,3.69900,38.735890,-85.379960,city
72507,Golden Gate Fillmore,SR 99,Fillmore,UT,791,3.29733,1,3.29733,3.29733,38.968850,-112.323550,city
72510,STUCK FLEET FUELING,US-19,Waynesburg,PA,165,4.49900,1,4.49900,4.49900,39.896460,-80.179230,city
72514,Petro-Card 24 #910722,SR-6,Trenton,MO,276,3.14900,1,3.14900,3.14900,40.078900,-93.616610,city
72515,PETRO-CARD 24 #910520,US-54BUS,Mexico,MO,310,3.22900,1,3.22900,3.22900,39.169760,-91.882950,city
72519,CIRCLE K #2723050,SR-59,Hope Mills,NC,205,2.90900,1,2.90900,2.90900,34.970440,-78.945310,city
72520,PETRO-CARD 24 #910160,US-50,Warrensburg,MO,400,3.29900,1,3.29900,3.29900,38.762790,-93.736050,city
72521,PETRO-CARD 24 #910410,I-44/US-66,Lebanon,MO,535,3.09900,1,3.09900,3.09900,37.680600,-92.663790,city
72522,MFA #910591,US-63,La Plata,MO,494,3.33900,1,3.33900,3.33900,40.023370,-92.491580,city
72523,Petro-Card 24 #910820,US-60BUS,Willow Springs,MO,535,3.39900,1,3.39900,3.39900,36.992280,-91.969870,city
72524,QuickChek #189,US-46,Ridgefield,NJ,115,3.25233,1,3.25233,3.25233,40.834270,-74.008750,city
72526,PETRO-CARD 24 #911251,US-169,King City,MO,567,3.29900,1,3.29900,3.29900,40.051380,-94.524120,city
72528,MFA #910260,SR-87/240,Glasgow,MO,310,3.39650,1,3.39650,3.39650,39.227250,-92.846580,city
72529,PETRO-CARD 24 #910530,US-24,Moberly,MO,310,3.41900,1,3.41900,3.41900,39.418370,-92.438240,city
72530,PETRO-CARD 24 #910140,US-50 BUS,California,MO,392,3.45900,1,3.45900,3.45900,38.627530,-92.566580,city
72531,PETRO-CARD 24 #910040,US-60 BUS,Aurora,MO,416,3.20900,1,3.20900,3.20900,36.970890,-93.717980,city
72533,Fuel 4,US-9,Jersey City,NJ,115,3.23900,1,3.23900,3.23900,40.728160,-74.077640,city
72534,Petro-Card 24 #911290,US-59,Mound City,MO,567,3.14900,1,3.14900,3.14900,40.131110,-95.231640,city
72535,MFA #911310,SR-5,Centerville,IA,489,3.12567,1,3.12567,3.12567,42.092760,-93.935510,city
72536,MFA 910281,SR-5,Milan,MO,276,3.29900,1,3.29900,3.29900,40.202240,-93.125210,city
72537,PETRO-CARD 24 #910210,SR-7,Clinton,MO,400,3.39900,1,3.39900,3.39900,38.368630,-93.778270,city
72538,Petro-Card 24 #910670,SR-51,Qulin,MO,275,3.19900,1,3.19900,3.19900,36.595890,-90.247320,city
72540,MFA #910441,US-54,Louisiana,MO,494,3.04900,1,3.04900,3.04900,39.448940,-91.051530,city
72541,MFA 911021,US-136,Tarkio,MO,567,3.32900,1,3.32900,3.32900,40.440280,-95.377760,city
72542,MFA #910731,SR-15,Shelbina,MO,494,2.99900,1,2.99900,2.99900,39.693930,-92.042950,city
72543,PETRO CARD 24,SR-18,Clinton,MO,400,3.39900,1,3.39900,3.39900,38.368630,-93.778270,city
72544,BJS NEW UNDERWOOD,CR-1416,New Underwood,SD,506,3.69900,1,3.69900,3.69900,44.093320,-102.836280,city
72546,MFA OIL #2028,SR-53,Poplar Bluff,MO,275,3.23233,1,3.23233,3.23233,36.757000,-90.392890,city
72548,GASQUATCH,US-70/SR-3,Idabel,OK,723,3.10733,1,3.10733,3.10733,33.895660,-94.826330,city
72550,TERRIBLE HERBST #388,I-15 Exit 91,Moapa,NV,910,3.54900,1,3.54900,3.54900,36.675800,-114.620820,city
72551,Good 2 Go,US-81,Geneva,NE,350,3.36567,1,3.36567,3.36567,40.526950,-97.595880,city
72552,VALLEYWIDE COUNTRY STORE,I- 86 Exit 40,American Falls,ID,787,3.59900,1,3.59900,3.59900,42.786020,-112.854440,city
72553,Friendly Express,I-71 Exit 186 & US-250,Ashland,OH,249,3.19900,1,3.19900,3.19900,40.868670,-82.318220,city
72554,CEFCO #422,SR-4,Baker,FL,127,3.29900,1,3.29900,3.29900,30.166040,-85.685760,city
72556,STARMART,US-183,Goldthwaite,TX,765,3.09900,1,3.09900,3.09900,31.449890,-98.570880,city
72557,LITTLE NECK SHELL,I-16 Exit 152,Bloomingdale,GA,195,3.09900,1,3.09900,3.09900,32.132420,-81.299000,city
72558,Circle K #4703975,SR-109 & US-70,Lebanon,TN,460,2.87233,1,2.87233,2.87233,36.208110,-86.291100,city
72559,SUN TRAVEL CENTER,I-55 EXIT 114A,Canton,MS,760,3.49900,1,3.49900,3.49900,32.612640,-90.036750,city
72560,AMOCO,US 131 & US 12,White Pigeon,MI,465,3.57900,2,3.55900,3.59900,41.798110,-85.643320,city
72561,7-ELEVEN #38638,I-25 Exit 235,Erie,CO,800,3.39900,1,3.39900,3.39900,40.050260,-105.049980,city
72562,7-ELEVEN #17703,US HWY 11,Martinsburg,WV,70,3.24900,1,3.24900,3.24900,39.456210,-77.963890,city
72563,RACEWAY #6991,I-65 Exit 19 & US-43,Creola,AL,715,2.94900,1,2.94900,2.94900,30.891850,-88.039720,city
72565,WEIGEL'S #102,I-75 & SR-30,Athens,TN,405,3.34733,1,3.34733,3.34733,35.442850,-84.592990,city
72566,Loves  Travel Stop #826,I-70 Exit 75,Parachute,CO,800,3.59567,1,3.59567,3.59567,39.451920,-108.052850,city
72567,THE TEXAN #12,US 87,La Vernia,TX,740,3.04900,1,3.04900,3.04900,29.356350,-98.115560,city
72569,RACETRAC #204,US-19 & SR-400,Dawsonville,GA,18,3.31900,1,3.31900,3.31900,34.421210,-84.119080,city
72570,Lake View Cheese & Liquor,I-43,Belgium,WI,444,3.25567,1,3.25567,3.25567,43.499720,-87.850370,city
72571,MAVERIK #719,I-82 EXIT 33,Yakima,WA,962,3.91233,3,3.89900,3.92900,46.602070,-120.505900,city
72572,GOOD 2 GO #713 DBA ONE9 #1432,I-76 EXIT 21,Brighton,CO,800,3.23400,2,3.19900,3.26900,39.985260,-104.820530,city
72574,Loves Travel Stop #831,"I-10 & Fort Grant Rd, Exit 340",Willcox,AZ,980,3.33233,1,3.33233,3.33233,32.252850,-109.832010,city
72575,Loves Travel Stop #864,US-98,Lucedale,MS,715,3.44900,1,3.44900,3.44900,30.925190,-88.590020,city
72576,Pride Travel Center South,"I-291 & SR-5, EXIT 4",South Windsor,CT,100,3.90900,1,3.90900,3.90900,41.823710,-72.621200,city
72577,QUIKTRIP #7205,"I-80, EXIT 161",Lansing,IL,365,3.16900,3,3.07900,3.24900,41.564760,-87.538930,city
72578,QUIKTRIP #7247,"I-55, EXIT 85",Byram,MS,760,2.91567,1,2.91567,2.91567,32.179320,-90.245370,city
72579,Raceway #6986,US-378 & CR-467,Sumter,SC,135,2.97900,1,2.97900,2.97900,33.920440,-80.341470,city
72580,KWIK TRIP #1267,SR 29,Chippewa Falls,WI,295,3.39233,1,3.39233,3.39233,44.936910,-91.392930,city
72581,FASTRAC MARKET #500266,I-87 Exit 18,Queensbury,NY,12,3.99900,1,3.99900,3.99900,43.377290,-73.613170,city
72582,FASTRAC MARKET #500242,SR-12 & SR-5A,Utica,NY,235,3.94900,2,3.89900,3.99900,43.100900,-75.232660,city
72583,SHEETZ #769,I-80 Exit 232,Bloomsburg,PA,138,3.32900,1,3.32900,3.32900,41.003700,-76.454950,city
72584,ONE9 #1359,"I-80, EXIT 30",Sparks,NV,966,3.54900,1,3.54900,3.54900,39.534910,-119.752690,city
72585,GAS N WASH GREEN OAKS,"I-94, EXIT 16",Libertyville,IL,290,3.57900,2,3.55900,3.59900,42.283080,-87.953130,city
72586,Loves Travel Stop #875,"I-49, Exit 15",Opelousas,LA,730,3.08567,1,3.08567,3.08567,30.533530,-92.081510,city
72587,Allsups Convenience #2416,I-20 EXIT 244 AND HWY 70,Sweetwater,TX,575,2.88400,1,2.88400,2.88400,32.470950,-100.405940,city
72588,ALLSUPS CONVENIENCE #2430,US 380,Jacksboro,TX,630,3.04400,1,3.04400,3.04400,33.218450,-98.158660,city
72589,ALLSUPS CONVENIENCE #2056,US 287,Memphis,TX,585,2.92900,1,2.92900,2.92900,34.724780,-100.534010,city
72590,MAVERIK #716,I-80 & SR-351,Wells,NV,835,3.39233,1,3.39233,3.39233,41.111590,-114.964490,city
72591,Quiktrip #7173,"I-20, EXIT 156",Pell City,AL,587,2.99900,1,2.99900,2.99900,33.586210,-86.286090,city
72592,QUIKTRIP #7191,US-45 & I-57,Effingham,IL,510,3.09900,2,2.99900,3.19900,39.120040,-88.543380,city
72594,Quiktrip #7900,I-30 & FM-989,Texarkana,TX,766,2.85733,1,2.85733,2.85733,33.425130,-94.047690,city
72595,CIRCLE K #2654400,SR-115,Kearneysville,WV,22,3.26567,1,3.26567,3.26567,39.388160,-77.885550,city
72596,Hucks Food & Fuel #401 dba Pilot #1360,"I-69, EXIT 25",Mayfield,KY,490,3.59900,1,3.59900,3.59900,36.741720,-88.636720,city
72597,CIRCLE K #4705697,US 422,Warren,OH,573,3.61233,1,3.61233,3.61233,41.237560,-80.818420,city
72599,FATDOGS LEXINGTON,US-283,Lexington,NE,475,2.97900,1,2.97900,2.97900,40.780840,-99.741500,city
72603,THORNTONS #170,I-465 Exit 46 & US-40,Indianapolis,IN,375,3.59900,1,3.59900,3.59900,39.768380,-86.158040,city
72606,PETRO-CARD 24 #910474,US-65,Malta Bend,MO,276,3.43900,1,3.43900,3.43900,39.193350,-93.362990,city
72607,TOWN PUMP FOOD STORE #6300,I-90 & US-191,Big Timber,MT,786,3.53900,1,3.53900,3.53900,45.834940,-109.955460,city
72608,Petro-Card 24 #910640,US-61,Perryville,MO,275,3.09900,1,3.09900,3.09900,37.724220,-89.861220,city
72610,JORDANS KWIK STOP #6,I-55 Exit 48 & SR-140,Osceola,AR,418,3.01233,1,3.01233,3.01233,35.705080,-89.969530,city
72611,Kwik Trip # 1722,SR 35 & SR 553,Gwinn,MI,395,3.81900,1,3.81900,3.81900,46.281060,-87.440970,city
72612,PETRO-CARD 24 #910411,I-44 & SR-32,Lebanon,MO,535,3.09900,1,3.09900,3.09900,37.680600,-92.663790,city
72614,FAST FUEL FOOD STORES,SR-4,Gassaway,WV,44,3.56567,1,3.56567,3.56567,38.673150,-80.774820,city
72615,U STOP #4,US-6,Lincoln,NE,413,3.39900,1,3.39900,3.39900,40.800000,-96.666960,city
72616,PETRO-CARD 24 #910700,SR-32,Sainte Genevieve,MO,275,3.09900,1,3.09900,3.09900,37.981440,-90.041780,city
72619,MARTYVILLE MARATHON,SR-25,Tishomingo,MS,742,3.27900,1,3.27900,3.27900,34.636760,-88.231710,city
72620,CENEX,US-2,Leeds,ND,452,3.24900,1,3.24900,3.24900,48.288890,-99.437640,city
72621,PETRO-CARD 24 #1047,SR-240,Slater,MO,276,3.45900,1,3.45900,3.45900,39.218080,-93.069090,city
72622,Phillips 66,US- 60 & HWY AD,Dexter,MO,275,3.40233,1,3.40233,3.40233,36.795890,-89.957870,city
72623,LENNYS FOOD N FUEL,US-6,Joliet,IL,296,3.46400,4,3.29900,3.65900,41.525190,-88.083400,city
72625,PETRO-CARD 24,SR-46 & US-71,Maryville,MO,567,3.12900,1,3.12900,3.12900,40.346100,-94.872470,city
72626,MFA OIL,SR-18,Lake City,AR,418,3.39900,1,3.39900,3.39900,35.816190,-90.434270,city
72628,Gas Pro 6,SR-121 & US-25,Trenton,SC,135,3.46567,1,3.46567,3.46567,33.744020,-81.840670,city
72629,MFA #910600,SR-28,Owensville,MO,392,3.29900,1,3.29900,3.29900,38.345600,-91.501550,city
72630,PETRO-CARD 24 #910250,US-54 BUS,Fulton,MO,392,3.29900,1,3.29900,3.29900,38.846710,-91.947960,city
72631,THORNTONS #221348,I-355 & SR-7,Homer Glen,IL,296,3.88233,6,3.84900,3.89900,41.600030,-87.938110,city
72633,Petro-Card 24 #910830,SR-52,Windsor,MO,400,3.49900,1,3.49900,3.49900,38.532240,-93.522150,city
72634,MURPHY USA #7827,US-385 & US-60,Hereford,TX,585,2.82900,1,2.82900,2.82900,34.815210,-102.399320,city
72635,GULF,SR-140,Boylston,MA,34,3.83900,1,3.83900,3.83900,42.391760,-71.703680,city
72637,AZTEX #104,I-40 Exit 398,Knoxville,TN,405,3.35900,1,3.35900,3.35900,35.960640,-83.920740,city
72639,ALLSUPS #2423,US-377 & US-70,Madill,OK,253,2.95900,1,2.95900,2.95900,34.090380,-96.771670,city
72640,Kwik Trip # 1721,SR 553 & FM 480,Marquette,MI,395,3.81900,1,3.81900,3.81900,46.543540,-87.395420,city
72642,LOVES TRAVEL STOP #857,US-95 & US-6,Tonopah,NV,910,3.71567,1,3.71567,3.71567,38.067160,-117.230080,city
72643,ONCUE #147,"I-44, EXIT 12",Oklahoma City,OK,483,3.04900,1,3.04900,3.04900,35.467560,-97.516430,city
72644,MAVERIK COUNTRY STORE #642,I-25 EXIT 262,Fort Collins,CO,800,3.25900,1,3.25900,3.25900,40.585260,-105.084420,city
72645,MAVERIK #723,"I-10, EXIT 240",Marana,AZ,980,3.04567,1,3.04567,3.04567,32.436740,-111.225380,city
72646,TOOT N TOTUM #131,US 87,Lamesa,TX,710,3.10900,1,3.10900,3.10900,32.737600,-101.950990,city
72647,RACEWAY #6972,US-83 & US-43,Demopolis,AL,615,3.07733,1,3.07733,3.07733,32.517640,-87.836400,city
72648,Loves Travel Stop #873,US 50,Canon City,CO,803,3.50900,1,3.50900,3.50900,38.440980,-105.242450,city
72649,Love's Travel Stop #891,US 93,Jackpot,NV,835,3.62733,1,3.62733,3.62733,41.983240,-114.674760,city
72650,Loves Travel Stop #862,I-35 Exit 65,Cotulla,TX,693,3.58900,1,3.58900,3.58900,28.436930,-99.235030,city
72651,QUIKTRIP #7132,"I-16, EXIT 152",Bloomingdale,GA,195,3.03233,1,3.03233,3.03233,32.132420,-81.299000,city
72652,Quiktrip #4148,I-35 & GRAND AVE PKWY,Pflugerville,TX,595,2.88233,1,2.88233,2.88233,30.439370,-97.620000,city
72653,Quiktrip #7153,US-78 & EXIT #4,Olive Branch,MS,435,2.91567,1,2.91567,2.91567,34.961760,-89.829530,city
72655,RACEWAY #6988,US-79 & US-41,Clarksville,TN,460,2.99900,1,2.99900,2.99900,36.529770,-87.359450,city
72656,ALLSUPS #2437,HWY 176 & HWY 115,Andrews,TX,710,3.39567,1,3.39567,3.39567,32.318720,-102.545720,city
72660,RACEWAY #6989,US-157 & COURT ST,Moulton,AL,615,3.04900,1,3.04900,3.04900,34.481210,-87.293350,city
72663,LOC STOP TRAVEL CENTER,US-82,Dawson,GA,10,3.49900,1,3.49900,3.49900,31.773820,-84.448000,city
72664,RACETRAC #2606,"I-30, EXIT 32B & SR-181",Grand Prairie,TX,630,2.92567,1,2.92567,2.92567,32.745960,-96.997780,city
72666,CIRCLE K #2707043,"I-75/SR-401, EXIT 39 & SR-37",Adel,GA,20,2.99900,1,2.99900,2.99900,31.137270,-83.424080,city
72667,LOVES TRAVEL STOP #884,"I-30, Exit 46",Prescott,AR,635,3.47567,1,3.47567,3.47567,33.802610,-93.381010,city
72668,LOVES TRAVEL STOP #350,"I-19, Exit 12",Nogales,AZ,980,3.60900,1,3.60900,3.60900,31.340380,-110.934250,city
72669,Quiktrip #356,US-81 & S Victoria RD,Wichita,KS,570,3.19400,1,3.19400,3.19400,37.692240,-97.337540,city
72672,7-Eleven #42205,US 79,Hearne,TX,765,3.44900,1,3.44900,3.44900,30.878520,-96.593030,city
72674,QUIKTRIP #7190,I-64 EXIT 94,Mount Vernon,IL,540,3.23233,3,3.09900,3.39900,38.317270,-88.903120,city
72675,Maverik Country Store #715,I-80 EXIT 107,Big Springs,NE,475,3.10067,1,3.10067,3.10067,41.061380,-102.074350,city
72676,KWIK TRIP #1212,"I 90, EXIT 43",Worthington,MN,425,3.16400,1,3.16400,3.16400,43.619960,-95.596400,city
72677,KWIK TRIP #1256,SR 2 E,Iron Mountain,MI,360,3.32233,3,3.27900,3.39900,45.820230,-88.065960,city
72678,FLYING J #1056,I-90/ I-80,Edon,OH,550,3.89900,1,3.89900,3.89900,41.556440,-84.768850,city
72679,TEX BEST #532,US-281 & HWY 186,Edinburg,TX,639,3.02067,1,3.02067,3.02067,26.301740,-98.163340,city
72680,RACEWAY #6990,US-98,Foley,AL,155,3.07567,1,3.07567,3.07567,30.406590,-87.683600,city
72681,MAVERIK #691,I-76 EXIT 3,Denver,CO,800,3.28400,1,3.28400,3.28400,39.739150,-104.984700,city
72682,Maverik #695,I-15 EXIT 276,American Fork,UT,835,3.34900,1,3.34900,3.34900,40.376900,-111.795760,city
72683,HUCKS FOOD & FUEL #383,SR-57,Evansville,IN,340,3.75900,1,3.75900,3.75900,37.974760,-87.555850,city
72685,CHUBBYS TRAVEL CENTER,"I-35, Exit 127",Natalia,TX,740,2.97233,1,2.97233,2.97233,29.189680,-98.862530,city
72687,Kwik Trip #1203,US-71 & Airport Rd,Redwood Falls,MN,425,3.34900,1,3.34900,3.34900,44.539400,-95.116940,city
72688,SHEETZ #772,I-70 EXIT 59,Springfield,OH,317,3.05400,1,3.05400,3.05400,39.924230,-83.808820,city
72689,ROAD RANGER #285,I-10 EXIT 605,Seguin,TX,740,3.11067,1,3.11067,3.11067,29.568840,-97.964730,city
72690,Noble East Lyme,"I-95, EXIT 75",East Lyme,CT,100,3.75900,1,3.75900,3.75900,41.368990,-72.217580,city
72691,KUM & GO #2402,US 60,Springfield,MO,535,3.17567,1,3.17567,3.17567,37.215330,-93.298240,city
72693,Kum & Go #2404,US 60,Aurora,MO,535,3.11900,1,3.11900,3.11900,36.970890,-93.717980,city
72694,7-ELEVEN #42195,I-385 EXIT 23,Fountain Inn,SC,30,3.11567,1,3.11567,3.11567,34.689010,-82.195670,city
72695,Quiktrip #7906,"I-20, EXIT 617 & US-59",Marshall,TX,766,2.83733,1,2.83733,2.83733,32.544870,-94.367420,city
72696,QUIKTRIP #1742,"I-475/SR-408, exit 5 & SR-74",Macon,GA,85,3.08900,1,3.08900,3.08900,32.840690,-83.632400,city
72698,QUIKTRIP #7242,"I-10, EXIT 31",Gulfport,MS,733,2.91567,1,2.91567,2.91567,30.367420,-89.092820,city
72699,Quiktrip #7195,"I-355, EXIT 29",Addison,IL,290,3.17567,3,3.07900,3.26900,41.931700,-87.988960,city
72700,RACEWAY #6726,"I-30, Exit 172",Thomson,GA,135,3.39900,1,3.39900,3.39900,33.470690,-82.504570,city
72701,Loves Travel Stop #887,I-55 EXIT 178,Herculaneum,MO,540,3.15567,1,3.15567,3.15567,38.268390,-90.380120,city
72702,Loves Travel Stop #854,I-49 EXIT 215,Shreveport,LA,745,2.93733,1,2.93733,2.93733,32.525150,-93.750180,city
72705,SHEETZ #795,US-460 & CR-629,Disputanta,VA,180,2.98233,1,2.98233,2.98233,37.124320,-77.225810,city
72706,Sheetz #790,I-77 EXIT 100,Mount Airy,NC,65,2.85900,1,2.85900,2.85900,36.499300,-80.607290,city
72707,QUIKTRIP #4299,"I-25, EXIT 158",Monument,CO,796,3.15900,1,3.15900,3.15900,39.091660,-104.872760,city
72709,KWIK TRIP #1299,FM 164,Sussex,WI,444,3.28567,1,3.28567,3.28567,43.133900,-88.222040,city
72710,KWIK STAR #1285,I-229 EXIT 9,Sioux Falls,SD,530,2.95233,1,2.95233,2.95233,43.543690,-96.727960,city
72711,Kwik Trip #1260,FM 65,Roberts,WI,448,3.42400,1,3.42400,3.42400,44.983860,-92.556030,city
72713,Kwik Star #1217,FM 11,Sioux Falls,SD,530,2.93900,1,2.93900,2.93900,43.543690,-96.727960,city
72714,LOVES TRAVEL STOP  #771,I-85 & SR-18,West Point,GA,720,3.67900,1,3.67900,3.67900,32.877910,-85.183270,city
72715,FLYING J TRAVEL PLAZA #1372,"I-40, EXIT 28",Yucca,AZ,910,3.92400,2,3.84900,3.99900,34.872230,-114.149400,city
72716,RACEWAY #7000,US-1 & SR-40,Folkston,GA,75,3.09900,1,3.09900,3.09900,30.830950,-82.011310,city
72719,TA EXPRESS LITTLEFIELD,"I-15, EXIT 8",Littlefield,AZ,910,3.67900,1,3.67900,3.67900,36.887200,-113.929690,city
72721,Racetrac #2625,SR 72 E & SHIELDS RD,Huntsville,AL,615,2.97733,1,2.97733,2.97733,34.730400,-86.585940,city
72723,ONE9 #1362,"I-40, EXIT 253",Winslow,AZ,930,3.22567,1,3.22567,3.22567,35.024190,-110.697360,city
72724,ONE9 #484,I-40 EXIT 146,Ash Fork,AZ,930,3.32900,1,3.32900,3.32900,35.225010,-112.484070,city
72725,CASEYS #4481,US 75,Denison,TX,253,2.93567,1,2.93567,2.93567,33.755660,-96.536660,city
72727,CASEYS #4319,SR-141,Perry,IA,320,3.12900,1,3.12900,3.12900,41.838600,-94.107180,city
72728,CASEYS #4304,FM 103 & Belten Dr,Crete,NE,413,3.45733,1,3.45733,3.45733,40.627780,-96.961420,city
72732,KUM & GO #2212,I-35 EXIT 89,Ankeny,IA,320,3.13233,1,3.13233,3.13233,41.729710,-93.605770,city
72733,Parker's #94,US-17 N,Georgetown,SC,42,2.98900,1,2.98900,2.98900,33.376830,-79.294500,city
72734,7-ELEVEN #41940,I-95,West Haven,CT,100,3.99900,1,3.99900,3.99900,41.270650,-72.947050,city
72735,7-Eleven #41376,I-26 Exit 154B,Orangeburg,SC,42,3.22567,1,3.22567,3.22567,33.491820,-80.855650,city
72736,FRIENDLY GUS STORE #12,I-16 Exit 49,Dublin,GA,85,3.27567,1,3.27567,3.27567,32.540440,-82.903750,city
72737,Mollys Food and Fuel,"I-20, EXIT 175 & SR-150",Thomson,GA,135,3.49900,1,3.49900,3.49900,33.470690,-82.504570,city
72738,BREAK TIME #3172,US-50/US-63,Jefferson City,MO,310,3.33567,1,3.33567,3.33567,38.576700,-92.173520,city
72739,MAVERIK #712,US 70 & US 54,Alamogordo,NM,640,3.05567,1,3.05567,3.05567,32.899530,-105.960270,city
72740,Caseys #4303,"I-80, EXIT 257 & US-183",Elm Creek,NE,475,3.03233,1,3.03233,3.03233,40.719450,-99.372040,city
72741,Caseys #4298,"I-55, EXIT 220 & SR-47",Dwight,IL,368,3.34900,1,3.34900,3.34900,41.094480,-88.425060,city
72742,Racetrac #2612,I-675 EXIT 7,Ellenwood,GA,18,3.10900,1,3.10900,3.10900,33.610110,-84.287980,city
72743,PEOTONE TRAVEL CENTER,I-57 & SR-25,Peotone,IL,290,3.47900,2,3.45900,3.49900,41.332260,-87.785320,city
72745,Loves Travel Stop #870,US-81 Exit 12 & SR-12,Watertown,NY,220,4.14900,1,4.14900,4.14900,43.974780,-75.910760,city
72746,PARKERS #103,"I-26, Exit 205A",Ladson,SC,42,3.28233,1,3.28233,3.28233,32.985730,-80.109810,city
72747,One9 #1358,"I-40,  EXIT 16",Gallup,NM,580,3.24567,1,3.24567,3.24567,35.528080,-108.742580,city
72748,HORIZON TRAVEL PLAZA,US-411,Cartersville,GA,193,2.93400,1,2.93400,2.93400,34.165330,-84.802310,city
72749,KWIK TRIP #1282,FM 42 & S Duluth Ave,Sturgeon Bay,WI,582,3.50733,1,3.50733,3.50733,44.834160,-87.377040,city
72750,QUIKTRIP #1943,I-35 EXIT 368 & SR 22,Hillsboro,TX,641,2.91900,1,2.91900,2.91900,32.010990,-97.130010,city
72752,QUIKTRIP #7178,I-65 EXIT 13 & SR 158,Saraland,AL,715,2.95733,1,2.95733,2.95733,30.820740,-88.070560,city
72753,QUIKTRIP #7908,I-40 EXIT 73,Amarillo,TX,585,2.87400,1,2.87400,2.87400,35.222000,-101.831300,city
72754,RACETRAC #2495,US 41 & US 19,Griffin,GA,85,3.22900,1,3.22900,3.22900,33.246780,-84.264090,city
72755,RACETRAC #2620,I-465 Exit 42,Indianapolis,IN,375,3.15900,1,3.15900,3.15900,39.768380,-86.158040,city
72756,Loves Travel Stop #876,I-94 Exit 34A,Michigan City,IN,365,3.78900,1,3.78900,3.78900,41.707540,-86.895030,city
72757,Loves Travel Stop #860,I-59 EXIT 1,Picayune,MS,725,3.15567,1,3.15567,3.15567,30.525560,-89.677880,city
72758,CEFCO #1117,I-20 EXIT 617,Marshall,TX,766,2.83233,1,2.83233,2.83233,32.544870,-94.367420,city
72759,Allsups Convenience Store #2461,US-87 & SR-137,Lamesa,TX,612,3.09900,1,3.09900,3.09900,32.737600,-101.950990,city
72760,RaceWay #6999,US-84 & US-319,Thomasville,GA,20,3.16567,1,3.16567,3.16567,30.836580,-83.978780,city
72761,RACETRAC #2629,US-72/US-43 & SR-20,Tuscumbia,AL,615,2.99900,1,2.99900,2.99900,34.731200,-87.702530,city
72763,FASTRAC MARKET #500270,SR-5/SR-13,Canastota,NY,235,4.39900,2,4.34900,4.44900,43.079510,-75.750740,city
72764,CUMBERLAND FARMS #004783,US-5,East Windsor,CT,100,4.04900,1,4.04900,4.04900,41.912320,-72.545090,city
72765,FASTRAC MARKET #500203,SR-104 & CR-256,Wolcott,NY,190,3.80900,2,3.79900,3.81900,43.220620,-76.814960,city
72766,QUIKTRIP #1873,US 287  33.054731932354194,Rhome,TX,630,2.89900,1,2.89900,2.89900,33.053460,-97.471970,city
72767,QUIKTRIP #4227,I-25 EXIT 243,Mead,CO,800,3.14733,1,3.14733,3.14733,40.233320,-104.998590,city
72768,ROAD RANGER #287,I-57 EXIT 318,Bourbonnais,IL,290,3.35900,2,3.33900,3.37900,41.153760,-87.887540,city
72769,TOOT N TOTUM #132,US 84,Lubbock,TX,585,2.97067,1,2.97067,2.97067,33.577860,-101.855170,city
72770,RACETRAC #2634,I-95 Exit 77 & US-78,Saint George,SC,42,2.99900,1,2.99900,2.99900,33.186000,-80.575650,city
72771,RACETRAC #2635,I-85 EXIT 44A,Greenville,SC,30,2.89900,1,2.89900,2.89900,34.852620,-82.394010,city
72772,RACEWAY #6998,US-501 & SR-576,Marion,SC,42,3.01567,1,3.01567,3.01567,34.178220,-79.400610,city
72773,RaceTrac #2626,I-20 Exit 472,Dallas,TX,630,2.86400,1,2.86400,2.86400,32.783060,-96.806670,city
72774,STUCKEYS TRAVEL CENTER,I-10 EXIT 451,Orange,TX,610,2.80733,1,2.80733,2.80733,30.092990,-93.736550,city
72775,CEFCO #2089,I-20 EXIT 288,Abilene,TX,575,2.76567,1,2.76567,2.76567,32.448740,-99.733140,city
72776,MARATHON,"1-75, Exit 80",Sycamore,GA,85,3.29900,1,3.29900,3.29900,31.674350,-83.637390,city
72778,KWIK STAR #1208,US-75,Sioux Center,IA,530,3.19900,1,3.19900,3.19900,43.079710,-96.175580,city
72779,KWIK TRIP #1276,"I-90/I-39, EXIT 1 & SR-75",South Beloit,IL,290,3.40567,3,3.29900,3.46900,42.493070,-89.036780,city
72781,SHEETZ #774,I-70 & SR-83,New Concord,OH,430,3.05900,1,3.05900,3.05900,39.993680,-81.734020,city
72782,SHEETZ #791,"I-76, Exit 57",North Jackson,OH,573,3.06567,1,3.06567,3.06567,41.100060,-80.857310,city
72783,SHEETZ #770,I-70 & US-42,London,OH,315,2.99900,1,2.99900,2.99900,39.886450,-83.448250,city
72784,Maverik Country Store #724,"I-80/US-30, EXIT 221",Rawlins,WY,838,3.28900,1,3.28900,3.28900,41.791070,-107.238660,city
72785,GAS N WASH,US 30,Crest Hill,IL,290,3.32900,2,3.29900,3.35900,41.554750,-88.098670,city
72786,QUIKTRIP #333,"I-135, EXIT 31",Newton,KS,570,2.94900,1,2.94900,2.94900,38.046680,-97.345040,city
72787,QUIKTRIP #7011,"I-35, EXIT 118",Oklahoma City,OK,483,3.03233,1,3.03233,3.03233,35.467560,-97.516430,city
72788,MAVERIK #700,I-25 EXIT 215,Denver,CO,800,3.28900,1,3.28900,3.28900,39.739150,-104.984700,city
72789,RACETRAC #237,HWY 30 & ROBERT WILSON RD,Gonzales,LA,600,3.17233,1,3.17233,3.17233,30.238530,-90.920100,city
72791,LOVES TRAVEL STOP #850,SR-491 & RD. G,Cortez,CO,614,3.48233,1,3.48233,3.48233,37.348880,-108.585930,city
72792,QUICKLEES,"I-190, EXIT 23",Niagara Falls,NY,38,3.99900,1,3.99900,3.99900,43.094500,-79.056710,city
72793,TA EXPRESS BLAINE #917,"I-5, Exit 275",Blaine,WA,850,4.13900,1,4.13900,4.13900,48.993720,-122.747120,city
72795,REFUEL #1337,SR-45/CR-1625,Buda,TX,595,2.99900,1,2.99900,2.99900,30.085210,-97.840280,city
72796,PILOT DEALER #1399,"SR-303, EXIT 107",Litchfield Park,AZ,930,3.59150,2,3.58400,3.59900,33.493370,-112.357940,city
72797,KWIK TRIP #1215,"I-94, EXIT 135",Melrose,MN,451,3.32733,1,3.32733,3.32733,45.674690,-94.807520,city
72798,Casey's #4539,US-75,Rock Rapids,IA,530,3.34900,1,3.34900,3.34900,43.427190,-96.175860,city
72799,CASEYS #4384,"I-88 & SR-26, EXIT 54",Dixon,IL,520,3.48900,2,3.47900,3.49900,41.838920,-89.479550,city
72801,CASEYS #4388,"US-64, EXIT 29",Beebe,AR,645,3.18900,1,3.18900,3.18900,35.070640,-91.879590,city
72802,Racing Mart Store,"I-495, Exit 36A",Wrentham,MA,175,3.89900,1,3.89900,3.89900,42.066770,-71.328110,city
72803,Llanos Country Corner,"I-10/US-83, EXIT 456 & US-377",Junction,TX,740,2.91900,1,2.91900,2.91900,30.489360,-99.772010,city
72804,7-Eleven #42174,"I-24, EXIT 211 & US-70",Nashville,TN,460,3.24900,1,3.24900,3.24900,36.165890,-86.784440,city
72805,Stripes #42242,"SR 181, HWY 188",Sinton,TX,625,3.25900,1,3.25900,3.25900,28.036680,-97.509160,city
72806,TA HOSSTON #939,"I-49, Exit 237",Hosston,LA,745,2.92233,1,2.92233,2.92233,32.887640,-93.878510,city
72808,Allsups Convenience #2463,US-377,Aubrey,TX,630,2.89900,1,2.89900,2.89900,33.304280,-96.986120,city
72809,LOVES TRAVEL STOP #894,I-95 EXIT 305,Saint Augustine,FL,75,3.44233,1,3.44233,3.44233,29.894690,-81.314520,city
72810,QUIKTRIP #7,"I-244/US-412, Exit 10",Tulsa,OK,560,3.11900,1,3.11900,3.11900,36.153980,-95.992770,city
72811,QUIKTRIP #50,SR-51,Broken Arrow,OK,560,3.12900,1,3.12900,3.12900,36.052600,-95.790820,city
72812,Kwik Trip #748,US 8,Barron,WI,295,3.66400,1,3.66400,3.66400,45.401350,-91.849060,city
72813,Allsups #2425,Hwy 144,Granbury,TX,630,3.02900,1,3.02900,3.02900,32.442080,-97.794200,city
72814,ALLSUPS #2468,"I35, EXIT 5",Thackerville,OK,253,2.91733,1,2.91733,2.91733,33.793440,-97.143070,city
72815,QUIKTRIP #7194,I-74 EXIT 182,Champaign,IL,280,3.19900,3,3.09900,3.29900,40.116420,-88.243380,city
72816,QUIKTRIP #7914,I-27 EXIT 117,Amarillo,TX,585,2.84567,1,2.84567,2.84567,35.222000,-101.831300,city
72817,QUIKTRIP #4174,I-35 Exit 285,Salado,TX,765,2.91567,1,2.91567,2.91567,30.947130,-97.538620,city
72818,QUIKTRIP #7174,"I-65, EXIT 168",Montgomery,AL,720,2.99900,1,2.99900,2.99900,32.366810,-86.299970,city
72819,QUIKTRIP #7925,I-69W,Laredo,TX,693,2.85067,1,2.85067,2.85067,27.506410,-99.507540,city
72820,QUARLES #54232,us-385,Crane,TX,710,3.88567,1,3.88567,3.88567,31.397360,-102.350140,city
72821,QUARLES #54231,CR-23 & CR-33,Eunice,NM,593,3.69900,1,3.69900,3.69900,32.437340,-103.159080,city
72822,QUARLES #54225,US-83,Abilene,TX,575,3.49900,1,3.49900,3.49900,32.448740,-99.733140,city
72827,QUARLES #54259,FM-1936,Odessa,TX,710,3.69900,1,3.69900,3.69900,31.845680,-102.367640,city
72828,QUARLES #54250,US-80,Abilene,TX,575,3.31233,1,3.31233,3.31233,32.448740,-99.733140,city
72830,QUARLES #54261,"I-20, EXIT 37",Pecos,TX,710,3.74900,1,3.74900,3.74900,31.422910,-103.493230,city
72831,QUARLES #54262,CR-64,Hobbs,NM,593,3.69900,1,3.69900,3.69900,32.702610,-103.136040,city
72835,QUARLES #54277,SR-137,Big Lake,TX,739,3.84900,1,3.84900,3.84900,31.191540,-101.460390,city
72836,QUARLES #54281,SR-208,Snyder,TX,700,3.66567,1,3.66567,3.66567,32.717890,-100.917620,city
72837,QUARLES #54284,US-285,Loving,NM,593,3.79900,1,3.79900,3.79900,32.286230,-104.095770,city
72839,QUARLES #54293,CR-64,Hobbs,NM,593,3.69900,1,3.69900,3.69900,32.702610,-103.136040,city
72841,QUARLES #54296,SR-214 & CR-370,Denver City,TX,700,3.79900,1,3.79900,3.79900,32.964550,-102.829100,city
72844,QUARLES #54332,US-285,Pecos,TX,710,3.75900,1,3.75900,3.75900,31.422910,-103.493230,city
72847,QUARLES #54341,US-87,Big Spring,TX,612,3.64900,1,3.64900,3.64900,32.250400,-101.478740,city
72848,QUARLES #54347,US-67,Rankin,TX,710,3.69900,1,3.69900,3.69900,31.222650,-101.937910,city
72849,QUARLES #54349,CR-1140,Midland,TX,710,3.66567,1,3.66567,3.66567,31.997350,-102.077910,city
72851,QUARLES #54367,FM-1787,Midland,TX,710,3.79900,1,3.79900,3.79900,31.997350,-102.077910,city
72853,QUARLES #54520,SR-589,Purvis,MS,620,2.97900,1,2.97900,2.97900,31.143240,-89.409790,city
72855,GAS N WASH,SR 59,Plainfield,IL,399,3.57900,2,3.55900,3.59900,41.626970,-88.203950,city
72857,7-ELEVEN #42019,SR-3 & SR-4,Yukon,OK,483,3.15900,1,3.15900,3.15900,35.506720,-97.762540,city
72859,CASEYS #4286,SR-32,Crawfordsville,IN,375,3.56233,1,3.56233,3.56233,40.041150,-86.874450,city
72860,Circle K #2707070,"SR 378, Route 467",Sumter,SC,42,2.99233,1,2.99233,2.99233,33.920440,-80.341470,city
72861,SPRINT MART #4143,"I-20, EXIT 89",Vance,AL,615,3.05900,1,3.05900,3.05900,33.174280,-87.233610,city
72863,Double Quick #92,US-61,Cleveland,MS,655,3.18233,1,3.18233,3.18233,33.744000,-90.724820,city
72864,SUNSTOP #430,US-27,Bainbridge,GA,20,3.59900,1,3.59900,3.59900,30.903800,-84.575470,city
72867,Maverik #731,I-15 EXIT 190,Helena,MT,816,3.54900,1,3.54900,3.54900,46.592710,-112.036110,city
72868,MAVERIK #737,I-15 EXIT 116,Idaho Falls,ID,825,3.40567,1,3.40567,3.40567,43.466580,-112.034140,city
72869,MAVERIK #738,I-90 EXIT 129,Gillette,WY,790,3.35900,1,3.35900,3.35900,44.291090,-105.502220,city
72871,Maverik #727,I-8 EXIT 3,Yuma,AZ,930,3.17900,1,3.17900,3.17900,32.725320,-114.624400,city
72872,QUIKTRIP #7926,US 59 & SR 20,Laredo,TX,693,2.85900,1,2.85900,2.85900,27.506410,-99.507540,city
72873,QUIKTRIP #7206,I-39 EXIT 15 & US 20,Rockford,IL,520,3.07650,4,2.96900,3.19900,42.271130,-89.094000,city
72874,QUIKTRIP #4076,I-35 EXIT 191,New Braunfels,TX,740,2.91567,1,2.91567,2.91567,29.703000,-98.124450,city
72875,QUIKTRIP #4183,SR 195 & Shell RD,Georgetown,TX,595,2.91567,1,2.91567,2.91567,30.632690,-97.677230,city
72876,QUIKTRIP #1139,"I-385, EXIT 23",Fountain Inn,SC,30,3.01733,1,3.01733,3.01733,34.689010,-82.195670,city
72877,QUIKTRIP #7177,"I-10, EXIT 15A",Theodore,AL,715,2.88233,1,2.88233,2.88233,30.547690,-88.175280,city
72879,QUIKTRIP #4002,US-87,Comfort,TX,595,2.96567,1,2.96567,2.96567,29.967710,-98.905030,city
72880,PARKERS #97,US 80,Bloomingdale,GA,195,3.03233,1,3.03233,3.03233,32.132420,-81.299000,city
72882,CASEYS #4330,"I-40, EXIT 221",Okemah,OK,483,2.92567,1,2.92567,2.92567,35.432590,-96.305010,city
72884,CEFCO #435,"I-10, EXIT 44 & US-90",Loxley,AL,715,3.02567,1,3.02567,3.02567,30.618250,-87.753050,city
72885,RACEWAY #6960,US-431 & Westgate PKWY,Dothan,AL,10,3.19900,1,3.19900,3.19900,31.223230,-85.390490,city
72886,PILOT #1381,US-190 & Rose Marie Blvd,Hearne,TX,670,3.49900,1,3.49900,3.49900,30.878520,-96.593030,city
72888,STRIPES #42591,US-87,Mason,TX,595,3.29900,1,3.29900,3.29900,30.748790,-99.230610,city
72889,DK,SR 83,Denver City,TX,700,3.31900,1,3.31900,3.31900,32.964550,-102.829100,city
72891,GAS N WASH,"I-57, EXIT 354",Alsip,IL,365,3.49900,2,3.39900,3.59900,41.668920,-87.738660,city
72893,Racetrac #2586,I-95 & 20th ST,Vero Beach,FL,140,3.15900,1,3.15900,3.15900,27.638640,-80.397270,city
72894,Allsups Convenience Store #2458,US-287 & FM-1655,Alvord,TX,630,2.89900,1,2.89900,2.89900,33.358450,-97.694750,city
72895,Allsups#2465,SR 7,Davis,OK,569,2.96733,1,2.96733,2.96733,34.504530,-97.119460,city
72896,PILOT #1283,I-45 & SR-31,Corsicana,TX,630,3.04233,1,3.04233,3.04233,32.095430,-96.468870,city
72899,RACEWAY #7002,US 79 & 59,Carthage,TX,766,2.82067,1,2.82067,2.82067,32.157380,-94.337420,city
72901,FATDOGS GRAND ISLAND TRAVEL CENTER,I-80 & HWY 281,Grand Island,NE,330,2.97900,1,2.97900,2.97900,40.925010,-98.342010,city
72902,CIRCLE K #2704593,SR-24 &  SR-690,Spring Lake,NC,63,3.07900,1,3.07900,3.07900,35.167940,-78.972810,city
72903,Kent Kwik #221,SR-338,Odessa,TX,710,2.98900,1,2.98900,2.98900,31.845680,-102.367640,city
72904,CEFCO #112,US-281,Marble Falls,TX,595,2.92900,1,2.92900,2.92900,30.578410,-98.275070,city
72905,TA EXPRESS PLEASANTON #445,I-37 EXIT 109,Pleasanton,TX,740,3.09900,1,3.09900,3.09900,28.967190,-98.478630,city
72906,Maverik #734,I-25 EXIT 94,Pueblo,CO,796,3.28900,1,3.28900,3.28900,38.254450,-104.609140,city
72907,QUIKTRIP #7913,"I-20, EXIT 20 & SR-18",Monahans,TX,710,2.85900,1,2.85900,2.85900,31.594300,-102.892650,city
72908,QUIKTRIP #1042,"I-85, EXIT 17B & US-321",Gastonia,NC,46,3.26400,1,3.26400,3.26400,35.262080,-81.187300,city
72909,FAT DOGS LINCOLN TC,"I-80, EXIT 399",Lincoln,NE,475,3.09900,1,3.09900,3.09900,40.800000,-96.666960,city
72910,Ogden Cardlock (Bulk Plant),I-15 EXIT 343,Ogden,UT,835,3.48900,1,3.48900,3.48900,41.223000,-111.973830,city
72912,Salina Cardlock (Bulk Plant),I-70 EXIT 56,Salina,UT,791,3.44900,1,3.44900,3.44900,38.957740,-111.859930,city
72916,CASEYS #2562,SR 140 & SR 156,Ellsworth,KS,357,3.46567,1,3.46567,3.46567,38.730560,-98.228110,city
72918,QUIKTRIP #7076,"I-75, EXIT 101",Cordele,GA,10,3.03233,1,3.03233,3.03233,31.963510,-83.782390,city
72919,QUIKTRIP #7096,I-75 & EXIT 51,Dayton,OH,317,3.03233,1,3.03233,3.03233,39.758950,-84.191610,city
72920,Circle K #4701686,"I-70, Exit 224 & SR-370",Saint Peters,MO,540,3.05067,1,3.05067,3.05067,38.800330,-90.626510,city
72921,CIRCLE K #4701677,"I-44, Exit 226",Sullivan,MO,540,3.32400,1,3.32400,3.32400,38.208100,-91.160420,city
72922,SUNOCO,SR-640,Willoughby,OH,305,3.85900,1,3.85900,3.85900,41.639770,-81.406500,city
72923,76,US-84,Brookhaven,MS,620,3.14900,1,3.14900,3.14900,31.579060,-90.440650,city
72924,SHERMAN TRAVEL CENTER,SR-9,Senatobia,MS,435,3.02900,1,3.02900,3.02900,34.617600,-89.968700,city
72925,AMOCO,US-52 & SR-340,Darlington,SC,135,3.19900,1,3.19900,3.19900,34.299880,-79.876170,city
72926,Amoco,US-31 & US-10,Scottville,MI,456,3.37900,3,3.35900,3.39900,43.954730,-86.280080,city
72927,Bell Stores #165,US-30,Wooster,OH,249,3.51567,1,3.51567,3.51567,40.805170,-81.936460,city
72930,SPARTA CO-OP,SR-27,Sparta,WI,420,3.18900,1,3.18900,3.18900,43.944130,-90.812910,city
72933,CHEVRON #385988,SR-124,Lithonia,GA,18,3.39900,1,3.39900,3.39900,33.712330,-84.105190,city
72934,CIRCLE K #2706987,"I-37, Exit 118",Corpus Christi,TX,625,3.09900,1,3.09900,3.09900,27.800580,-97.396380,city
72935,Circle K #2722258,US-17 & SR-40,Pierson,FL,140,3.40233,1,3.40233,3.40233,29.239420,-81.465630,city
72936,Circle K #2707549,SR-471 & SR-48,Bushnell,FL,140,3.49900,1,3.49900,3.49900,28.664990,-82.112860,city
72937,CIRCLE K #2723997,SR024,Stedman,NC,205,3.39900,1,3.39900,3.39900,35.013500,-78.693910,city
72938,CIRCLE K #2723205,I-285 & CR-1642,Winston Salem,NC,65,3.52067,1,3.52067,3.52067,36.099860,-80.244220,city
72939,CIRCLE K #2655872,"I-75, Exit 252B",Atlanta,GA,18,3.50567,1,3.50567,3.50567,33.749000,-84.387980,city
72940,Circle K #3909,SR-236,Clarksville,TN,460,3.32900,1,3.32900,3.32900,36.529770,-87.359450,city
72941,CIRCLE K #2740389,I-55 & US-51,Hammond,LA,600,3.24900,1,3.24900,3.24900,30.504630,-90.462930,city
72942,CIRCLE K #2742777,US-62/180,El Paso,TX,640,3.19067,1,3.19067,3.19067,31.758720,-106.486930,city
72943,CIRCLE K #2706805,SR-415 & SR-76,Port Allen,LA,600,3.35900,1,3.35900,3.35900,30.452140,-91.210110,city
72944,Circle K #2709094,US-62 & SR-327,Lubbock,TX,700,3.09900,1,3.09900,3.09900,33.577860,-101.855170,city
72945,CIRCLE K #2707057,SR-59 & CR-12,Foley,AL,715,3.09233,1,3.09233,3.09233,30.406590,-87.683600,city
72947,Circle K #9556,SR-202,Phoenix,AZ,930,3.38567,1,3.38567,3.38567,33.448380,-112.074040,city
72948,CIRCLE K #2746514,SR-23,Watford City,ND,273,3.59900,1,3.59900,3.59900,47.802240,-103.283250,city
72949,BOURBON TRAVEL PLAZA,US-30,Bourbon,IN,370,3.49900,1,3.49900,3.49900,41.295600,-86.116390,city
72950,Conoco,US-95,MC DERMITT,NV,966,4.29900,1,4.29900,4.29900,41.997390,-117.718200,city
72951,DK,SR-36,Abilene,TX,575,2.84900,1,2.84900,2.84900,32.448740,-99.733140,city
72953,GRAND AVENUE EXPRESS,I-35 & FM-372,Gainesville,TX,253,2.99900,1,2.99900,2.99900,33.625940,-97.133350,city
72956,Handee Hugos #1,SR-87,Riegelwood,NC,245,3.49733,1,3.49733,3.49733,34.339890,-78.225280,city
72957,IRVING,SR-11,Augusta,ME,203,3.89900,1,3.89900,3.89900,44.310620,-69.779490,city
72958,Jack Flash Pana,SR-16,Pana,IL,318,3.15233,3,3.09900,3.19900,39.388930,-89.080080,city
72959,JORDANS #75,US-67,Newport,AR,418,3.29900,1,3.29900,3.29900,35.604800,-91.281800,city
72960,KENT KWIK #206,FM-2020,Odessa,TX,710,3.02567,1,3.02567,3.02567,31.845680,-102.367640,city
72963,MAVERIK #5358,"I-25, Exit 145",Colorado Springs,CO,796,3.33067,1,3.33067,3.33067,38.833880,-104.821360,city
72965,Maverik #674,"I-15, Exit 45",North Las Vegas,NV,910,3.28233,1,3.28233,3.28233,36.198860,-115.117500,city
72966,MCCLURE STORE #15,SR-9,Marion,IN,370,3.69400,1,3.69400,3.69400,40.558370,-85.659140,city
72967,BINKS TENAHA QUICK STOP,US-59/US-84,Tenaha,TX,618,3.05900,1,3.05900,3.05900,31.943780,-94.244090,city
72968,LOVES TRAVEL STOP #883,US-52 EXIT 120,Rural Hall,NC,65,3.57733,1,3.57733,3.57733,36.240420,-80.293380,city
72969,LOVES TRAVEL STOP #555,US-30,Delphos,OH,411,3.30567,1,3.30567,3.30567,40.843380,-84.341620,city
72970,PAC PRIDE,"I-96, Exit 26",Grand Rapids,MI,371,3.68900,3,3.65900,3.72900,42.963360,-85.668090,city
72972,LOVES TRAVEL STOP #886,I-44 EXIT 29,Sarcoxie,MO,277,3.40067,1,3.40067,3.40067,37.069230,-94.116600,city
72973,PETE'S 49,US-166 & US-169,Coffeyville,KS,307,3.21400,1,3.21400,3.21400,37.037300,-95.616370,city
72974,USTOP 34,US-77,Lincoln,NE,413,3.49900,1,3.49900,3.49900,40.800000,-96.666960,city
72975,SHEETZ #804,"I-95, Exit 41",Hope Mills,NC,63,2.85900,1,2.85900,2.85900,34.970440,-78.945310,city
72976,RED DOG,"I-10, EXIT 72",Egan,LA,690,3.04900,1,3.04900,3.04900,30.236870,-92.505970,city
72978,SHELL SERVICE STATION,SR-302,Byhalia,MS,435,3.09900,1,3.09900,3.09900,34.872320,-89.690640,city
72979,RICKY ROCKETS,"I-57, EXIT 312",Kankakee,IL,399,3.38900,2,3.37900,3.39900,41.120030,-87.861150,city
72981,Sprint Mart #2301,I-565 & CR-115,Madison,AL,742,3.49233,1,3.49233,3.49233,34.699260,-86.748330,city
72982,SUNOCO,I-10 & SR-328,Breaux Bridge,LA,730,2.85567,1,2.85567,2.85567,30.273530,-91.899280,city
72983,SUNSTOP #303,SR-100,Lake City,FL,75,3.55067,1,3.55067,3.55067,30.189680,-82.639290,city
72984,TERRIBLE HERBST #341,US-95,Indian Springs,NV,910,3.89900,1,3.89900,3.89900,36.569680,-115.670580,city
72985,THE PRIDE OF VILLA PARK,SR-64,Villa Park,IL,290,3.32400,2,3.29900,3.34900,41.889750,-87.988950,city
72986,THE PRIDE OF ELGIN,SR-31,Elgin,IL,520,3.49900,1,3.49900,3.49900,42.037250,-88.281190,city
72987,The Texan,US-285 & CR-116,Pecos,TX,710,2.99900,1,2.99900,2.99900,31.422910,-103.493230,city
72988,Thorntons #221354,US-12,Lake Zurich,IL,293,3.37400,2,3.34900,3.39900,42.196970,-88.093410,city
72989,THORNTONS #442562,SR-63,Monroe,OH,407,3.19900,1,3.19900,3.19900,39.440340,-84.362160,city
72990,TA Express Jonesboro,I-555 EXIT 39,Jonesboro,AR,435,3.39233,1,3.39233,3.39233,35.842300,-90.704280,city
72991,THORNTONS #221345,US-20,Hanover Park,IL,297,3.75900,1,3.75900,3.75900,41.999470,-88.145070,city
72993,H AND R OIL COMPANY,"SR-4, EXIT 8",Lexington,KY,410,3.24900,1,3.24900,3.24900,37.988690,-84.477720,city
72995,LOVES TRAVEL STOP #569,I-84 EXIT 304,Baker City,OR,982,3.45733,1,3.45733,3.45733,44.774870,-117.834380,city
72996,LOVES TRAVEL STOP #504,I-76 EXIT 232,North Lima,OH,573,3.78733,1,3.78733,3.78733,40.948390,-80.658960,city
72998,83 FUEL STOP,US-83,Catarina,TX,693,2.95900,1,2.95900,2.95900,28.345550,-99.613380,city
72999,Aeg Petroleum,US-70 & SR-467,Portales,NM,593,3.68567,1,3.68567,3.68567,34.186190,-103.334400,city
73000,TXB,FM-2147,Horseshoe Bay,TX,665,2.92900,1,2.92900,2.92900,30.544290,-98.373940,city
73003,GAS PRO TRAVEL CENTER,US-25 & SR-88,Hephzibah,GA,135,3.59900,1,3.59900,3.59900,33.314030,-82.096790,city
73005,NOBLE,US-20,Sturbridge,MA,215,3.99900,1,3.99900,3.99900,42.108430,-72.078690,city
73007,VALERO,"I-85, EXIT 28 & SR-100",Hogansville,GA,50,3.66567,1,3.66567,3.66567,33.173180,-84.914940,city
73008,MUSTANG XPRESS,US-183 & FM-1327,Austin,TX,595,3.33233,1,3.33233,3.33233,30.267150,-97.743060,city
73009,THRIFT BULL TRUCK STOP,SR-103,San Augustine,TX,618,3.49900,1,3.49900,3.49900,31.529900,-94.106030,city
73012,FUELPORT # 1,FM-143,San Antonio,TX,740,3.04900,1,3.04900,3.04900,29.424120,-98.493630,city
73013,247 TRUCK STOP,I-40 EXIT 247,Widener,AR,435,2.99900,1,2.99900,2.99900,35.023430,-90.684830,city
73014,CIRCLE K #2726298,SR 33 & SR 50,Mascotte,FL,140,3.53900,1,3.53900,3.53900,28.578330,-81.886750,city
73015,76,US 40,Franklinville,NJ,150,3.16900,1,3.16900,3.16900,39.618170,-75.075730,city
73016,PARKERS #112,SR 67,Statesboro,GA,195,3.19900,1,3.19900,3.19900,32.448790,-81.783170,city
73017,U Stop #36,US 136 & SR 50,Tecumseh,NE,413,3.39900,1,3.39900,3.39900,40.366670,-96.196120,city
73018,Smart Stop Travel Center,US 271 & SR 37,Bogata,TX,723,3.19900,1,3.19900,3.19900,33.470670,-95.213840,city
73021,Circle K #2746245,I 35W EXIT 6,Minneapolis,MN,448,3.59900,1,3.59900,3.59900,44.979970,-93.263840,city
73025,151 TRAVEL CENTER,SR 34 & N Central Rd,Darlington,SC,46,3.29900,1,3.29900,3.29900,34.299880,-79.876170,city
73026,Gas N Wash,SR-171,Lemont,IL,290,3.46567,3,3.29900,3.59900,41.673640,-88.001730,city
73028,PETRO HENDERSON #968,"I-11, EXIT 15A",Henderson,NV,910,3.63900,1,3.63900,3.63900,36.039700,-114.981940,city
73029,One9 #1417,I-35 Exit 323,Lorena,TX,765,2.90233,1,2.90233,2.90233,31.386560,-97.215560,city
73030,SPEED TREK TRAVEL CENTER,I-90 EXIT 25,Belvidere,IL,520,3.79900,3,3.69900,3.89900,42.263910,-88.844270,city
73031,Travel Refresh,US 59,Corrigan,TX,618,2.94900,1,2.94900,2.94900,30.996860,-94.827150,city
73032,Parkers #110,SR 56,Augusta,GA,135,3.19233,1,3.19233,3.19233,33.470970,-81.974840,city
73033,QUARLES #54242,SR-152,Pampa,TX,585,3.49900,1,3.49900,3.49900,35.536160,-100.959870,city
73035,QUIKTRIP #7909,US-10,El Paso,TX,640,2.84900,1,2.84900,2.84900,31.758720,-106.486930,city
73036,Maverik Country Store #741,US-80,Rock Springs,WY,827,3.30733,1,3.30733,3.30733,41.587460,-109.202900,city
73037,TA EXPRESS #567,"I-20, EXIT 81 & SR-149",Ruston,LA,745,3.11400,1,3.11400,3.11400,32.523210,-92.637930,city
73039,Spinx  #292,"I-26, EXIT 10",Inman,SC,210,3.16567,1,3.16567,3.16567,35.047060,-82.090110,city
73040,TAILGATE #3,SR 21,Bryan,TX,670,3.59900,1,3.59900,3.59900,30.674360,-96.369960,city
73041,Racetrac #182,US- 19,Hampton,GA,67,2.99900,1,2.99900,2.99900,33.387060,-84.282980,city
73042,MAVERIK #728,Hwy 483,Lovington,NM,593,3.09400,1,3.09400,3.09400,32.944010,-103.348550,city
73043,MAVERIK #740,"I-25, EXIT 347",Las Vegas,NM,580,3.16233,1,3.16233,3.16233,35.593930,-105.223900,city
73044,Maverik #732,"US 20, EXIT 310",Idaho Falls,ID,825,3.39400,1,3.39400,3.39400,43.466580,-112.034140,city
73045,MAVERIK #717,US-395,Spokane,WA,970,3.98900,2,3.97900,3.99900,47.659660,-117.429080,city
73046,Refuel #63,US 501 & SR 544,Conway,SC,46,3.13400,1,3.13400,3.13400,33.836000,-79.047810,city
73047,RACETRAC #2642,"I-70, EXIT 77",Indianapolis,IN,375,3.25900,1,3.25900,3.25900,39.768380,-86.158040,city
73048,ALLSUPS CONVENIENCE STORE #2473,US-287,Bowie,TX,630,2.89900,1,2.89900,2.89900,33.559000,-97.848650,city
73051,CIRCLE K #2709540,"I-10, EXIT 10 & SR-90",Sierra Vista,AZ,980,3.62900,1,3.62900,3.62900,31.554540,-110.303690,city
73052,Circle K #2701875,US-78 E,Grovetown,GA,135,3.49900,1,3.49900,3.49900,33.450420,-82.198180,city
73053,Circle K #2746108,"I-90/US-212, EXIT 447",Billings,MT,780,3.57900,1,3.57900,3.57900,45.783290,-108.500690,city
73055,CIRCLE K #4707124,SR-3,Liberty,ME,203,4.09900,1,4.09900,4.09900,44.389240,-69.302820,city
73056,CIRCLE K #2723033,"I-295, EXIT 21A & I-95",Fayetteville,NC,205,3.27900,1,3.27900,3.27900,35.052660,-78.878360,city
73057,CIRCLE K #2703586,US-550 & SR-516,Flora Vista,NM,580,3.71900,1,3.71900,3.71900,36.794450,-108.080350,city
73058,CIRCLE K #4707605,SR-365/SR-69/SR-49 & SR-26,Rome,NY,235,3.99900,1,3.99900,3.99900,43.212850,-75.455730,city
73059,CIRCLE K #4705626,"I-77/US-62, EXIT 105 & SR-172",Canton,OH,249,3.45900,1,3.45900,3.45900,40.798950,-81.378450,city
73061,Circle K #2709045,"US-62 & SR-375, EXIT 39",El Paso,TX,640,3.20233,1,3.20233,3.20233,31.758720,-106.486930,city
73062,CIRCLE K #2741849,SR-358 & SR-286,Corpus Christi,TX,625,3.12400,1,3.12400,3.12400,27.800580,-97.396380,city
73063,HOLIDAY STATIONSTORE #2746223,"I-35, EXIT 135 & US-61",Andover,MN,448,3.49900,1,3.49900,3.49900,45.233300,-93.291340,city
73064,7-ELEVEN #42315,"I-85, Exit 88",Lexington,NC,765,3.39900,1,3.39900,3.39900,35.824030,-80.253380,city
73065,RACETRAC #2631,"I-75, EXIT 285 & US-41/SR-3",Emerson,GA,193,2.88733,1,2.88733,2.88733,34.127040,-84.755490,city
73066,QUIKTRIP #1499,I-10 EXIT 267,Tucson,AZ,980,3.06233,1,3.06233,3.06233,32.221740,-110.926480,city
73067,J STARR,I-29 EXIT 8,Hankinson,ND,341,3.49900,1,3.49900,3.49900,46.069680,-96.901750,city
73068,MAVERIK #5369,SR 21,Colorado Springs,CO,796,3.49900,1,3.49900,3.49900,38.833880,-104.821360,city
73071,7-Eleven #42340,SR-340/SR-6,Woodway,TX,765,2.93233,1,2.93233,2.93233,31.506000,-97.205010,city
73072,QUIKTRIP #7204,"I-57, EXIT 337 & SR-50",University Park,IL,365,3.16900,3,3.07900,3.24900,41.442980,-87.683600,city
73073,QUIKTRIP #7075,"I-16/SR-404, EXIT 51 & US-441",Dublin,GA,85,2.99900,1,2.99900,2.99900,32.540440,-82.903750,city
73074,RACETRAC #2641,HWY 59 & FM 989,Texarkana,TX,723,2.85733,1,2.85733,2.85733,33.425130,-94.047690,city
73075,ALLSUPS CONVENIENCE STORE #2470,SR 18,Eunice,NM,710,3.09900,1,3.09900,3.09900,32.437340,-103.159080,city
73076,MAVERIK #5148,US 40,Kremmling,CO,800,3.67900,1,3.67900,3.67900,40.058870,-106.388920,city
73078,Shelee's Travel Center,"I-10, Exit 146",Coachella,CA,900,3.95400,2,3.94900,3.95900,33.680300,-116.173890,city
73079,PILOT DEALER #1433,I-10 EXIT 160,Chandler,AZ,930,3.50150,2,3.49900,3.50400,33.306160,-111.841250,city
73080,Circle K #2707255,"I-75, Exit 60",Tifton,GA,10,3.06233,1,3.06233,3.06233,31.450460,-83.508500,city
73081,ALLSUPS #2476,I-40 EXIT 38 & SR 6,Elk City,OK,483,2.93067,1,2.93067,2.93067,35.411990,-99.404260,city
73082,KWIK STAR #1153,US 71,Milford,IA,433,3.32400,1,3.32400,3.32400,43.324690,-95.150000,city
73083,Kwik Star #1213,I-380 EXIT 2,North Liberty,IA,380,3.15900,1,3.15900,3.15900,41.749180,-91.597950,city
73084,Kwik Trip #747,I-94 ALT & US-12,Baldwin,WI,448,3.49900,1,3.49900,3.49900,44.966630,-92.374360,city
73085,Loves Travel Stop #550,I-75 EXIT 13,Valdosta,GA,982,3.22233,1,3.22233,3.22233,30.833340,-83.280320,city
73088,Pilot Travel Center #1390,I-16 Exit  143,Ellabell,GA,135,3.29567,2,3.28567,3.30567,32.123540,-81.485670,city
73090,Quiktrip #1148,I-26 EXIT 53,Flat Rock,NC,210,2.84900,1,2.84900,2.84900,35.271230,-82.441510,city
73092,QUIKTRIP #4042,I-10,Converse,TX,740,2.94567,1,2.94567,2.94567,29.518010,-98.316120,city
73093,GAS N WASH,I-355 EXIT 7,Lockport,IL,365,3.44900,2,3.39900,3.49900,41.589480,-88.057840,city
73094,MARATHON,US-24,Taylor,MI,325,3.51900,2,3.49900,3.53900,42.240870,-83.269650,city
73095,Quiktrip #7250,US 49,Richland,MS,760,2.91567,1,2.91567,2.91567,32.239040,-90.158420,city
73096,KWIK TRIP #748,US 8,Barron,WI,295,3.64733,1,3.64733,3.64733,45.401350,-91.849060,city
73098,KWIK TRIP #1269,SR 27,Cadott,WI,448,3.40067,1,3.40067,3.40067,44.948020,-91.150700,city
73099,Kwik Star #1296,SR 115,Harrisburg,SD,448,2.93900,1,2.93900,2.93900,43.431370,-96.697270,city
73100,MAVERIK #747,I-215 Exit 21,Salt Lake City,UT,835,3.39233,1,3.39233,3.39233,40.760780,-111.891050,city
73101,7-ELEVEN 42279,"I-76, Exit 39",Keenesburg,CO,800,3.14900,1,3.14900,3.14900,40.108320,-104.519960,city
73103,RaceTrac #2654,I-20 EXIT 130,Greensboro,GA,16,3.39900,1,3.39900,3.39900,33.575680,-83.182380,city
73106,ALLSUPS CONVENIENCE STORE #2472,US-75,Atoka,OK,253,2.96733,1,2.96733,2.96733,34.385930,-96.128330,city
73112,SHEETZ #831,I-26 EXIT 44 & US 25,Hendersonville,NC,210,2.85900,1,2.85900,2.85900,35.318730,-82.460950,city
73114,ROAD RANGER #319,"I-35E, EXIT 381",Milford,TX,630,3.03067,1,3.03067,3.03067,32.124600,-96.945280,city
73117,MAVERIK #722,"I-29, EXIT 304",Baker City,OR,925,3.45900,1,3.45900,3.45900,44.774870,-117.834380,city
73118,ALLSUPS #2432,US 287 & SR 34,Ennis,TX,630,2.92900,1,2.92900,2.92900,32.329310,-96.625270,city
73119,Stinker #122,I-84 EXIT 36,Nampa,ID,785,3.40233,1,3.40233,3.40233,43.540720,-116.563460,city
73120,Kwik Star #1184,US 61,Dubuque,IA,335,3.48900,1,3.48900,3.48900,42.500560,-90.664570,city
73125,KWIK TRIP #1283,SR 83 & W CAPITOL DR,Hartland,WI,444,3.74900,1,3.74900,3.74900,43.105010,-88.342040,city
73126,Kwik Trip #1298,US 10,Mondovi,WI,295,3.34900,1,3.34900,3.34900,44.567740,-91.670990,city
73127,Gas N Wash,"I-55, EXIT 285",Chicago,IL,290,3.39900,1,3.39900,3.39900,41.850030,-87.650050,city
73128,ALLSUPS CONVENIENCE STORE #2477,HWY 69 & 11th st,Kiowa,OK,253,2.95733,1,2.95733,2.95733,34.720650,-95.899160,city
73129,SHEETZ #837,I-94,Romulus,MI,325,3.09900,1,3.09900,3.09900,42.222260,-83.396600,city
73130,A One Stop,"I-45, EXIT 246",Ennis,TX,630,2.93567,1,2.93567,2.93567,32.329310,-96.625270,city
73131,Sheetz #838,"I-85, Exit 71",Salisbury,NC,46,2.85900,1,2.85900,2.85900,35.670970,-80.474230,city
